t,pitch_deg,removed,min_before,min_after,closest_removed
0.000,0.0000,0,2.7410,2.7410,inf
0.100,0.0000,0,2.7312,2.7312,inf
0.200,0.0000,0,2.7416,2.7416,inf
0.300,0.0000,0,2.7404,2.7404,inf
0.400,0.0000,0,2.7397,2.7397,inf
0.500,0.0000,0,2.7292,2.7292,inf
0.600,0.0000,0,2.7381,2.7381,inf
0.700,0.0000,0,2.7321,2.7321,inf
0.800,0.0000,0,2.7247,2.7247,inf
0.900,0.0000,0,2.7298,2.7298,inf
1.000,0.0000,0,2.7323,2.7323,inf
1.100,0.0000,0,2.7288,2.7288,inf
1.200,0.0000,0,2.7331,2.7331,inf
1.300,0.0000,0,2.7352,2.7352,inf
1.400,0.0000,0,2.7224,2.7224,inf
1.500,0.0000,0,2.7314,2.7314,inf
1.600,0.0000,0,2.7458,2.7458,inf
1.700,0.0000,0,2.7232,2.7232,inf
1.800,0.0000,0,2.7258,2.7258,inf
1.900,0.0000,0,2.7391,2.7391,inf
2.000,0.0000,0,2.7389,2.7389,inf
2.100,0.0000,0,2.7348,2.7348,inf
2.200,0.0000,0,2.7362,2.7362,inf
2.300,0.0000,0,2.7377,2.7377,inf
2.400,0.0000,0,2.7410,2.7410,inf
2.500,0.0000,0,2.7429,2.7429,inf
2.600,0.0000,0,2.7331,2.7331,inf
2.700,0.0000,0,2.7348,2.7348,inf
2.800,0.0000,0,2.7355,2.7355,inf
2.900,0.0000,0,2.7318,2.7318,inf
3.000,0.0000,0,2.7398,2.7398,inf
3.100,0.0000,0,2.7302,2.7302,inf
3.200,0.0000,0,2.7336,2.7336,inf
3.300,0.0000,0,2.7285,2.7285,inf
3.400,0.0000,0,2.7370,2.7370,inf
3.500,0.0000,0,2.7444,2.7444,inf
3.600,0.0000,0,2.7306,2.7306,inf
3.700,0.0000,0,2.7338,2.7338,inf
3.800,0.0000,0,2.7248,2.7248,inf
3.900,0.0000,0,2.7284,2.7284,inf
4.000,0.0000,0,2.7328,2.7328,inf
4.100,0.0000,0,2.7437,2.7437,inf
4.200,0.0000,0,2.7428,2.7428,inf
4.300,0.0000,0,2.7374,2.7374,inf
4.400,0.0000,0,2.7365,2.7365,inf
4.500,0.0000,0,2.7266,2.7266,inf
4.600,0.0000,0,2.7368,2.7368,inf
4.700,0.0000,0,2.7433,2.7433,inf
4.800,0.0000,0,2.7436,2.7436,inf
4.900,0.0000,0,2.7388,2.7388,inf
5.000,0.0000,0,2.7382,2.7382,inf
5.100,0.0000,0,2.7447,2.7447,inf
5.200,0.0000,0,2.7449,2.7449,inf
5.300,0.0000,0,2.7390,2.7390,inf
5.400,0.0000,0,2.7287,2.7287,inf
5.500,0.0000,0,2.7365,2.7365,inf
5.600,0.0000,0,2.7325,2.7325,inf
5.700,0.0000,0,2.7312,2.7312,inf
5.800,0.0000,0,2.7293,2.7293,inf
5.900,0.0000,0,2.7448,2.7448,inf
6.000,0.0000,0,2.7288,2.7288,inf
6.100,0.0000,0,2.7326,2.7326,inf
6.200,0.0000,0,2.7294,2.7294,inf
6.300,0.0000,0,2.7381,2.7381,inf
6.400,0.0000,0,2.7394,2.7394,inf
6.500,0.0000,0,2.7393,2.7393,inf
6.600,0.0000,0,2.7363,2.7363,inf
6.700,0.0000,0,2.7434,2.7434,inf
6.800,0.0000,0,2.7252,2.7252,inf
6.900,0.0000,0,2.7343,2.7343,inf
7.000,0.0000,0,2.7379,2.7379,inf
7.100,0.0000,0,2.7287,2.7287,inf
7.200,0.0000,0,2.7334,2.7334,inf
7.300,0.0000,0,2.7336,2.7336,inf
7.400,0.0000,0,2.7278,2.7278,inf
7.500,0.0000,0,2.7302,2.7302,inf
7.600,0.0000,0,2.7240,2.7240,inf
7.700,0.0000,0,2.7305,2.7305,inf
7.800,0.0000,0,2.7326,2.7326,inf
7.900,0.0000,0,2.7317,2.7317,inf
8.000,0.0000,0,2.7334,2.7334,inf
8.100,0.0000,0,2.7336,2.7336,inf
8.300,0.0000,0,2.7325,2.7325,inf
8.400,0.0000,0,2.7305,2.7305,inf
8.500,0.0000,0,2.7349,2.7349,inf
8.600,0.0000,0,2.7305,2.7305,inf
8.700,0.0000,0,2.7351,2.7351,inf
8.800,0.0000,0,2.7282,2.7282,inf
8.900,0.0000,0,2.7325,2.7325,inf
9.000,0.0000,0,2.7339,2.7339,inf
9.100,0.0000,0,2.7310,2.7310,inf
9.200,0.0000,0,2.7345,2.7345,inf
9.300,0.0000,0,2.7357,2.7357,inf
9.400,0.0000,0,2.7322,2.7322,inf
9.500,0.0000,0,2.7357,2.7357,inf
9.600,0.0000,0,2.7362,2.7362,inf
9.700,0.0000,0,2.7321,2.7321,inf
9.800,0.0000,0,2.7354,2.7354,inf
9.900,0.0000,0,2.7305,2.7305,inf
10.000,0.0000,0,2.7313,2.7313,inf
10.100,0.0000,0,2.7395,2.7395,inf
10.200,0.0000,0,2.7396,2.7396,inf
10.300,0.0000,0,2.7433,2.7433,inf
10.400,0.0000,0,2.7381,2.7381,inf
10.500,0.0000,0,2.7375,2.7375,inf
10.600,0.0000,0,2.7361,2.7361,inf
10.700,0.0000,0,2.7295,2.7295,inf
10.800,0.0000,0,2.7395,2.7395,inf
10.900,0.0000,0,2.7436,2.7436,inf
11.000,0.0000,0,2.7352,2.7352,inf
11.100,0.0000,0,2.7418,2.7418,inf
11.200,0.0000,0,2.7196,2.7196,inf
11.300,0.0000,0,2.7371,2.7371,inf
11.400,0.0000,0,2.7327,2.7327,inf
11.500,0.0000,0,2.7285,2.7285,inf
11.600,0.0000,0,2.7325,2.7325,inf
11.700,0.0000,0,2.7372,2.7372,inf
11.800,0.0000,0,2.7270,2.7270,inf
11.900,0.0000,0,2.7400,2.7400,inf
12.000,0.0000,0,2.7397,2.7397,inf
12.100,0.0000,0,2.7390,2.7390,inf
12.200,0.0000,0,2.7371,2.7371,inf
12.300,0.0000,0,2.7376,2.7376,inf
12.400,0.0000,0,2.7277,2.7277,inf
12.500,0.0000,0,2.7345,2.7345,inf
12.600,0.0000,0,2.7340,2.7340,inf
12.700,0.0000,0,2.7450,2.7450,inf
12.800,0.0000,0,2.7391,2.7391,inf
12.900,0.0000,0,2.7276,2.7276,inf
13.000,0.0000,0,2.7296,2.7296,inf
13.100,0.0000,0,2.7338,2.7338,inf
13.200,0.0000,0,2.7380,2.7380,inf
13.300,0.0000,0,2.7325,2.7325,inf
13.400,0.0000,0,2.7361,2.7361,inf
13.500,0.0000,0,2.7275,2.7275,inf
13.600,0.0000,0,2.7346,2.7346,inf
13.700,0.0000,0,2.7275,2.7275,inf
13.800,0.0000,0,2.7323,2.7323,inf
13.900,0.0000,0,2.7330,2.7330,inf
14.000,0.0000,0,2.7405,2.7405,inf
14.100,0.0000,0,2.7347,2.7347,inf
14.200,0.0000,0,2.7392,2.7392,inf
14.300,0.0000,0,2.7349,2.7349,inf
14.400,0.0000,0,2.7338,2.7338,inf
14.500,0.0000,0,2.7380,2.7380,inf
14.600,0.0000,0,2.7364,2.7364,inf
14.700,0.0000,0,2.7271,2.7271,inf
14.800,0.0000,0,2.7357,2.7357,inf
14.900,0.0000,0,2.7347,2.7347,inf
15.000,0.0000,0,2.7357,2.7357,inf
15.100,0.0000,0,2.7281,2.7281,inf
15.200,0.0000,0,2.7360,2.7360,inf
15.300,0.0000,0,2.7295,2.7295,inf
15.400,0.0000,0,2.7309,2.7309,inf
15.500,0.0000,0,2.7324,2.7324,inf
15.600,0.0000,0,2.7464,2.7464,inf
15.700,0.0000,0,2.7357,2.7357,inf
15.800,0.0000,0,2.7258,2.7258,inf
15.900,0.0000,0,2.7339,2.7339,inf
16.000,0.0000,0,2.7245,2.7245,inf
16.100,0.0000,0,2.7257,2.7257,inf
16.200,0.0000,0,2.7359,2.7359,inf
16.300,0.0000,0,2.7338,2.7338,inf
16.400,0.0000,0,2.7302,2.7302,inf
16.500,0.0000,0,2.7385,2.7385,inf
16.600,0.0000,0,2.7274,2.7274,inf
16.700,0.0000,0,2.7310,2.7310,inf
16.800,0.0000,0,2.7324,2.7324,inf
16.900,0.0000,0,2.7287,2.7287,inf
17.000,0.0000,0,2.7259,2.7259,inf
17.100,0.0000,0,2.7296,2.7296,inf
17.200,0.0000,0,2.7328,2.7328,inf
17.300,0.0000,0,2.7303,2.7303,inf
17.400,0.0000,0,2.7353,2.7353,inf
17.500,0.0000,0,2.7367,2.7367,inf
17.600,0.0000,0,2.7384,2.7384,inf
17.700,0.0000,0,2.7328,2.7328,inf
17.800,0.0000,0,2.7306,2.7306,inf
17.900,0.0000,0,2.7336,2.7336,inf
18.000,0.0000,0,2.7197,2.7197,inf
18.100,0.0000,0,2.7340,2.7340,inf
18.200,0.0000,0,2.7338,2.7338,inf
18.300,0.0000,0,2.7328,2.7328,inf
18.400,0.0000,0,2.7249,2.7249,inf
18.500,0.0000,0,2.7372,2.7372,inf
18.600,0.0000,0,2.7366,2.7366,inf
18.700,0.0000,0,2.7200,2.7200,inf
18.800,0.0000,0,2.7381,2.7381,inf
18.900,0.0000,0,2.7413,2.7413,inf
19.000,0.0000,0,2.7322,2.7322,inf
19.100,0.0000,0,2.7369,2.7369,inf
19.200,0.0000,0,2.7388,2.7388,inf
19.300,0.0000,0,2.7428,2.7428,inf
19.400,0.0000,0,2.7393,2.7393,inf
19.500,0.0000,0,2.7392,2.7392,inf
19.600,0.0000,0,2.7405,2.7405,inf
19.700,0.0000,0,2.7361,2.7361,inf
19.800,0.0000,0,2.7319,2.7319,inf
19.900,0.0000,0,2.7265,2.7265,inf
20.000,0.0000,0,2.7409,2.7409,inf
20.100,0.0000,0,2.7425,2.7425,inf
20.200,0.0000,0,2.7353,2.7353,inf
20.300,0.0000,0,2.7284,2.7284,inf
20.400,0.0000,0,2.7185,2.7185,inf
20.500,0.0000,0,2.7299,2.7299,inf
20.600,0.0000,0,2.7374,2.7374,inf
20.700,0.0000,0,2.7316,2.7316,inf
20.800,0.0000,0,2.7268,2.7268,inf
20.900,0.0000,0,2.7368,2.7368,inf
21.000,0.0000,0,2.7276,2.7276,inf
21.100,0.0000,0,2.7394,2.7394,inf
21.200,0.0000,0,2.7371,2.7371,inf
21.300,0.0000,0,2.7309,2.7309,inf
21.400,0.0000,0,2.7416,2.7416,inf
21.500,0.0000,0,2.7349,2.7349,inf
21.600,0.0000,0,2.7291,2.7291,inf
21.700,0.0000,0,2.7168,2.7168,inf
21.800,0.0000,0,2.7285,2.7285,inf
21.900,0.0000,0,2.7321,2.7321,inf
22.000,0.0000,0,2.7341,2.7341,inf
22.100,0.0000,0,2.7403,2.7403,inf
22.200,0.0000,0,2.7369,2.7369,inf
22.300,0.0000,0,2.7358,2.7358,inf
22.400,0.0000,0,2.7257,2.7257,inf
22.500,0.0000,0,2.7398,2.7398,inf
22.600,0.0000,0,2.7333,2.7333,inf
22.700,0.0000,0,2.7262,2.7262,inf
22.800,0.0000,0,2.7323,2.7323,inf
22.900,0.0000,0,2.7260,2.7260,inf
23.000,0.0000,0,2.7389,2.7389,inf
23.100,0.0000,0,2.7431,2.7431,inf
23.200,0.0000,0,2.7379,2.7379,inf
23.300,0.0000,0,2.7306,2.7306,inf
23.400,0.0000,0,2.7454,2.7454,inf
23.500,0.0000,0,2.7336,2.7336,inf
23.600,0.0000,0,2.7231,2.7231,inf
23.700,0.0000,0,2.7385,2.7385,inf
23.800,0.0000,0,2.7333,2.7333,inf
23.900,0.0000,0,2.7379,2.7379,inf
24.000,0.0000,0,2.7343,2.7343,inf
24.100,0.0000,0,2.7333,2.7333,inf
24.200,0.0000,0,2.7335,2.7335,inf
24.300,0.0000,0,2.7355,2.7355,inf
24.400,0.0000,0,2.7310,2.7310,inf
24.500,0.0000,0,2.7363,2.7363,inf
24.600,0.0000,0,2.7265,2.7265,inf
24.700,0.0000,0,2.7315,2.7315,inf
24.800,0.0000,0,2.7375,2.7375,inf
24.900,0.0000,0,2.7370,2.7370,inf
25.000,0.0000,0,2.7331,2.7331,inf
25.100,0.0000,0,2.7344,2.7344,inf
25.200,0.0000,0,2.7345,2.7345,inf
25.300,0.0000,0,2.7352,2.7352,inf
25.400,0.0000,0,2.7366,2.7366,inf
25.500,0.0000,0,2.7164,2.7164,inf
25.600,0.0000,0,2.7279,2.7279,inf
25.700,0.0000,0,2.7390,2.7390,inf
25.800,0.0000,0,2.7326,2.7326,inf
25.900,0.0000,0,2.7416,2.7416,inf
26.000,0.0000,0,2.7403,2.7403,inf
26.100,0.0000,0,2.7385,2.7385,inf
26.200,0.0000,0,2.7296,2.7296,inf
26.300,0.0000,0,2.7245,2.7245,inf
26.400,0.0000,0,2.7286,2.7286,inf
26.500,0.0000,0,2.7375,2.7375,inf
26.600,0.0000,0,2.7225,2.7225,inf
26.700,0.0000,0,2.7371,2.7371,inf
26.800,0.0000,0,2.7205,2.7205,inf
26.900,0.0000,0,2.7374,2.7374,inf
27.000,0.0000,0,2.7358,2.7358,inf
27.100,0.0000,0,2.7298,2.7298,inf
27.200,0.0000,0,2.7276,2.7276,inf
27.300,0.0000,0,2.7386,2.7386,inf
27.400,0.0000,0,2.7396,2.7396,inf
27.500,0.0000,0,2.7368,2.7368,inf
27.600,0.0000,0,2.7372,2.7372,inf
27.700,0.0000,0,2.7368,2.7368,inf
27.800,0.0000,0,2.7298,2.7298,inf
27.900,0.0000,0,2.7348,2.7348,inf
28.000,0.0000,0,2.7377,2.7377,inf
28.100,0.0000,0,2.7189,2.7189,inf
28.200,0.0000,0,2.7264,2.7264,inf
28.300,0.0000,0,2.7331,2.7331,inf
28.400,0.0000,0,2.7351,2.7351,inf
28.500,0.0000,0,2.7258,2.7258,inf
28.600,0.0000,0,2.7386,2.7386,inf
28.700,0.0000,0,2.7333,2.7333,inf
28.800,0.0000,0,2.7359,2.7359,inf
28.900,0.0000,0,2.7420,2.7420,inf
29.000,0.0000,0,2.7342,2.7342,inf
29.100,0.0000,0,2.7370,2.7370,inf
29.200,0.0000,0,2.7355,2.7355,inf
29.300,0.0000,0,2.7363,2.7363,inf
29.400,0.0000,0,2.7381,2.7381,inf
29.500,0.0000,0,2.7254,2.7254,inf
29.600,0.0000,0,2.7285,2.7285,inf
29.700,0.0000,0,2.7402,2.7402,inf
29.800,0.0000,0,2.7367,2.7367,inf
29.900,0.0000,0,2.7390,2.7390,inf
30.000,0.0000,0,2.7371,2.7371,inf
30.100,0.0000,0,2.7410,2.7410,inf
30.200,0.0000,0,2.7377,2.7377,inf
30.300,0.0000,0,2.7365,2.7365,inf
30.400,0.0000,0,2.7290,2.7290,inf
30.500,0.0000,0,2.7376,2.7376,inf
30.600,0.0000,0,2.7311,2.7311,inf
30.700,0.0000,0,2.7388,2.7388,inf
30.800,0.0000,0,2.7329,2.7329,inf
30.900,0.0000,0,2.7384,2.7384,inf
31.000,0.0000,0,2.7262,2.7262,inf
31.100,0.0000,0,2.7369,2.7369,inf
31.200,0.0000,0,2.7370,2.7370,inf
31.300,0.0000,0,2.7290,2.7290,inf
31.400,0.0000,0,2.7396,2.7396,inf
31.500,0.0000,0,2.7408,2.7408,inf
31.600,0.0000,0,2.7413,2.7413,inf
31.700,0.0000,0,2.7367,2.7367,inf
31.800,0.0000,0,2.7242,2.7242,inf
31.900,0.0000,0,2.7384,2.7384,inf
32.000,0.0000,0,2.7313,2.7313,inf
32.100,0.0000,0,2.7416,2.7416,inf
32.200,0.0000,0,2.7284,2.7284,inf
32.300,0.0000,0,2.7251,2.7251,inf
32.400,0.0000,0,2.7330,2.7330,inf
32.500,0.0000,0,2.7359,2.7359,inf
32.600,0.0000,0,2.7291,2.7291,inf
32.700,0.0000,0,2.7347,2.7347,inf
32.800,0.0000,0,2.7440,2.7440,inf
32.900,0.0000,0,2.7231,2.7231,inf
33.000,0.0000,0,2.7404,2.7404,inf
33.100,0.0000,0,2.7312,2.7312,inf
33.200,0.0000,0,2.7378,2.7378,inf
33.300,0.0000,0,2.7381,2.7381,inf
33.400,0.0000,0,2.7316,2.7316,inf
33.500,0.0000,0,2.7335,2.7335,inf
33.600,0.0000,0,2.7310,2.7310,inf
33.700,0.0000,0,2.7321,2.7321,inf
33.800,0.0000,0,2.7370,2.7370,inf
33.900,0.0000,0,2.7244,2.7244,inf
34.000,0.0000,0,2.7361,2.7361,inf
34.100,0.0000,0,2.7353,2.7353,inf
34.200,0.0000,0,2.7335,2.7335,inf
34.300,0.0000,0,2.7335,2.7335,inf
34.400,0.0000,0,2.7321,2.7321,inf
34.500,0.0000,0,2.7368,2.7368,inf
34.600,0.0000,0,2.7337,2.7337,inf
34.700,0.0000,0,2.7376,2.7376,inf
34.800,0.0000,0,2.7260,2.7260,inf
34.900,0.0000,0,2.7326,2.7326,inf
35.000,0.0000,0,2.7380,2.7380,inf
35.100,0.0000,0,2.7300,2.7300,inf
35.200,0.0000,0,2.7342,2.7342,inf
35.300,0.0000,0,2.7406,2.7406,inf
35.400,0.0000,0,2.7378,2.7378,inf
35.500,0.0000,0,2.7371,2.7371,inf
35.600,0.0000,0,2.7406,2.7406,inf
35.700,0.0000,0,2.7383,2.7383,inf
35.800,0.0000,0,2.7366,2.7366,inf
35.900,0.0000,0,2.7322,2.7322,inf
36.000,0.0000,0,2.7393,2.7393,inf
36.100,0.0000,0,2.7261,2.7261,inf
36.200,0.0000,0,2.7277,2.7277,inf
36.300,0.0000,0,2.7407,2.7407,inf
36.400,0.0000,0,2.7372,2.7372,inf
36.500,0.0000,0,2.7324,2.7324,inf
36.600,0.0000,0,2.7319,2.7319,inf
36.700,0.0000,0,2.7369,2.7369,inf
36.800,0.0000,0,2.7269,2.7269,inf
36.900,0.0000,0,2.7311,2.7311,inf
37.000,0.0000,0,2.7326,2.7326,inf
37.100,0.0000,0,2.7389,2.7389,inf
37.200,0.0000,0,2.7308,2.7308,inf
37.300,0.0000,0,2.7373,2.7373,inf
37.400,0.0000,0,2.7389,2.7389,inf
37.500,0.0000,0,2.7468,2.7468,inf
37.600,0.0000,0,2.7378,2.7378,inf
37.700,0.0000,0,2.7427,2.7427,inf
37.800,0.0000,0,2.7413,2.7413,inf
37.900,0.0000,0,2.7509,2.7509,inf
38.000,0.0000,0,2.7564,2.7564,inf
38.100,0.0000,0,2.7391,2.7391,inf
38.200,0.0000,0,2.7526,2.7526,inf
38.300,0.0000,0,2.7501,2.7501,inf
38.400,0.0000,0,2.7590,2.7590,inf
38.500,0.0000,0,2.7587,2.7587,inf
38.600,0.0000,0,2.7587,2.7587,inf
38.700,0.0000,0,2.7642,2.7642,inf
38.800,0.0000,0,2.7817,2.7817,inf
38.900,0.0000,0,2.7841,2.7841,inf
39.000,0.0000,0,2.7777,2.7777,inf
39.100,0.0000,0,2.7986,2.7986,inf
39.200,0.0000,0,2.8118,2.8118,inf
39.300,0.0000,0,2.7795,2.7795,inf
39.400,0.0000,0,2.8158,2.8158,inf
39.500,0.0000,0,2.7998,2.7998,inf
39.600,0.0000,0,2.7916,2.7916,inf
39.700,0.0000,0,2.7960,2.7960,inf
39.800,0.0000,0,2.8043,2.8043,inf
39.900,0.0000,0,2.7868,2.7868,inf
40.000,0.0000,0,2.7980,2.7980,inf
40.100,0.0000,0,2.8076,2.8076,inf
40.200,0.0000,0,2.7912,2.7912,inf
40.300,0.0000,0,2.7894,2.7894,inf
40.400,0.0000,0,2.7885,2.7885,inf
40.500,0.0000,0,2.7994,2.7994,inf
40.600,0.0000,0,2.7727,2.7727,inf
40.700,0.0000,0,2.7886,2.7886,inf
40.800,0.0000,0,2.7929,2.7929,inf
40.900,0.0000,0,2.8061,2.8061,inf
41.000,0.0000,0,2.7928,2.7928,inf
41.100,0.0000,0,2.8060,2.8060,inf
41.200,0.0000,0,2.7899,2.7899,inf
41.300,0.0000,0,2.7883,2.7883,inf
41.400,0.0000,0,2.7928,2.7928,inf
41.500,0.0000,0,2.7926,2.7926,inf
41.600,0.0000,0,2.7999,2.7999,inf
41.700,0.0000,0,2.7982,2.7982,inf
41.800,0.0000,0,2.8006,2.8006,inf
41.900,0.0000,0,2.7953,2.7953,inf
42.000,0.0000,0,2.7923,2.7923,inf
42.100,0.0000,0,2.7977,2.7977,inf
42.200,0.0000,0,2.7890,2.7890,inf
42.300,0.0000,0,2.7882,2.7882,inf
42.400,0.0000,0,2.7732,2.7732,inf
42.500,0.0000,0,2.7982,2.7982,inf
42.600,0.0000,0,2.7961,2.7961,inf
42.700,0.0000,0,2.7920,2.7920,inf
42.800,0.0000,0,2.7987,2.7987,inf
42.900,0.0000,0,2.8055,2.8055,inf
43.000,0.0000,0,2.8061,2.8061,inf
43.100,0.0000,0,2.7822,2.7822,inf
43.200,0.0000,0,2.7912,2.7912,inf
43.300,0.0000,0,2.8189,2.8189,inf
43.400,0.0000,0,2.8026,2.8026,inf
43.500,0.0000,0,2.7941,2.7941,inf
43.600,0.0000,0,2.7941,2.7941,inf
43.700,0.0000,0,2.8023,2.8023,inf
43.800,0.0000,0,2.7990,2.7990,inf
43.900,0.0000,0,2.8019,2.8019,inf
44.000,0.0000,0,2.8074,2.8074,inf
44.100,0.0000,0,2.7947,2.7947,inf
44.200,0.0000,0,2.8002,2.8002,inf
44.300,0.0000,0,2.7976,2.7976,inf
44.400,0.0000,0,2.7893,2.7893,inf
44.500,0.0000,0,2.7909,2.7909,inf
44.600,0.0000,0,2.7959,2.7959,inf
44.700,0.0000,0,2.7989,2.7989,inf
44.800,0.0000,0,2.7872,2.7872,inf
44.900,0.0000,0,2.7865,2.7865,inf
45.000,0.0000,0,2.7945,2.7945,inf
45.100,0.0000,0,2.7988,2.7988,inf
45.200,0.0000,0,2.7994,2.7994,inf
45.300,0.0000,0,2.8007,2.8007,inf
45.400,0.0000,0,2.8000,2.8000,inf
45.500,0.0000,0,2.8061,2.8061,inf
45.600,0.0000,0,2.7918,2.7918,inf
45.700,0.0000,0,2.8013,2.8013,inf
45.800,0.0000,0,2.7968,2.7968,inf
45.900,0.0000,0,2.7918,2.7918,inf
46.000,0.0000,0,2.7927,2.7927,inf
46.100,0.0000,0,2.7928,2.7928,inf
46.200,0.0000,0,2.7977,2.7977,inf
46.300,0.0000,0,2.7976,2.7976,inf
46.400,0.0000,0,2.8054,2.8054,inf
46.500,0.0000,0,2.7951,2.7951,inf
46.600,0.0000,0,2.8030,2.8030,inf
46.700,0.0000,0,2.7889,2.7889,inf
46.800,0.0000,0,2.8012,2.8012,inf
46.900,0.0000,0,2.7862,2.7862,inf
47.000,0.0000,0,2.7963,2.7963,inf
47.100,0.0000,0,2.7914,2.7914,inf
47.200,0.0000,0,2.7755,2.7755,inf
47.300,0.0000,0,2.7972,2.7972,inf
47.400,0.0000,0,2.7978,2.7978,inf
47.500,0.0000,0,2.7907,2.7907,inf
47.600,0.0000,0,2.7723,2.7723,inf
47.700,0.0000,0,2.7934,2.7934,inf
47.800,0.0000,0,2.7928,2.7928,inf
47.900,0.0000,0,2.7871,2.7871,inf
48.000,0.0000,0,2.7731,2.7731,inf
48.100,0.0000,0,2.7750,2.7750,inf
48.200,0.0000,0,2.7828,2.7828,inf
48.300,0.0000,0,2.7834,2.7834,inf
48.400,0.0000,0,2.7788,2.7788,inf
48.500,0.0000,0,2.7767,2.7767,inf
48.600,0.0000,0,2.7846,2.7846,inf
48.700,0.0000,0,2.7747,2.7747,inf
48.800,0.0000,0,2.7781,2.7781,inf
48.900,0.0000,0,2.7796,2.7796,inf
49.000,0.0000,0,2.7747,2.7747,inf
49.100,0.0000,0,2.7797,2.7797,inf
49.200,0.0000,0,2.7840,2.7840,inf
49.300,0.0000,0,2.7877,2.7877,inf
49.400,0.0000,0,2.7679,2.7679,inf
49.500,0.0000,0,2.7771,2.7771,inf
49.600,0.0000,0,2.7759,2.7759,inf
49.700,0.0000,0,2.7755,2.7755,inf
49.800,0.0000,0,2.7637,2.7637,inf
49.900,0.0000,0,2.7786,2.7786,inf
50.000,0.0000,0,2.7763,2.7763,inf
50.100,0.0000,0,2.7757,2.7757,inf
50.200,0.0000,0,2.7786,2.7786,inf
50.300,0.0000,0,2.7684,2.7684,inf
50.400,0.0000,0,2.7774,2.7774,inf
50.500,0.0000,0,2.7730,2.7730,inf
50.600,0.0000,0,2.7723,2.7723,inf
50.700,0.0000,0,2.7769,2.7769,inf
50.800,0.0000,0,2.7490,2.7490,inf
50.900,0.0000,0,2.7824,2.7824,inf
51.000,0.0000,0,2.7611,2.7611,inf
51.100,0.0000,0,2.7651,2.7651,inf
51.200,0.0000,0,2.7747,2.7747,inf
51.300,0.0000,0,2.7692,2.7692,inf
51.400,0.0000,0,2.7789,2.7789,inf
51.500,0.0000,0,2.7877,2.7877,inf
51.600,0.0000,0,2.7623,2.7623,inf
51.700,0.0000,0,2.7798,2.7798,inf
51.800,0.0000,0,2.7720,2.7720,inf
51.900,0.0000,0,2.7643,2.7643,inf
52.000,0.0000,0,2.7824,2.7824,inf
52.100,0.0000,0,2.7632,2.7632,inf
52.200,0.0000,0,2.7751,2.7751,inf
52.300,0.0000,0,2.7675,2.7675,inf
52.400,0.0000,0,2.7775,2.7775,inf
52.500,0.0000,0,2.7575,2.7575,inf
52.600,0.0000,0,2.7695,2.7695,inf
52.700,0.0000,0,2.7684,2.7684,inf
52.800,0.0000,0,2.7702,2.7702,inf
52.900,0.0000,0,2.7544,2.7544,inf
53.000,0.0000,0,2.7587,2.7587,inf
53.100,0.0000,0,2.7579,2.7579,inf
53.200,0.0000,0,2.7766,2.7766,inf
53.300,0.0000,0,2.7699,2.7699,inf
53.400,0.0000,0,2.7629,2.7629,inf
53.500,0.0000,0,2.7582,2.7582,inf
53.600,0.0000,0,2.7581,2.7581,inf
53.700,0.0000,0,2.7709,2.7709,inf
53.800,0.0000,0,2.7588,2.7588,inf
53.900,0.0000,0,2.7615,2.7615,inf
54.000,0.0000,0,2.7557,2.7557,inf
54.100,0.0000,0,2.7622,2.7622,inf
54.200,0.0000,0,2.7685,2.7685,inf
54.300,0.0000,0,2.7529,2.7529,inf
54.400,0.0000,0,2.7738,2.7738,inf
54.500,0.0000,0,2.7659,2.7659,inf
54.600,0.0000,0,2.7595,2.7595,inf
54.700,0.0000,0,2.7666,2.7666,inf
54.800,0.0000,0,2.7685,2.7685,inf
54.900,0.0000,0,2.7630,2.7630,inf
55.000,0.0000,0,2.7548,2.7548,inf
55.100,0.0000,0,2.7577,2.7577,inf
55.200,0.0000,0,2.7581,2.7581,inf
55.300,0.0000,0,2.7641,2.7641,inf
55.400,0.0000,0,2.7571,2.7571,inf
55.500,0.0000,0,2.7634,2.7634,inf
55.600,0.0000,0,2.7557,2.7557,inf
55.700,0.0000,0,2.7556,2.7556,inf
55.800,0.0000,0,2.7569,2.7569,inf
55.900,0.0000,0,2.7627,2.7627,inf
56.000,0.0000,0,2.7457,2.7457,inf
56.100,0.0000,0,2.7510,2.7510,inf
56.200,0.0000,0,2.7480,2.7480,inf
56.300,0.0000,0,2.7566,2.7566,inf
56.400,0.0000,0,2.7458,2.7458,inf
56.500,0.0000,0,2.7439,2.7439,inf
56.600,0.0000,0,2.7454,2.7454,inf
56.700,0.0000,0,2.7407,2.7407,inf
56.800,0.0000,0,2.7444,2.7444,inf
56.900,0.0000,0,2.7286,2.7286,inf
57.000,0.0000,0,2.7384,2.7384,inf
57.100,0.0000,0,2.7325,2.7325,inf
57.200,0.0000,0,2.7255,2.7255,inf
57.300,0.0000,0,2.7314,2.7314,inf
57.400,0.0000,0,2.7198,2.7198,inf
57.500,0.0000,0,2.7412,2.7412,inf
57.600,0.0000,0,2.7346,2.7346,inf
57.700,0.0000,0,2.7367,2.7367,inf
57.800,0.0000,0,2.7315,2.7315,inf
57.900,0.0000,0,2.7305,2.7305,inf
58.000,0.0000,0,2.7327,2.7327,inf
58.100,0.0000,0,2.7333,2.7333,inf
58.200,0.0000,0,2.7412,2.7412,inf
58.300,0.0000,0,2.7305,2.7305,inf
58.400,0.0000,0,2.7334,2.7334,inf
58.500,0.0000,0,2.7286,2.7286,inf
58.600,0.0000,0,2.7301,2.7301,inf
58.700,0.0000,0,2.7380,2.7380,inf
58.800,0.0000,0,2.7306,2.7306,inf
58.900,0.0000,0,2.7358,2.7358,inf
59.000,0.0000,0,2.7425,2.7425,inf
59.100,0.0000,0,2.7338,2.7338,inf
59.200,0.0000,0,2.7325,2.7325,inf
59.300,0.0000,0,2.7238,2.7238,inf
59.400,0.0000,0,2.7362,2.7362,inf
59.500,0.0000,0,2.7336,2.7336,inf
59.600,0.0000,0,2.6924,2.6924,inf
59.700,0.0000,0,2.6609,2.6609,inf
59.800,0.0000,0,2.6399,2.6399,inf
59.900,0.0000,0,2.5994,2.5994,inf
60.000,0.0000,0,2.5656,2.5656,inf
60.100,0.0000,0,2.5283,2.5283,inf
60.200,0.0000,0,2.5095,2.5095,inf
60.300,0.0000,0,2.4650,2.4650,inf
60.400,0.0000,0,2.4392,2.4392,inf
60.500,0.0000,0,2.4020,2.4020,inf
60.600,0.0000,0,2.3740,2.3740,inf
60.700,-0.4380,0,2.4897,2.4897,inf
60.800,-1.0683,0,2.6918,2.6918,inf
60.900,-1.6959,0,2.7383,2.7383,inf
61.000,-2.3215,0,2.7327,2.7327,inf
61.100,-2.9455,58,2.7300,2.7300,6.2651
61.200,-3.5677,62,2.7352,2.7352,5.3613
61.300,-4.1890,80,2.7396,2.7396,4.6944
61.400,-4.8092,90,2.7382,2.7382,4.1946
61.500,-5.4282,98,2.7354,2.7354,3.7949
61.600,-6.0461,102,2.7307,2.7307,3.4687
61.700,-6.6627,120,2.7298,2.7298,3.1956
61.800,-7.2788,120,2.7194,2.7194,2.9698
61.900,-7.8942,120,2.7353,2.7353,2.7935
62.000,-8.0018,118,2.7377,2.7377,2.7837
62.100,-8.0007,116,2.7335,2.7335,2.8223
62.200,-8.0002,116,2.7348,2.7348,2.8496
62.300,-8.0001,116,2.7382,2.7382,2.8817
62.400,-8.0000,114,2.7307,2.7307,2.9184
62.500,-8.0000,112,2.7356,2.7356,2.9425
62.600,-8.0000,112,2.7346,2.7346,2.9916
62.700,-8.0000,110,2.7313,2.7313,3.0197
62.800,-8.0000,110,2.7400,2.7400,3.0477
62.900,-8.0000,110,2.7410,2.7410,3.0816
63.000,-8.0000,108,2.7292,2.7292,3.1119
63.100,-8.0000,106,2.7301,2.7301,3.1554
63.200,-8.0000,106,2.7429,2.7429,3.1897
63.300,-8.0000,106,2.7210,2.7210,3.2160
63.400,-8.0000,104,2.7393,2.7393,3.2503
63.500,-8.0000,104,2.7396,2.7396,3.2658
63.600,-8.0000,102,2.7368,2.7368,3.3102
63.700,-8.0000,102,2.7354,2.7354,3.3453
63.800,-8.0000,102,2.7412,2.7412,3.3790
63.900,-8.0000,102,2.7325,2.7325,3.4029
64.000,-8.0000,102,2.7396,2.7396,3.4396
64.100,-8.0000,102,2.7409,2.7409,3.4812
64.200,-8.0000,102,2.7342,2.7342,3.5156
64.300,-8.0000,102,2.7295,2.7295,3.5458
64.400,-8.0000,102,2.7500,2.7500,3.5730
64.500,-8.0000,102,2.7319,2.7319,3.5786
64.600,-8.0000,102,2.7540,2.7540,3.5906
64.700,-8.0000,102,2.7398,2.7398,3.5746
64.800,-8.0000,102,2.7574,2.7574,3.5832
64.900,-8.0000,102,2.7522,2.7522,3.5838
65.000,-8.0000,102,2.7612,2.7612,3.5867
65.100,-8.0000,102,2.7690,2.7690,3.5759
65.200,-8.0000,102,2.7749,2.7749,3.5742
65.300,-8.0000,102,2.7570,2.7570,3.5826
65.400,-8.0000,102,2.7897,2.7897,3.5735
65.500,-8.0000,102,2.7921,2.7921,3.5842
65.600,-8.0000,102,2.7947,2.7947,3.5825
65.700,-8.0000,102,2.8042,2.8042,3.5689
65.800,-8.0000,102,2.8030,2.8030,3.5775
65.900,-8.0000,102,2.8042,2.8042,3.5858
66.000,-8.0000,102,2.8200,2.8200,3.5757
66.100,-8.0000,102,2.8125,2.8125,3.5751
66.200,-8.0000,102,2.8421,2.8421,3.5677
66.300,-8.0000,102,2.8544,2.8544,3.5822
66.400,-8.0000,102,2.8646,2.8646,3.5552
66.500,-8.0000,102,2.8546,2.8546,3.5705
66.600,-8.0000,102,2.8704,2.8704,3.5784
66.700,-8.0000,102,2.8805,2.8805,3.5775
66.800,-8.0000,102,2.8847,2.8847,3.5877
66.900,-8.0000,102,2.8872,2.8872,3.5809
67.000,-8.0000,102,2.8948,2.8948,3.5840
67.100,-8.0000,102,2.9294,2.9294,3.5820
67.200,-8.0000,102,2.9224,2.9224,3.5825
67.300,-8.0000,102,2.9363,2.9363,3.5791
67.400,-8.0000,102,2.9098,2.9098,3.5846
67.500,-8.0000,102,2.9186,2.9186,3.5765
67.600,-8.0000,102,2.9193,2.9193,3.5645
67.700,-8.0000,102,2.9247,2.9247,3.5840
67.800,-8.0000,102,2.9328,2.9328,3.5718
67.900,-8.0000,102,2.9212,2.9212,3.5726
68.000,-8.0000,102,2.9255,2.9255,3.5698
68.100,-8.0000,102,2.9270,2.9270,3.5796
68.200,-8.0000,102,2.9433,2.9433,3.5786
68.300,-8.0000,102,2.9386,2.9386,3.5724
68.400,-8.0000,102,2.9402,2.9402,3.5878
68.500,-8.0000,102,2.9331,2.9331,3.5812
68.600,-8.0000,102,2.9505,2.9505,3.5674
68.700,-8.0000,102,2.9286,2.9286,3.5802
68.800,-8.0000,102,2.9451,2.9451,3.5908
68.900,-8.0000,102,2.9372,2.9372,3.5759
69.000,-8.0000,102,2.9432,2.9432,3.5850
69.100,-8.0000,102,2.9339,2.9339,3.5770
69.200,-8.0000,102,2.9425,2.9425,3.5788
69.300,-8.0000,102,2.9436,2.9436,3.5712
69.400,-8.0000,102,2.9456,2.9456,3.5691
69.500,-8.0000,102,2.9401,2.9401,3.5709
69.600,-8.0000,102,2.9505,2.9505,3.5630
69.700,-8.0000,102,2.9499,2.9499,3.5704
69.800,-8.0000,102,2.9405,2.9405,3.5680
69.900,-8.0000,102,2.9493,2.9493,3.5974
70.000,-8.0000,102,2.9529,2.9529,3.5818
70.100,-8.0000,102,2.9581,2.9581,3.5630
70.200,-8.0000,102,2.9598,2.9598,3.5674
70.300,-8.0000,102,2.9615,2.9615,3.5815
70.400,-8.0000,102,2.9483,2.9483,3.5725
70.500,-8.0000,102,2.9585,2.9585,3.5862
70.600,-8.0000,102,2.9518,2.9518,3.5776
70.700,-8.0000,102,2.9606,2.9606,3.5776
70.800,-8.0000,102,2.9596,2.9596,3.5783
70.900,-8.0000,102,2.9543,2.9543,3.5858
71.000,-8.0000,102,2.9553,2.9553,3.5904
71.100,-8.0000,102,2.9643,2.9643,3.5846
71.200,-8.0000,102,2.9711,2.9711,3.5917
71.300,-8.0000,102,2.9730,2.9730,3.5833
71.400,-8.0000,102,2.9706,2.9706,3.5827
71.500,-8.0000,102,2.9617,2.9617,3.5735
71.600,-8.0000,102,2.9710,2.9710,3.5664
71.700,-8.0000,102,2.9488,2.9488,3.5785
71.800,-8.0000,102,2.9610,2.9610,3.5814
71.900,-8.0000,102,2.9700,2.9700,3.5830
72.000,-8.0000,102,2.9666,2.9666,3.5704
72.100,-8.0000,102,2.9788,2.9788,3.5744
-2.100,0.0000,0,2.7368,2.7368,inf
-2.000,0.0000,0,2.7308,2.7308,inf
-1.900,0.0000,0,2.7380,2.7380,inf
-1.800,0.0000,0,2.7448,2.7448,inf
-1.700,0.0000,0,2.7446,2.7446,inf
-1.600,0.0000,0,2.7360,2.7360,inf
-1.500,0.0000,0,2.7427,2.7427,inf
-1.400,0.0000,0,2.7521,2.7521,inf
-1.300,0.0000,0,2.7452,2.7452,inf
-1.100,0.0000,0,2.7433,2.7433,inf
-1.000,0.0000,0,2.7480,2.7480,inf
-0.900,0.0000,0,2.7379,2.7379,inf
-0.800,0.0000,0,2.7527,2.7527,inf
-0.700,0.0000,0,2.7595,2.7595,inf
-0.600,0.0000,0,2.7594,2.7594,inf
-0.500,0.0000,0,2.7706,2.7706,inf
-0.400,0.0000,0,2.7866,2.7866,inf
-0.200,0.0000,0,2.7910,2.7910,inf
-2.200,0.0000,0,2.7399,2.7399,inf
-2.100,0.0000,0,2.7376,2.7376,inf
-2.000,0.0000,0,2.7392,2.7392,inf
-1.900,0.0000,0,2.7394,2.7394,inf
-1.800,0.0000,0,2.7403,2.7403,inf
-1.700,0.0000,0,2.7313,2.7313,inf
-1.600,0.0000,0,2.7394,2.7394,inf
-1.500,0.0000,0,2.7348,2.7348,inf
-1.400,0.0000,0,2.7374,2.7374,inf
-1.300,0.0000,0,2.7303,2.7303,inf
-1.200,0.0000,0,2.7343,2.7343,inf
-1.100,0.0000,0,2.7415,2.7415,inf
-1.000,0.0000,0,2.7248,2.7248,inf
-0.900,0.0000,0,2.7430,2.7430,inf
-0.800,0.0000,0,2.7383,2.7383,inf
-0.700,0.0000,0,2.7327,2.7327,inf
-0.600,0.0000,0,2.7411,2.7411,inf
-0.500,0.0000,0,2.7382,2.7382,inf
-0.400,0.0000,0,2.7401,2.7401,inf
-0.300,0.0000,0,2.7309,2.7309,inf
-0.200,0.0000,0,2.7348,2.7348,inf
-0.100,0.0000,0,2.7292,2.7292,inf
0.000,0.0000,0,2.7377,2.7377,inf
0.100,0.0000,0,2.7349,2.7349,inf
0.200,0.0000,0,2.7372,2.7372,inf
0.300,0.0000,0,2.7373,2.7373,inf
0.400,0.0000,0,2.7339,2.7339,inf
0.500,0.0000,0,2.7366,2.7366,inf
0.600,0.0000,0,2.7329,2.7329,inf
0.700,0.0000,0,2.7371,2.7371,inf
0.800,0.0000,0,2.7323,2.7323,inf
0.900,0.0000,0,2.7398,2.7398,inf
1.000,0.0000,0,2.7262,2.7262,inf
1.100,0.0000,0,2.7368,2.7368,inf
1.200,0.0000,0,2.7365,2.7365,inf
1.300,0.0000,0,2.7414,2.7414,inf
1.400,0.0000,0,2.7371,2.7371,inf
1.500,0.0000,0,2.7393,2.7393,inf
1.600,0.0000,0,2.7376,2.7376,inf
1.700,0.0000,0,2.7389,2.7389,inf
1.900,0.0000,0,2.7318,2.7318,inf
2.000,0.0000,0,2.7333,2.7333,inf
2.100,0.0000,0,2.7263,2.7263,inf
2.200,0.0000,0,2.7413,2.7413,inf
2.300,0.0000,0,2.7287,2.7287,inf
2.400,0.0000,0,2.7307,2.7307,inf
2.500,0.0000,0,2.7401,2.7401,inf
2.600,0.0000,0,2.7256,2.7256,inf
2.700,0.0000,0,2.7295,2.7295,inf
2.800,0.0000,0,2.7355,2.7355,inf
2.900,0.0000,0,2.7259,2.7259,inf
3.000,0.0000,0,2.7374,2.7374,inf
3.100,0.0000,0,2.7338,2.7338,inf
3.200,0.0000,0,2.7203,2.7203,inf
3.300,0.0000,0,2.7390,2.7390,inf
3.400,0.0000,0,2.7348,2.7348,inf
3.500,0.0000,0,2.7377,2.7377,inf
3.600,0.0000,0,2.7361,2.7361,inf
3.700,0.0000,0,2.7393,2.7393,inf
3.800,0.0000,0,2.7360,2.7360,inf
3.900,0.0000,0,2.7347,2.7347,inf
4.000,0.0000,0,2.7362,2.7362,inf
4.100,0.0000,0,2.7427,2.7427,inf
4.200,0.0000,0,2.7408,2.7408,inf
4.300,0.0000,0,2.7276,2.7276,inf
4.400,0.0000,0,2.7384,2.7384,inf
4.500,0.0000,0,2.7372,2.7372,inf
4.600,0.0000,0,2.7389,2.7389,inf
4.700,0.0000,0,2.7345,2.7345,inf
4.800,0.0000,0,2.7304,2.7304,inf
4.900,0.0000,0,2.7380,2.7380,inf
5.000,0.0000,0,2.7264,2.7264,inf
5.100,0.0000,0,2.7338,2.7338,inf
5.200,0.0000,0,2.7325,2.7325,inf
5.300,0.0000,0,2.7284,2.7284,inf
5.400,0.0000,0,2.7389,2.7389,inf
5.500,0.0000,0,2.7389,2.7389,inf
5.600,0.0000,0,2.7351,2.7351,inf
5.700,0.0000,0,2.7185,2.7185,inf
5.800,0.0000,0,2.7248,2.7248,inf
5.900,0.0000,0,2.7356,2.7356,inf
6.000,0.0000,0,2.7265,2.7265,inf
6.100,0.0000,0,2.7369,2.7369,inf
6.200,0.0000,0,2.7337,2.7337,inf
6.300,0.0000,0,2.7239,2.7239,inf
6.400,0.0000,0,2.7396,2.7396,inf
6.500,0.0000,0,2.7305,2.7305,inf
6.600,0.0000,0,2.7387,2.7387,inf
6.700,0.0000,0,2.7296,2.7296,inf
6.800,0.0000,0,2.7347,2.7347,inf
6.900,0.0000,0,2.7301,2.7301,inf
7.000,0.0000,0,2.7447,2.7447,inf
7.100,0.0000,0,2.7306,2.7306,inf
7.200,0.0000,0,2.7334,2.7334,inf
7.300,0.0000,0,2.7360,2.7360,inf
7.400,0.0000,0,2.7292,2.7292,inf
7.500,0.0000,0,2.7409,2.7409,inf
7.600,0.0000,0,2.7297,2.7297,inf
7.700,0.0000,0,2.7358,2.7358,inf
7.800,0.0000,0,2.7366,2.7366,inf
7.900,0.0000,0,2.7333,2.7333,inf
8.000,0.0000,0,2.7310,2.7310,inf
8.100,0.0000,0,2.7339,2.7339,inf
8.200,0.0000,0,2.7337,2.7337,inf
8.300,0.0000,0,2.7311,2.7311,inf
8.400,0.0000,0,2.7229,2.7229,inf
8.500,0.0000,0,2.7436,2.7436,inf
8.600,0.0000,0,2.7391,2.7391,inf
8.700,0.0000,0,2.7495,2.7495,inf
8.800,0.0000,0,2.7378,2.7378,inf
8.900,0.0000,0,2.7370,2.7370,inf
9.000,0.0000,0,2.7428,2.7428,inf
9.100,0.0000,0,2.7355,2.7355,inf
9.200,0.0000,0,2.7359,2.7359,inf
9.300,0.0000,0,2.7448,2.7448,inf
9.400,0.0000,0,2.7423,2.7423,inf
9.500,0.0000,0,2.7521,2.7521,inf
9.600,0.0000,0,2.7450,2.7450,inf
9.700,0.0000,0,2.7437,2.7437,inf
9.800,0.0000,0,2.7365,2.7365,inf
9.900,0.0000,0,2.7505,2.7505,inf
10.000,0.0000,0,2.7516,2.7516,inf
10.100,0.0000,0,2.7564,2.7564,inf
10.200,0.0000,0,2.7443,2.7443,inf
10.300,0.0000,0,2.7378,2.7378,inf
10.400,0.0000,0,2.7533,2.7533,inf
10.500,0.0000,0,2.7678,2.7678,inf
10.600,0.0000,0,2.7424,2.7424,inf
10.700,0.0000,0,2.7536,2.7536,inf
10.800,0.0000,0,2.7447,2.7447,inf
10.900,0.0000,0,2.7411,2.7411,inf
11.000,0.0000,0,2.7482,2.7482,inf
11.100,0.0000,0,2.7474,2.7474,inf
11.200,0.0000,0,2.7475,2.7475,inf
11.300,0.0000,0,2.7558,2.7558,inf
11.400,0.0000,0,2.7607,2.7607,inf
11.500,0.0000,0,2.7579,2.7579,inf
11.600,0.0000,0,2.7465,2.7465,inf
11.700,0.0000,0,2.7627,2.7627,inf
11.900,0.0000,0,2.7556,2.7556,inf
12.000,0.0000,0,2.7637,2.7637,inf
12.100,0.0000,0,2.7410,2.7410,inf
12.200,0.0000,0,2.7546,2.7546,inf
12.300,0.0000,0,2.7650,2.7650,inf
12.400,0.0000,0,2.7606,2.7606,inf
12.500,0.0000,0,2.7599,2.7599,inf
12.600,0.0000,0,2.7693,2.7693,inf
12.700,0.0000,0,2.7767,2.7767,inf
12.800,0.0000,0,2.7745,2.7745,inf
12.900,0.0000,0,2.7646,2.7646,inf
13.000,0.0000,0,2.7758,2.7758,inf
13.100,0.0000,0,2.7879,2.7879,inf
13.200,0.0000,0,2.7760,2.7760,inf
13.300,0.0000,0,2.7888,2.7888,inf
13.400,0.0000,0,2.7787,2.7787,inf
13.500,0.0000,0,2.7940,2.7940,inf
13.600,0.0000,0,2.7948,2.7948,inf
13.700,0.0000,0,2.7825,2.7825,inf
13.800,0.0000,0,2.7838,2.7838,inf
13.900,0.0000,0,2.7880,2.7880,inf
14.000,0.0000,0,2.8008,2.8008,inf
14.100,0.0000,0,2.7913,2.7913,inf
14.200,0.0000,0,2.7934,2.7934,inf
14.300,0.0000,0,2.7917,2.7917,inf
14.400,0.0000,0,2.8089,2.8089,inf
14.500,0.0000,0,2.8124,2.8124,inf
14.600,0.0000,0,2.8170,2.8170,inf
14.700,0.0000,0,2.8032,2.8032,inf
14.800,0.0000,0,2.8187,2.8187,inf
14.900,0.0000,0,2.8116,2.8116,inf
15.000,0.0000,0,2.7985,2.7985,inf
15.100,0.0000,0,2.8006,2.8006,inf
15.200,0.0000,0,2.7920,2.7920,inf
15.300,0.0000,0,2.7825,2.7825,inf
15.400,0.0000,0,2.7965,2.7965,inf
15.500,0.0000,0,2.7909,2.7909,inf
15.600,0.0000,0,2.7952,2.7952,inf
15.700,0.0000,0,2.7981,2.7981,inf
15.800,0.0000,0,2.7946,2.7946,inf
15.900,0.0000,0,2.7925,2.7925,inf
16.000,0.0000,0,2.8041,2.8041,inf
16.100,0.0000,0,2.7968,2.7968,inf
16.200,0.0000,0,2.7918,2.7918,inf
16.300,0.0000,0,2.8022,2.8022,inf
16.400,0.0000,0,2.7891,2.7891,inf
16.500,0.0000,0,2.7886,2.7886,inf
16.600,0.0000,0,2.7935,2.7935,inf
16.700,0.0000,0,2.7898,2.7898,inf
16.800,0.0000,0,2.7874,2.7874,inf
16.900,0.0000,0,2.7793,2.7793,inf
17.000,0.0000,0,2.7781,2.7781,inf
17.100,0.0000,0,2.7733,2.7733,inf
17.200,0.0000,0,2.7877,2.7877,inf
17.300,0.0000,0,2.7941,2.7941,inf
17.400,0.0000,0,2.7858,2.7858,inf
17.500,0.0000,0,2.7809,2.7809,inf
17.600,0.0000,0,2.7758,2.7758,inf
17.700,0.0000,0,2.7903,2.7903,inf
17.800,0.0000,0,2.7861,2.7861,inf
17.900,0.0000,0,2.7932,2.7932,inf
18.000,0.0000,0,2.7878,2.7878,inf
18.100,0.0000,0,2.7777,2.7777,inf
18.200,0.0000,0,2.7705,2.7705,inf
18.300,0.0000,0,2.7818,2.7818,inf
18.400,0.0000,0,2.7811,2.7811,inf
18.500,0.0000,0,2.7724,2.7724,inf
18.600,0.0000,0,2.7770,2.7770,inf
18.700,0.0000,0,2.7873,2.7873,inf
18.800,0.0000,0,2.7804,2.7804,inf
18.900,0.0000,0,2.7703,2.7703,inf
19.000,0.0000,0,2.7678,2.7678,inf
19.100,0.0000,0,2.7788,2.7788,inf
19.200,0.0000,0,2.7679,2.7679,inf
19.300,0.0000,0,2.7837,2.7837,inf
19.400,0.0000,0,2.7706,2.7706,inf
19.500,0.0000,0,2.7768,2.7768,inf
19.600,0.0000,0,2.7762,2.7762,inf
19.700,0.0000,0,2.7799,2.7799,inf
19.800,0.0000,0,2.7660,2.7660,inf
19.900,0.0000,0,2.7646,2.7646,inf
20.000,0.0000,0,2.7769,2.7769,inf
20.100,0.0000,0,2.7681,2.7681,inf
20.200,0.0000,0,2.7757,2.7757,inf
20.300,0.0000,0,2.7610,2.7610,inf
20.400,0.0000,0,2.7565,2.7565,inf
20.500,0.0000,0,2.7721,2.7721,inf
20.600,0.0000,0,2.7626,2.7626,inf
20.700,0.0000,0,2.7558,2.7558,inf
20.800,0.0000,0,2.7598,2.7598,inf
20.900,0.0000,0,2.7647,2.7647,inf
21.000,0.0000,0,2.7678,2.7678,inf
21.100,0.0000,0,2.7684,2.7684,inf
21.200,0.0000,0,2.7654,2.7654,inf
21.300,0.0000,0,2.7694,2.7694,inf
21.400,0.0000,0,2.7489,2.7489,inf
21.500,0.0000,0,2.7454,2.7454,inf
21.600,0.0000,0,2.7587,2.7587,inf
21.700,0.0000,0,2.7603,2.7603,inf
21.900,0.0000,0,2.7579,2.7579,inf
22.000,0.0000,0,2.7526,2.7526,inf
22.100,0.0000,0,2.7426,2.7426,inf
22.200,0.0000,0,2.7428,2.7428,inf
22.300,0.0000,0,2.7534,2.7534,inf
22.400,0.0000,0,2.7530,2.7530,inf
22.500,0.0000,0,2.7409,2.7409,inf
22.600,0.0000,0,2.7348,2.7348,inf
22.700,0.0000,0,2.7420,2.7420,inf
22.800,0.0000,0,2.7317,2.7317,inf
22.900,0.0000,0,2.7422,2.7422,inf
23.000,0.0000,0,2.7395,2.7395,inf
23.100,0.0000,0,2.7394,2.7394,inf
23.200,0.0000,0,2.7406,2.7406,inf
23.300,0.0000,0,2.7322,2.7322,inf
23.400,0.0000,0,2.7340,2.7340,inf
23.500,0.0000,0,2.7372,2.7372,inf
23.600,0.0000,0,2.7356,2.7356,inf
23.700,0.0000,0,2.7401,2.7401,inf
23.800,0.0000,0,2.7295,2.7295,inf
23.900,0.0000,0,2.7363,2.7363,inf
24.000,0.0000,0,2.7278,2.7278,inf
24.100,0.0000,0,2.7324,2.7324,inf
24.200,0.0000,0,2.7334,2.7334,inf
24.300,0.0000,0,2.7344,2.7344,inf
24.400,0.0000,0,2.7256,2.7256,inf
24.500,0.0000,0,2.7311,2.7311,inf
24.600,0.0000,0,2.7312,2.7312,inf
24.700,0.0000,0,2.7308,2.7308,inf
24.800,0.0000,0,2.7361,2.7361,inf
24.900,0.0000,0,2.7346,2.7346,inf
25.000,0.0000,0,2.7352,2.7352,inf
25.100,0.0000,0,2.7400,2.7400,inf
25.200,0.0000,0,2.7398,2.7398,inf
25.300,0.0000,0,2.7382,2.7382,inf
25.400,0.0000,0,2.7334,2.7334,inf
25.500,0.0000,0,2.7371,2.7371,inf
25.600,0.0000,0,2.7307,2.7307,inf
25.700,0.0000,0,2.7353,2.7353,inf
25.800,0.0000,0,2.7366,2.7366,inf
25.900,0.0000,0,2.7344,2.7344,inf
26.000,0.0000,0,2.7347,2.7347,inf
26.100,0.0000,0,2.7237,2.7237,inf
26.200,0.0000,0,2.7215,2.7215,inf
26.300,0.0000,0,2.7404,2.7404,inf
26.400,0.0000,0,2.7402,2.7402,inf
26.500,0.0000,0,2.7219,2.7219,inf
26.600,0.0000,0,2.7399,2.7399,inf
26.700,0.0000,0,2.7285,2.7285,inf
26.800,0.0000,0,2.7380,2.7380,inf
26.900,0.0000,0,2.7337,2.7337,inf
27.000,0.0000,0,2.7352,2.7352,inf
27.100,0.0000,0,2.7335,2.7335,inf
27.200,0.0000,0,2.7350,2.7350,inf
27.300,0.0000,0,2.6905,2.6905,inf
27.400,0.0000,0,2.6804,2.6804,inf
27.500,0.0000,0,2.6454,2.6454,inf
27.600,0.0000,0,2.6177,2.6177,inf
27.700,0.0000,0,2.5732,2.5732,inf
27.800,0.0000,0,2.5504,2.5504,inf
27.900,0.0000,0,2.5253,2.5253,inf
28.000,0.0000,0,2.4887,2.4887,inf
28.100,0.0000,0,2.4463,2.4463,inf
28.200,0.0000,0,2.4317,2.4317,inf
28.300,0.0000,0,2.3912,2.3912,inf
28.400,0.0000,0,2.3586,2.3586,inf
28.500,-0.2829,0,2.4453,2.4453,inf
28.600,-0.7575,0,2.6021,2.6021,inf
28.700,-1.2077,0,2.7252,2.7252,inf
28.800,-1.7248,0,2.7332,2.7332,inf
28.900,-2.2866,0,2.7255,2.7255,inf
29.000,-2.8391,48,2.7294,2.7294,6.4567
29.100,-3.3652,61,2.7288,2.7288,5.6392
29.200,-3.8271,70,2.7279,2.7279,5.0678
29.300,-4.2726,82,2.7331,2.7331,4.6142
29.400,-4.7882,90,2.7336,2.7336,4.1860
29.500,-5.3737,98,2.7389,2.7389,3.8273
29.600,-5.9918,102,2.7342,2.7342,3.5058
29.700,-6.5705,122,2.7390,2.7390,3.2465
29.800,-7.0968,120,2.7366,2.7366,3.0401
29.900,-7.5857,120,2.7345,2.7345,2.8824
30.000,-8.0015,120,2.7324,2.7324,2.7691
30.100,-8.0005,118,2.7408,2.7408,2.7971
30.200,-8.0002,116,2.7364,2.7364,2.8184
30.300,-8.0001,116,2.7270,2.7270,2.8557
30.400,-8.0000,116,2.7371,2.7371,2.8835
30.500,-8.0000,114,2.7430,2.7430,2.9139
30.600,-8.0000,112,2.7242,2.7242,2.9465
30.700,-8.0000,112,2.7349,2.7349,2.9747
30.800,-8.0000,112,2.7369,2.7369,3.0019
30.900,-8.0000,110,2.7312,2.7312,3.0291
31.000,-8.0000,110,2.7249,2.7249,3.0725
31.100,-8.0000,108,2.7380,2.7380,3.0893
31.200,-8.0000,108,2.7370,2.7370,3.1314
31.300,-8.0000,106,2.7403,2.7403,3.1553
31.400,-8.0000,106,2.7430,2.7430,3.1918
31.500,-8.0000,104,2.7398,2.7398,3.2164
31.600,-8.0000,104,2.7369,2.7369,3.2420
31.700,-8.0000,104,2.7394,2.7394,3.2699
31.900,-8.0000,102,2.7399,2.7399,3.3168
32.000,-8.0000,102,2.7352,2.7352,3.3577
32.100,-8.0000,102,2.7317,2.7317,3.3973
32.200,-8.0000,102,2.7300,2.7300,3.4210
32.300,-8.0000,102,2.7302,2.7302,3.4482
32.400,-8.0000,102,2.7342,2.7342,3.4752
32.500,-8.0000,102,2.7502,2.7502,3.5055
32.600,-8.0000,102,2.7359,2.7359,3.5312
32.700,-8.0000,102,2.7475,2.7475,3.5690
32.800,-8.0000,102,2.7438,2.7438,3.5754
32.900,-8.0000,102,2.7482,2.7482,3.5805
33.000,-8.0000,102,2.7467,2.7467,3.5824
33.100,-8.0000,102,2.7567,2.7567,3.5744
33.200,-8.0000,102,2.7533,2.7533,3.5753
33.300,-8.0000,102,2.7482,2.7482,3.5686
33.400,-8.0000,102,2.7612,2.7612,3.5784
33.500,-8.0000,102,2.7693,2.7693,3.5801
33.600,-8.0000,102,2.7606,2.7606,3.5768
33.700,-8.0000,102,2.7762,2.7762,3.5736
33.800,-8.0000,102,2.7885,2.7885,3.5709
33.900,-8.0000,102,2.7823,2.7823,3.5836
34.000,-8.0000,102,2.7928,2.7928,3.5814
34.100,-8.0000,102,2.7964,2.7964,3.5817
34.200,-8.0000,102,2.8161,2.8161,3.5843
34.300,-8.0000,102,2.8267,2.8267,3.5716
34.400,-8.0000,102,2.8053,2.8053,3.5779
34.500,-8.0000,102,2.8203,2.8203,3.5758
34.600,-8.0000,102,2.8369,2.8369,3.5875
34.700,-8.0000,102,2.8348,2.8348,3.5793
34.800,-8.0000,102,2.8451,2.8451,3.5534
34.900,-8.0000,102,2.8588,2.8588,3.5720
35.000,-8.0000,102,2.8565,2.8565,3.5758
35.100,-8.0000,102,2.8423,2.8423,3.5824
35.200,-8.0000,102,2.8472,2.8472,3.5825
35.300,-8.0000,102,2.8580,2.8580,3.5742
35.400,-8.0000,102,2.8612,2.8612,3.5830
35.500,-8.0000,102,2.8629,2.8629,3.5839
35.600,-8.0000,102,2.8762,2.8762,3.5734
35.700,-8.0000,102,2.8664,2.8664,3.5799
35.800,-8.0000,102,2.8764,2.8764,3.5848
35.900,-8.0000,102,2.8795,2.8795,3.5780
36.000,-8.0000,102,2.8942,2.8942,3.5725
36.100,-8.0000,102,2.8949,2.8949,3.5863
36.200,-8.0000,102,2.8872,2.8872,3.5867
36.300,-8.0000,102,2.9349,2.9349,3.5702
36.400,-8.0000,102,2.9177,2.9177,3.5741
36.500,-8.0000,102,2.9286,2.9286,3.5818
36.600,-8.0000,102,2.9297,2.9297,3.5856
36.700,-8.0000,102,2.9436,2.9436,3.5847
36.800,-8.0000,102,2.9480,2.9480,3.5672
36.900,-8.0000,102,2.9805,2.9805,3.5867
37.000,-8.0000,102,2.9735,2.9735,3.5850
37.100,-8.0000,102,3.0131,3.0131,3.5821
37.200,-8.0000,102,3.0165,3.0165,3.5782
37.300,-8.0000,102,3.0177,3.0177,3.5871
37.400,-8.0000,102,3.0423,3.0423,3.5900
37.500,-8.0000,102,3.0334,3.0334,3.5810
37.600,-8.0000,102,3.0894,3.0894,3.5824
37.700,-8.0000,102,3.0822,3.0822,3.5906
37.800,-8.0000,102,3.0855,3.0855,3.5825
37.900,-8.0000,102,3.0883,3.0883,3.5858
38.000,-8.0000,102,3.1197,3.1197,3.5753
38.100,-8.0000,102,3.1420,3.1420,3.5887
38.200,-8.0000,102,3.1435,3.1435,3.5489
38.300,-8.0000,102,3.1477,3.1477,3.5866
38.400,-8.0000,102,3.1440,3.1440,3.5771
38.500,-8.0000,102,3.2241,3.2241,3.5778
38.600,-8.0000,104,3.1949,3.1949,3.5796
38.700,-8.0000,104,3.2259,3.2259,3.5769
38.800,-8.0000,106,3.2396,3.2396,3.5634
38.900,-8.0000,106,3.2738,3.2738,3.5841
39.000,-8.0000,108,3.2567,3.2567,3.5790
39.100,-8.0000,106,3.2856,3.2856,3.5722
39.200,-8.0000,106,3.3060,3.3060,3.5802
39.300,-8.0000,108,3.3330,3.3330,3.5717
39.400,-8.0000,108,3.3498,3.3498,3.5858
39.500,-8.0000,108,3.3428,3.3428,3.5742
39.600,-8.0000,108,3.3747,3.3747,3.5760
39.700,-8.0000,108,3.4067,3.4067,3.5834
39.800,-8.0000,108,3.3898,3.3898,3.5942
39.900,-8.0000,108,3.3927,3.3927,3.5597
40.000,-8.0000,108,3.4261,3.4261,3.5903
40.100,-8.0000,110,3.4193,3.4193,3.5635
40.200,-8.0000,108,3.4626,3.4626,3.5896
40.300,-8.0000,110,3.4767,3.4767,3.5706
40.400,-8.0000,110,3.4818,3.4818,3.5740
40.500,-8.0000,110,3.4879,3.4879,3.5820
40.600,-8.0000,110,3.5330,3.5330,3.5924
40.700,-8.0000,110,3.5170,3.5170,3.5873
40.800,-8.0000,112,3.5415,3.5415,3.5820
40.900,-8.0000,112,3.5674,3.5674,3.5748
41.000,-8.0000,127,3.5847,4.1726,3.5847
41.100,-8.0000,128,3.5813,inf,3.5813
41.200,-8.0000,126,3.6334,inf,3.6334
41.300,-7.8991,126,3.6307,inf,3.6307
41.400,-7.3594,104,3.6739,3.6739,3.6972
41.500,-6.8699,98,3.6788,3.6788,3.8195
41.600,-6.4181,90,3.6824,3.6824,3.9261
41.700,-5.8940,84,3.7315,3.7315,4.1853
41.900,-4.6505,72,3.7567,3.7567,4.8097
42.000,-3.9994,64,3.7932,3.7932,5.3338
42.100,-3.3892,30,3.8147,3.8147,6.8127
42.200,-2.7621,18,3.8381,3.8381,7.4268
42.300,-2.2401,10,3.8720,3.8720,9.0082
42.400,-1.7521,2,3.8845,3.8845,11.0165
42.500,-1.2693,0,3.9059,3.9059,inf
42.600,-0.7622,0,3.9410,3.9410,inf
42.700,-0.3377,0,3.9197,3.9197,inf
42.800,-0.0008,0,3.9503,3.9503,inf
42.900,-0.0003,0,3.9986,3.9986,inf
43.000,-0.0001,0,4.0219,4.0219,inf
43.100,-0.0000,0,4.0271,4.0271,inf
43.200,-0.0000,0,4.0268,4.0268,inf
43.300,-0.0000,0,4.0884,4.0884,inf
43.400,-0.0000,0,4.0950,4.0950,inf
43.500,-0.0000,0,4.1111,4.1111,inf
43.600,0.0000,0,4.1101,4.1101,inf
43.700,0.0000,0,4.1477,4.1477,inf
43.800,0.0000,0,4.1575,4.1575,inf
43.900,0.0000,0,4.1842,4.1842,inf
44.000,0.0000,0,4.2015,4.2015,inf
44.100,0.0000,0,4.2021,4.2021,inf
44.200,0.0000,0,4.2101,4.2101,inf
44.300,0.0000,0,4.2557,4.2557,inf
44.400,0.0000,0,4.2697,4.2697,inf
44.500,0.0000,0,4.2898,4.2898,inf
44.600,0.0000,0,4.2920,4.2920,inf
44.700,0.0000,0,4.2781,4.2781,inf
44.800,0.0000,0,4.2672,4.2672,inf
44.900,0.0000,0,4.2827,4.2827,inf
45.000,0.0000,0,4.2960,4.2960,inf
45.100,0.0000,0,4.2973,4.2973,inf
45.200,0.0000,0,4.2958,4.2958,inf
45.300,0.0000,0,4.3116,4.3116,inf
45.400,0.0000,0,4.3261,4.3261,inf
45.500,0.0000,0,4.3322,4.3322,inf
45.600,0.0000,0,4.3212,4.3212,inf
45.700,0.0000,0,4.3495,4.3495,inf
45.800,0.0000,0,4.3719,4.3719,inf
45.900,0.0000,0,4.3964,4.3964,inf
46.000,0.0000,0,4.4212,4.4212,inf
46.100,0.0000,0,4.4347,4.4347,inf
46.200,0.0000,0,4.4201,4.4201,inf
46.300,0.0000,0,4.4333,4.4333,inf
46.400,0.0000,0,4.4986,4.4986,inf
46.500,0.0000,0,4.5253,4.5253,inf
46.600,0.0000,0,4.5415,4.5415,inf
46.700,0.0000,0,4.5481,4.5481,inf
46.800,0.0000,0,4.5852,4.5852,inf
46.900,0.0000,0,4.6321,4.6321,inf
47.000,0.0000,0,4.6700,4.6700,inf
47.100,0.0000,0,4.6627,4.6627,inf
47.200,0.0000,0,4.6849,4.6849,inf
47.300,0.0000,0,4.7344,4.7344,inf
47.400,0.0000,0,4.7845,4.7845,inf
47.500,0.0000,0,4.7892,4.7892,inf
47.600,0.0000,0,4.8114,4.8114,inf
47.700,0.0000,0,4.8223,4.8223,inf
47.800,0.0000,0,4.8323,4.8323,inf
47.900,0.0000,0,4.8698,4.8698,inf
48.000,0.0000,0,4.8807,4.8807,inf
48.100,0.0000,0,4.8933,4.8933,inf
48.200,0.0000,0,4.8904,4.8904,inf
48.300,0.0000,0,4.9242,4.9242,inf
48.400,0.0000,0,4.9443,4.9443,inf
48.500,0.0000,0,4.9784,4.9784,inf
48.600,0.0000,0,5.0038,5.0038,inf
48.700,0.0000,0,5.0308,5.0308,inf
48.800,0.0000,0,5.0339,5.0339,inf
48.900,0.0000,0,5.0517,5.0517,inf
49.000,0.0000,0,5.0472,5.0472,inf
49.100,0.0000,0,5.0658,5.0658,inf
49.200,0.0000,0,5.0653,5.0653,inf
49.300,0.0000,0,5.1015,5.1015,inf
49.400,0.0000,0,5.1244,5.1244,inf
49.500,0.0000,0,5.1366,5.1366,inf
49.600,0.0000,0,5.1461,5.1461,inf
49.700,0.0000,0,5.1402,5.1402,inf
49.800,0.0000,0,5.1705,5.1705,inf
49.900,0.0000,0,5.2034,5.2034,inf
50.000,0.0000,0,5.2044,5.2044,inf
50.100,0.0000,0,5.2250,5.2250,inf
50.200,0.0000,0,5.2449,5.2449,inf
50.300,0.0000,0,5.2639,5.2639,inf
50.400,0.0000,0,5.2565,5.2565,inf
50.500,0.0000,0,5.2689,5.2689,inf
50.600,0.0000,0,5.2771,5.2771,inf
50.700,0.0000,0,5.2711,5.2711,inf
50.800,0.0000,0,5.2906,5.2906,inf
50.900,0.0000,0,5.2687,5.2687,inf
51.000,0.0000,0,5.2709,5.2709,inf
51.100,0.0000,0,5.2684,5.2684,inf
51.200,0.0000,0,5.2890,5.2890,inf
51.300,0.0000,0,5.2857,5.2857,inf
51.400,0.0000,0,5.2846,5.2846,inf
51.500,0.0000,0,5.2863,5.2863,inf
51.600,0.0000,0,5.2991,5.2991,inf
51.700,0.0000,0,5.3142,5.3142,inf
51.900,0.0000,0,5.3368,5.3368,inf
52.000,0.0000,0,5.3258,5.3258,inf
52.100,0.0000,0,5.3296,5.3296,inf
52.200,0.0000,0,5.3232,5.3232,inf
52.300,0.0000,0,5.3448,5.3448,inf
52.400,0.0000,0,5.3813,5.3813,inf
52.500,0.0000,0,5.4058,5.4058,inf
52.600,0.0000,0,5.4378,5.4378,inf
52.700,0.0000,0,5.4204,5.4204,inf
52.800,0.0000,0,5.4498,5.4498,inf
52.900,0.0000,0,5.4737,5.4737,inf
53.000,0.0000,0,5.5064,5.5064,inf
53.100,0.0000,0,5.5252,5.5252,inf
53.200,0.0000,0,5.5161,5.5161,inf
53.300,0.0000,0,5.5504,5.5504,inf
53.400,0.0000,0,5.5636,5.5636,inf
53.500,0.0000,0,5.5803,5.5803,inf
53.600,0.0000,0,5.5949,5.5949,inf
53.700,0.0000,0,5.5869,5.5869,inf
53.800,0.0000,0,5.5912,5.5912,inf
53.900,0.0000,0,5.6121,5.6121,inf
54.000,0.0000,0,5.6234,5.6234,inf
54.100,0.0000,0,5.6284,5.6284,inf
54.200,0.0000,0,5.6318,5.6318,inf
54.300,0.0000,0,5.6567,5.6567,inf
54.400,0.0000,0,5.6704,5.6704,inf
54.500,0.0000,0,5.6658,5.6658,inf
54.600,0.0000,0,5.6451,5.6451,inf
54.700,0.0000,0,5.6640,5.6640,inf
54.800,0.0000,0,5.6786,5.6786,inf
54.900,0.0000,0,5.7085,5.7085,inf
55.000,0.0000,0,5.7095,5.7095,inf
55.100,0.0000,0,5.7363,5.7363,inf
55.200,0.0000,0,5.7312,5.7312,inf
55.300,0.0000,0,5.7311,5.7311,inf
55.400,0.0000,0,5.7398,5.7398,inf
55.500,0.0000,0,5.7514,5.7514,inf
55.600,0.0000,0,5.7521,5.7521,inf
55.700,0.0000,0,5.7790,5.7790,inf
55.800,0.0000,0,5.7859,5.7859,inf
55.900,0.0000,0,5.7782,5.7782,inf
56.000,0.0000,0,5.7776,5.7776,inf
56.100,0.0000,0,5.7782,5.7782,inf
56.200,0.0000,0,5.7764,5.7764,inf
56.300,0.0000,0,5.7710,5.7710,inf
56.400,0.0000,0,5.7869,5.7869,inf
56.500,0.0000,0,5.7818,5.7818,inf
56.600,0.0000,0,5.7888,5.7888,inf
56.700,0.0000,0,5.7941,5.7941,inf
56.800,0.0000,0,5.7912,5.7912,inf
56.900,0.0000,0,5.7994,5.7994,inf
57.000,0.0000,0,5.7854,5.7854,inf
57.100,0.0000,0,5.7931,5.7931,inf
57.200,0.0000,0,5.7952,5.7952,inf
57.300,0.0000,0,5.7938,5.7938,inf
57.400,0.0000,0,5.7852,5.7852,inf
57.500,0.0000,0,5.8098,5.8098,inf
57.600,0.0000,0,5.7975,5.7975,inf
57.700,0.0000,0,5.7918,5.7918,inf
57.800,0.0000,0,5.7808,5.7808,inf
57.900,0.0000,0,5.8136,5.8136,inf
58.000,0.0000,0,5.8254,5.8254,inf
58.100,0.0000,0,5.8315,5.8315,inf
58.200,0.0000,0,5.8411,5.8411,inf
58.300,0.0000,0,5.8668,5.8668,inf
58.400,0.0000,0,5.8688,5.8688,inf
58.500,0.0000,0,5.9073,5.9073,inf
58.600,0.0000,0,5.9244,5.9244,inf
58.700,0.0000,0,5.9601,5.9601,inf
58.800,0.0000,0,5.9906,5.9906,inf
58.900,0.0000,0,6.0152,6.0152,inf
59.000,0.0000,0,6.0255,6.0255,inf
59.100,0.0000,0,6.0567,6.0567,inf
59.200,0.0000,0,6.0520,6.0520,inf
59.300,0.0000,0,6.0787,6.0787,inf
59.400,0.0000,0,6.0711,6.0711,inf
59.500,0.0000,0,6.0869,6.0869,inf
59.600,0.0000,0,6.0813,6.0813,inf
59.700,0.0000,0,6.1054,6.1054,inf
59.800,0.0000,0,6.1109,6.1109,inf
59.900,0.0000,0,6.1452,6.1452,inf
60.000,0.0000,0,6.1746,6.1746,inf
60.100,0.0000,0,6.2080,6.2080,inf
60.200,0.0000,0,6.2173,6.2173,inf
60.300,0.0000,0,6.2433,6.2433,inf
60.400,0.0000,0,6.2758,6.2758,inf
60.500,0.0000,0,6.3174,6.3174,inf
60.600,0.0000,0,6.3356,6.3356,inf
60.700,0.0000,0,6.3665,6.3665,inf
60.800,0.0000,0,6.4345,6.4345,inf
60.900,0.0000,0,6.4543,6.4543,inf
61.000,0.0000,0,6.4945,6.4945,inf
61.100,0.0000,0,6.5191,6.5191,inf
61.200,0.0000,0,6.5565,6.5565,inf
61.300,0.0000,0,6.5386,6.5386,inf
61.400,0.0000,0,6.5581,6.5581,inf
61.500,0.0000,0,6.5620,6.5620,inf
61.600,0.0000,0,6.5589,6.5589,inf
61.700,0.0000,0,6.5548,6.5548,inf
61.900,0.0000,0,6.5749,6.5749,inf
62.000,0.0000,0,6.5599,6.5599,inf
62.100,0.0000,0,6.5599,6.5599,inf
62.200,0.0000,0,6.5620,6.5620,inf
62.300,0.0000,0,6.5603,6.5603,inf
62.400,0.0000,0,6.5563,6.5563,inf
62.500,0.0000,0,6.5624,6.5624,inf
62.600,0.0000,0,6.5499,6.5499,inf
62.700,0.0000,0,6.5588,6.5588,inf
62.800,0.0000,0,6.5714,6.5714,inf
62.900,0.0000,0,6.5735,6.5735,inf
63.000,0.0000,0,6.5749,6.5749,inf
63.100,0.0000,0,6.5607,6.5607,inf
63.200,0.0000,0,6.5660,6.5660,inf
63.300,0.0000,0,6.5600,6.5600,inf
63.400,0.0000,0,6.5641,6.5641,inf
63.500,0.0000,0,6.5701,6.5701,inf
63.600,0.0000,0,6.5728,6.5728,inf
63.700,0.0000,0,6.5714,6.5714,inf
63.800,0.0000,0,6.5682,6.5682,inf
63.900,0.0000,0,6.5638,6.5638,inf
64.000,0.0000,0,6.5583,6.5583,inf
64.100,0.0000,0,6.5491,6.5491,inf
64.200,0.0000,0,6.5364,6.5364,inf
64.300,0.0000,0,6.5248,6.5248,inf
64.400,0.0000,0,6.4810,6.4810,inf
64.500,0.0000,0,6.4743,6.4743,inf
64.600,0.0000,0,6.4342,6.4342,inf
64.700,0.0000,0,6.3973,6.3973,inf
64.800,0.0000,0,6.3551,6.3551,inf
64.900,0.0000,0,6.3099,6.3099,inf
65.000,0.0000,0,6.2630,6.2630,inf
65.100,0.0000,0,6.2332,6.2332,inf
65.200,0.0000,0,6.2103,6.2103,inf
65.300,0.0000,0,6.2036,6.2036,inf
65.400,0.0000,0,6.1535,6.1535,inf
65.500,0.0000,0,6.1244,6.1244,inf
65.600,0.0000,0,6.0810,6.0810,inf
65.700,0.0000,0,6.0721,6.0721,inf
65.800,0.0000,0,6.0623,6.0623,inf
65.900,0.0000,0,6.0488,6.0488,inf
66.000,0.0000,0,6.0103,6.0103,inf
66.100,0.0000,0,5.9734,5.9734,inf
66.200,0.0000,0,5.9310,5.9310,inf
66.300,0.0000,0,5.9162,5.9162,inf
66.400,0.0000,0,5.8658,5.8658,inf
66.500,0.0000,0,5.8144,5.8144,inf
66.600,0.0000,0,5.7938,5.7938,inf
66.700,0.0000,0,5.7834,5.7834,inf
66.800,0.0000,0,5.7416,5.7416,inf
66.900,0.0000,0,5.6951,5.6951,inf
67.000,0.0000,0,5.6649,5.6649,inf
67.100,0.0000,0,5.6565,5.6565,inf
67.200,0.0000,0,5.6470,5.6470,inf
67.300,0.0000,0,5.6160,5.6160,inf
67.400,0.0000,0,5.5766,5.5766,inf
67.500,0.0000,0,5.5299,5.5299,inf
67.600,0.0000,0,5.5002,5.5002,inf
67.700,0.0000,0,5.4701,5.4701,inf
67.800,0.0000,0,5.4452,5.4452,inf
67.900,0.0000,0,5.4161,5.4161,inf
68.000,0.0000,0,5.3751,5.3751,inf
68.100,0.0000,0,5.3367,5.3367,inf
68.200,0.0000,0,5.3319,5.3319,inf
68.300,0.0000,0,5.3318,5.3318,inf
68.400,0.0000,0,5.2840,5.2840,inf
68.500,0.0000,0,5.2434,5.2434,inf
68.600,0.0000,0,5.2182,5.2182,inf
68.700,0.0000,0,5.1615,5.1615,inf
68.800,0.0000,0,5.1303,5.1303,inf
68.900,0.0000,0,5.1229,5.1229,inf
69.000,0.0000,0,5.0733,5.0733,inf
69.100,0.0000,0,5.0451,5.0451,inf
69.200,0.0000,0,5.0542,5.0542,inf
69.300,0.0000,0,5.0279,5.0279,inf
69.400,0.0000,0,4.9645,4.9645,inf
69.500,0.0000,0,4.9439,4.9439,inf
69.600,0.0000,0,4.9009,4.9009,inf
69.700,0.0000,0,4.8897,4.8897,inf
69.800,0.0000,0,4.8467,4.8467,inf
69.900,0.0000,0,4.8100,4.8100,inf
70.000,0.0000,0,4.8093,4.8093,inf
70.100,0.0000,0,4.8070,4.8070,inf
70.200,0.0000,0,4.7591,4.7591,inf
70.300,0.0000,0,4.7008,4.7008,inf
70.400,0.0000,0,4.6730,4.6730,inf
70.500,0.0000,0,4.6738,4.6738,inf
70.600,0.0000,0,4.6602,4.6602,inf
70.700,0.0000,0,4.6151,4.6151,inf
70.800,0.0000,0,4.5676,4.5676,inf
70.900,0.0000,0,4.5509,4.5509,inf
71.000,0.0000,0,4.5483,4.5483,inf
71.100,0.0000,0,4.5041,4.5041,inf
71.200,-8.0000,0,4.4450,4.4450,inf
71.300,-8.0000,0,4.4315,4.4315,inf
71.400,-8.0000,0,4.4209,4.4209,inf
71.500,-8.0000,0,4.4001,4.4001,inf
71.600,-8.0000,0,4.3347,4.3347,inf
71.700,-8.0000,0,4.3306,4.3306,inf
71.800,-8.0000,0,4.3064,4.3064,inf
71.900,-8.0000,0,4.2779,4.2779,inf
72.000,-8.0000,0,4.2635,4.2635,inf
72.100,-8.0000,0,4.2173,4.2173,inf
72.200,0.0000,0,4.1791,4.1791,inf
72.300,0.0000,0,4.1845,4.1845,inf
72.400,0.0000,0,4.1366,4.1366,inf
72.500,0.0000,0,4.1033,4.1033,inf
72.600,0.0000,0,4.1016,4.1016,inf
72.700,0.0000,0,4.0671,4.0671,inf
72.800,0.0000,0,4.0238,4.0238,inf
72.900,0.0000,0,4.0394,4.0394,inf
73.000,0.0000,0,4.0235,4.0235,inf
73.100,0.0000,0,3.9735,3.9735,inf
73.200,-0.0831,0,3.9211,3.9211,inf
73.300,-0.7247,0,3.9090,3.9090,inf
73.400,-1.3123,0,3.8930,3.8930,inf
73.500,-1.9105,8,3.8736,3.8736,10.3226
73.600,-2.4765,14,3.8583,3.8583,7.9607
73.700,-3.0785,30,3.8133,3.8133,6.8323
73.800,-3.7167,60,3.7932,3.7932,5.6676
73.900,-4.3680,68,3.7860,3.7860,5.0336
74.000,-5.0191,76,3.7369,3.7369,4.5387
74.100,-5.6698,82,3.7372,3.7372,4.2791
74.200,-6.3205,88,3.6928,3.6928,4.0300
74.300,-6.9594,98,3.6921,3.6921,3.8058
74.400,-7.6102,123,3.6477,4.0560,3.6477
74.500,-7.9998,126,3.6425,inf,3.6425
74.600,-7.9999,126,3.6315,inf,3.6315
74.700,-8.0000,128,3.5769,inf,3.5769
74.800,-8.0000,118,3.5768,3.5845,3.5768
74.900,-8.0000,112,3.5273,3.5273,3.5821
75.000,-8.0000,110,3.5435,3.5435,3.5759
75.100,-8.0000,110,3.5117,3.5117,3.5701
75.200,-8.0000,110,3.4794,3.4794,3.5850
75.300,-8.0000,110,3.4647,3.4647,3.5995
75.400,-8.0000,110,3.4410,3.4410,3.5757
75.500,-8.0000,108,3.4181,3.4181,3.5609
75.600,-8.0000,108,3.3928,3.3928,3.5787
75.700,-8.0000,108,3.3910,3.3910,3.5807
75.800,-8.0000,110,3.3344,3.3344,3.5909
75.900,-8.0000,108,3.3425,3.3425,3.5849
76.000,-8.0000,106,3.3237,3.3237,3.5825
76.100,-8.0000,106,3.2947,3.2947,3.5774
76.200,-8.0000,108,3.2787,3.2787,3.5720
76.300,-8.0000,108,3.2727,3.2727,3.5832
76.400,-8.0000,106,3.2474,3.2474,3.5871
76.500,-8.0000,104,3.2201,3.2201,3.5748
76.600,-8.0000,104,3.1943,3.1943,3.5705
76.700,-8.0000,102,3.2043,3.2043,3.5697
76.800,-8.0000,102,3.1749,3.1749,3.5875
76.900,-8.0000,102,3.1666,3.1666,3.5901
77.000,-8.0000,102,3.1379,3.1379,3.5790
77.100,-8.0000,102,3.1343,3.1343,3.5811
77.200,-8.0000,102,3.1100,3.1100,3.5659
77.300,-8.0000,102,3.1102,3.1102,3.5841
77.400,-8.0000,102,3.0889,3.0889,3.5878
77.500,-8.0000,102,3.0805,3.0805,3.5733
77.600,-8.0000,102,3.0433,3.0433,3.5819
77.700,-8.0000,102,3.0210,3.0210,3.5835
77.800,-8.0000,102,3.0049,3.0049,3.5674
77.900,-8.0000,102,3.0001,3.0001,3.5617
78.000,-8.0000,102,2.9992,2.9992,3.5708
78.100,-8.0000,102,2.9747,2.9747,3.5826
78.200,-8.0000,102,2.9450,2.9450,3.5896
78.300,-8.0000,102,2.9489,2.9489,3.6005
78.400,-8.0000,102,2.9296,2.9296,3.5755
78.500,-8.0000,102,2.9327,2.9327,3.5652
78.600,-8.0000,102,2.9278,2.9278,3.5774
78.700,-8.0000,102,2.8812,2.8812,3.5923
78.800,-8.0000,102,2.9073,2.9073,3.5847
78.900,-8.0000,102,2.8845,2.8845,3.5712
79.000,-8.0000,102,2.8770,2.8770,3.5785
79.100,-8.0000,102,2.8483,2.8483,3.5852
79.200,-8.0000,102,2.8574,2.8574,3.5856
79.300,-8.0000,102,2.8487,2.8487,3.5874
79.400,-8.0000,102,2.8226,2.8226,3.5749
79.500,-8.0000,102,2.8192,2.8192,3.5758
79.600,-8.0000,102,2.8127,2.8127,3.5863
79.700,-8.0000,102,2.8027,2.8027,3.5644
79.800,-8.0000,102,2.8053,2.8053,3.5819
79.900,-8.0000,102,2.8012,2.8012,3.5612
80.000,-8.0000,102,2.7823,2.7823,3.5835
80.100,-8.0000,102,2.7720,2.7720,3.5865
80.200,-8.0000,102,2.7846,2.7846,3.5688
80.300,-8.0000,102,2.7732,2.7732,3.5760
80.400,-8.0000,102,2.7659,2.7659,3.5854
80.500,-8.0000,102,2.7606,2.7606,3.5718
80.600,-8.0000,102,2.7580,2.7580,3.5699
80.700,-8.0000,102,2.7676,2.7676,3.5923
80.800,-8.0000,102,2.7445,2.7445,3.5816
80.900,-8.0000,102,2.7520,2.7520,3.5709
81.000,-8.0000,102,2.7405,2.7405,3.5960
81.100,-8.0000,102,2.7491,2.7491,3.5740
81.200,-8.0000,102,2.7438,2.7438,3.5663
81.300,-8.0000,102,2.7410,2.7410,3.5222
81.400,-8.0000,102,2.7445,2.7445,3.4828
81.500,-8.0000,102,2.7429,2.7429,3.4654
81.600,-8.0000,102,2.7293,2.7293,3.4349
81.700,-8.0000,102,2.7318,2.7318,3.3873
81.800,-8.0000,102,2.7415,2.7415,3.3684
81.900,-8.0000,102,2.7434,2.7434,3.3401
82.000,-8.0000,102,2.7360,2.7360,3.3003
82.100,-8.0000,104,2.7430,2.7430,3.2715
82.200,-8.0000,104,2.7488,2.7488,3.2395
82.300,-8.0000,106,2.7374,2.7374,3.2089
82.400,-8.0000,106,2.7361,2.7361,3.1810
82.500,-8.0000,106,2.7221,2.7221,3.1469
82.600,-8.0000,108,2.7319,2.7319,3.1048
82.700,-8.0000,110,2.7361,2.7361,3.0786
82.800,-8.0000,110,2.7325,2.7325,3.0417
82.900,-8.0000,112,2.7400,2.7400,3.0061
83.000,-8.0000,112,2.7297,2.7297,2.9805
83.100,-8.0000,112,2.7361,2.7361,2.9515
83.200,-8.0000,114,2.7316,2.7316,2.8977
83.300,-8.0000,116,2.7360,2.7360,2.8797
83.400,-8.0000,116,2.7296,2.7296,2.8612
83.500,-8.0000,116,2.7360,2.7360,2.8218
83.600,-8.0000,118,2.7347,2.7347,2.7869
83.700,-7.8617,120,2.7367,2.7367,2.7994
83.800,-7.3046,120,2.7374,2.7374,2.9679
83.900,-6.7794,120,2.7385,2.7385,3.1672
84.000,-6.1712,104,2.7324,2.7324,3.4211
84.100,-5.5646,100,2.7353,2.7353,3.7228
84.200,-4.9522,90,2.7370,2.7370,4.0833
84.300,-4.3358,84,2.7353,2.7353,4.5705
84.400,-3.7458,68,2.7380,2.7380,5.1431
84.500,-3.1479,58,2.7311,2.7311,5.9338
84.600,-2.5284,0,2.7462,2.7462,inf
84.700,-1.9035,0,2.7359,2.7359,inf
84.800,-1.2836,0,2.7262,2.7262,inf
84.900,-0.6592,0,2.5576,2.5576,inf
85.000,-0.0297,0,2.3633,2.3633,inf
85.100,0.0007,0,2.3974,2.3974,inf
85.200,0.0003,0,2.4322,2.4322,inf
85.300,0.0001,0,2.4676,2.4676,inf
85.400,0.0000,0,2.4918,2.4918,inf
85.500,0.0000,0,2.5216,2.5216,inf
85.600,0.0000,0,2.5519,2.5519,inf
85.700,0.0000,0,2.5884,2.5884,inf
85.800,0.0000,0,2.6136,2.6136,inf
85.900,0.0000,0,2.6453,2.6453,inf
86.000,0.0000,0,2.6643,2.6643,inf
86.100,0.0000,0,2.7019,2.7019,inf
86.200,0.0000,0,2.7413,2.7413,inf
86.300,0.0000,0,2.7292,2.7292,inf
86.400,0.0000,0,2.7336,2.7336,inf
86.500,0.0000,0,2.7406,2.7406,inf
86.600,0.0000,0,2.7386,2.7386,inf
86.700,0.0000,0,2.7327,2.7327,inf
86.800,0.0000,0,2.7364,2.7364,inf
86.900,0.0000,0,2.7358,2.7358,inf
87.000,0.0000,0,2.7343,2.7343,inf
87.100,0.0000,0,2.7362,2.7362,inf
87.200,0.0000,0,2.7382,2.7382,inf
87.300,0.0000,0,2.7232,2.7232,inf
87.400,0.0000,0,2.7396,2.7396,inf
87.500,0.0000,0,2.7318,2.7318,inf
87.600,0.0000,0,2.7369,2.7369,inf
87.700,0.0000,0,2.7366,2.7366,inf
87.800,0.0000,0,2.7381,2.7381,inf
87.900,0.0000,0,2.7265,2.7265,inf
88.000,0.0000,0,2.7359,2.7359,inf
88.100,0.0000,0,2.7433,2.7433,inf
88.200,0.0000,0,2.7337,2.7337,inf
88.300,0.0000,0,2.7353,2.7353,inf
88.400,0.0000,0,2.7280,2.7280,inf
88.500,0.0000,0,2.7423,2.7423,inf
88.600,0.0000,0,2.7397,2.7397,inf
88.700,0.0000,0,2.7473,2.7473,inf
88.800,0.0000,0,2.7340,2.7340,inf
88.900,0.0000,0,2.7365,2.7365,inf
89.000,0.0000,0,2.7267,2.7267,inf
89.100,0.0000,0,2.7480,2.7480,inf
89.200,0.0000,0,2.7438,2.7438,inf
89.300,0.0000,0,2.7531,2.7531,inf
89.400,0.0000,0,2.7647,2.7647,inf
89.500,0.0000,0,2.7664,2.7664,inf
89.600,0.0000,0,2.7598,2.7598,inf
89.700,0.0000,0,2.7783,2.7783,inf
89.800,0.0000,0,2.7658,2.7658,inf
89.900,0.0000,0,2.7836,2.7836,inf
90.000,0.0000,0,2.7849,2.7849,inf
90.100,0.0000,0,2.7958,2.7958,inf
-2.000,0.0000,0,1.2675,1.2675,inf
-1.900,0.0000,0,1.2600,1.2600,inf
-1.800,0.0000,0,1.2765,1.2765,inf
-1.700,0.0000,0,1.2735,1.2735,inf
-1.600,0.0000,0,1.2652,1.2652,inf
-1.500,0.0000,0,1.2743,1.2743,inf
-1.400,0.0000,0,1.2708,1.2708,inf
-1.300,0.0000,0,1.2608,1.2608,inf
-1.200,0.0000,0,1.2815,1.2815,inf
-1.000,0.0000,0,1.2738,1.2738,inf
-0.900,0.0000,0,1.2776,1.2776,inf
-0.800,0.0000,0,1.2666,1.2666,inf
-0.700,0.0000,0,1.2712,1.2712,inf
-0.600,0.0000,0,1.2676,1.2676,inf
-0.500,0.0000,0,1.2736,1.2736,inf
-0.400,0.0000,0,1.2552,1.2552,inf
-0.300,0.0000,0,1.2730,1.2730,inf
-0.200,0.0000,0,1.2621,1.2621,inf
-0.100,0.0000,0,1.2711,1.2711,inf
0.000,0.0000,0,1.2624,1.2624,inf
0.100,0.0000,0,1.2608,1.2608,inf
0.200,0.0000,0,1.2627,1.2627,inf
0.300,0.0000,0,1.2744,1.2744,inf
0.400,0.0000,0,1.2551,1.2551,inf
0.500,0.0000,0,1.2706,1.2706,inf
0.600,0.0000,0,1.2631,1.2631,inf
0.700,0.0000,0,1.2687,1.2687,inf
0.800,0.0000,0,1.2762,1.2762,inf
0.900,0.0000,0,1.2771,1.2771,inf
1.000,0.0000,0,1.2688,1.2688,inf
1.100,0.0000,0,1.2751,1.2751,inf
1.200,0.0000,0,1.2634,1.2634,inf
1.300,0.0000,0,1.2499,1.2499,inf
1.400,0.0000,0,1.2737,1.2737,inf
1.500,0.0000,0,1.2713,1.2713,inf
1.600,0.0000,0,1.2759,1.2759,inf
1.700,0.0000,0,1.2712,1.2712,inf
1.800,0.0000,0,1.2685,1.2685,inf
1.900,0.0000,0,1.2672,1.2672,inf
2.100,0.0000,0,1.2778,1.2778,inf
2.200,0.0000,0,1.2618,1.2618,inf
2.300,0.0000,0,1.2688,1.2688,inf
2.400,0.0000,0,1.2709,1.2709,inf
2.500,0.0000,0,1.2742,1.2742,inf
2.600,0.0000,0,1.2726,1.2726,inf
2.700,0.0000,0,1.2798,1.2798,inf
2.800,0.0000,0,1.2605,1.2605,inf
2.900,0.0000,0,1.2688,1.2688,inf
3.000,0.0000,0,1.2707,1.2707,inf
3.100,0.0000,0,1.2534,1.2534,inf
3.200,0.0000,0,1.2683,1.2683,inf
3.300,0.0000,0,1.2801,1.2801,inf
3.400,0.0000,0,1.2672,1.2672,inf
3.500,0.0000,0,1.2722,1.2722,inf
3.700,0.0000,0,1.2710,1.2710,inf
3.800,0.0000,0,1.2482,1.2482,inf
3.900,0.0000,0,1.2694,1.2694,inf
4.000,0.0000,0,1.2679,1.2679,inf
4.100,0.0000,0,1.2757,1.2757,inf
4.200,0.0000,0,1.2794,1.2794,inf
4.300,0.0000,0,1.2611,1.2611,inf
4.400,0.0000,0,1.2724,1.2724,inf
4.500,0.0000,0,1.2681,1.2681,inf
4.600,0.0000,0,1.2690,1.2690,inf
4.700,0.0000,0,1.2702,1.2702,inf
4.800,0.0000,0,1.2755,1.2755,inf
4.900,0.0000,0,1.2713,1.2713,inf
5.000,0.0000,0,1.2524,1.2524,inf
5.100,0.0000,0,1.2550,1.2550,inf
5.200,0.0000,0,1.2570,1.2570,inf
5.300,0.0000,0,1.2777,1.2777,inf
5.400,0.0000,0,1.2668,1.2668,inf
5.500,0.0000,0,1.2742,1.2742,inf
5.600,0.0000,0,1.2762,1.2762,inf
5.700,0.0000,0,1.2673,1.2673,inf
5.800,0.0000,0,1.2718,1.2718,inf
5.900,0.0000,0,1.2687,1.2687,inf
6.000,0.0000,0,1.2729,1.2729,inf
6.100,0.0000,0,1.2653,1.2653,inf
6.200,0.0000,0,1.2772,1.2772,inf
6.300,0.0000,0,1.2539,1.2539,inf
6.400,0.0000,0,1.2695,1.2695,inf
6.500,0.0000,0,1.2683,1.2683,inf
6.600,0.0000,0,1.2788,1.2788,inf
6.700,0.0000,0,1.2738,1.2738,inf
6.800,0.0000,0,1.2580,1.2580,inf
6.900,0.0000,0,1.2673,1.2673,inf
7.000,0.0000,0,1.2729,1.2729,inf
7.100,0.0000,0,1.2521,1.2521,inf
7.200,0.0000,0,1.2721,1.2721,inf
7.300,0.0000,0,1.2780,1.2780,inf
7.400,0.0000,0,1.2640,1.2640,inf
7.500,0.0000,0,1.2704,1.2704,inf
7.600,0.0000,0,1.2684,1.2684,inf
7.700,0.0000,0,1.2670,1.2670,inf
7.800,0.0000,0,1.2526,1.2526,inf
7.900,0.0000,0,1.2617,1.2617,inf
8.000,0.0000,0,1.2636,1.2636,inf
8.100,0.0000,0,1.2704,1.2704,inf
8.200,0.0000,0,1.2641,1.2641,inf
8.300,0.0000,0,1.2785,1.2785,inf
8.400,0.0000,0,1.2727,1.2727,inf
8.500,0.0000,0,1.2730,1.2730,inf
8.600,0.0000,0,1.2633,1.2633,inf
8.800,0.0000,0,1.2659,1.2659,inf
8.900,0.0000,0,1.2705,1.2705,inf
9.000,0.0000,0,1.2677,1.2677,inf
9.100,0.0000,0,1.2591,1.2591,inf
14.100,0.0000,0,1.2719,1.2719,inf
14.200,0.0000,0,1.2779,1.2779,inf
14.300,0.0000,0,1.2724,1.2724,inf
14.400,0.0000,0,1.2705,1.2705,inf
14.500,0.0000,0,1.2609,1.2609,inf
14.600,0.0000,0,1.2729,1.2729,inf
14.700,0.0000,0,1.2684,1.2684,inf
14.800,0.0000,0,1.2803,1.2803,inf
14.900,0.0000,0,1.2797,1.2797,inf
15.000,0.0000,0,1.2803,1.2803,inf
15.100,0.0000,0,1.2801,1.2801,inf
15.200,0.0000,0,1.2656,1.2656,inf
15.300,0.0000,0,1.2764,1.2764,inf
15.400,0.0000,0,1.2654,1.2654,inf
15.500,0.0000,0,1.2646,1.2646,inf
15.600,0.0000,0,1.2677,1.2677,inf
15.700,0.0000,0,1.2661,1.2661,inf
15.800,0.0000,0,1.2614,1.2614,inf
15.900,0.0000,0,1.2799,1.2799,inf
16.000,0.0000,0,1.2728,1.2728,inf
16.100,0.0000,0,1.2726,1.2726,inf
16.200,0.0000,0,1.2755,1.2755,inf
16.300,0.0000,0,1.2636,1.2636,inf
16.400,0.0000,0,1.2553,1.2553,inf
16.500,0.0000,0,1.2600,1.2600,inf
16.600,0.0000,0,1.2689,1.2689,inf
16.700,0.0000,0,1.2690,1.2690,inf
16.800,0.0000,0,1.2553,1.2553,inf
16.900,0.0000,0,1.2615,1.2615,inf
17.000,0.0000,0,1.2681,1.2681,inf
17.100,0.0000,0,1.2666,1.2666,inf
17.200,0.0000,0,1.2797,1.2797,inf
17.300,0.0000,0,1.2607,1.2607,inf
17.400,0.0000,0,1.2737,1.2737,inf
17.500,0.0000,0,1.2708,1.2708,inf
17.600,0.0000,0,1.2724,1.2724,inf
17.700,0.0000,0,1.2496,1.2496,inf
17.800,0.0000,0,1.2625,1.2625,inf
17.900,0.0000,0,1.2711,1.2711,inf
18.000,0.0000,0,1.2629,1.2629,inf
18.100,0.0000,0,1.2750,1.2750,inf
18.200,0.0000,0,1.2800,1.2800,inf
18.300,0.0000,0,1.2677,1.2677,inf
18.400,0.0000,0,1.2642,1.2642,inf
18.500,0.0000,0,1.2694,1.2694,inf
18.600,0.0000,0,1.2607,1.2607,inf
18.700,0.0000,0,1.2726,1.2726,inf
18.800,0.0000,0,1.2680,1.2680,inf
18.900,0.0000,0,1.2626,1.2626,inf
19.000,0.0000,0,1.2595,1.2595,inf
19.100,0.0000,0,1.2734,1.2734,inf
19.200,0.0000,0,1.2595,1.2595,inf
19.300,0.0000,0,1.2717,1.2717,inf
19.400,0.0000,0,1.2702,1.2702,inf
19.500,0.0000,0,1.2667,1.2667,inf
19.600,0.0000,0,1.2760,1.2760,inf
19.700,0.0000,0,1.2634,1.2634,inf
19.800,0.0000,0,1.2637,1.2637,inf
19.900,0.0000,0,1.2678,1.2678,inf
20.000,0.0000,0,1.2679,1.2679,inf
20.100,0.0000,0,1.2660,1.2660,inf
20.200,0.0000,0,1.2591,1.2591,inf
20.300,0.0000,0,1.2659,1.2659,inf
20.400,0.0000,0,1.2692,1.2692,inf
20.500,0.0000,0,1.2689,1.2689,inf
20.600,0.0000,0,1.2702,1.2702,inf
20.700,0.0000,0,1.2664,1.2664,inf
20.800,0.0000,0,1.2725,1.2725,inf
20.900,0.0000,0,1.2680,1.2680,inf
21.000,0.0000,0,1.2637,1.2637,inf
21.100,0.0000,0,1.2692,1.2692,inf
21.200,0.0000,0,1.2717,1.2717,inf
21.300,0.0000,0,1.2581,1.2581,inf
21.400,0.0000,0,1.2830,1.2830,inf
21.500,0.0000,0,1.2860,1.2860,inf
21.600,0.0000,0,1.2620,1.2620,inf
21.700,0.0000,0,1.2716,1.2716,inf
21.800,0.0000,0,1.2800,1.2800,inf
21.900,0.0000,0,1.2508,1.2508,inf
22.000,0.0000,0,1.2631,1.2631,inf
22.100,0.0000,0,1.2670,1.2670,inf
22.200,0.0000,0,1.2754,1.2754,inf
22.300,0.0000,0,1.2599,1.2599,inf
22.400,0.0000,0,1.2725,1.2725,inf
22.500,0.0000,0,1.2762,1.2762,inf
22.600,0.0000,0,1.2678,1.2678,inf
22.700,0.0000,0,1.2796,1.2796,inf
22.800,0.0000,0,1.2715,1.2715,inf
22.900,0.0000,0,1.2563,1.2563,inf
23.000,0.0000,0,1.2698,1.2698,inf
23.100,0.0000,0,1.2718,1.2718,inf
23.200,0.0000,0,1.2731,1.2731,inf
23.300,0.0000,0,1.2652,1.2652,inf
23.400,0.0000,0,1.2746,1.2746,inf
23.500,0.0000,0,1.2730,1.2730,inf
23.700,0.0000,0,1.2765,1.2765,inf
23.800,0.0000,0,1.2715,1.2715,inf
23.900,0.0000,0,1.2745,1.2745,inf
24.000,0.0000,0,1.2572,1.2572,inf
24.100,0.0000,0,1.2692,1.2692,inf
24.200,0.0000,0,1.2615,1.2615,inf
24.300,0.0000,0,1.2737,1.2737,inf
24.400,0.0000,0,1.2746,1.2746,inf
24.500,0.0000,0,1.2670,1.2670,inf
24.600,0.0000,0,1.2754,1.2754,inf
24.700,0.0000,0,1.2698,1.2698,inf
24.800,0.0000,0,1.2701,1.2701,inf
24.900,0.0000,0,1.2703,1.2703,inf
25.000,0.0000,0,1.2576,1.2576,inf
25.100,0.0000,0,1.2551,1.2551,inf
25.200,0.0000,0,1.2609,1.2609,inf
25.300,0.0000,0,1.2543,1.2543,inf
25.400,0.0000,0,1.2726,1.2726,inf
25.500,0.0000,0,1.2619,1.2619,inf
25.600,0.0000,0,1.2614,1.2614,inf
25.700,0.0000,0,1.2718,1.2718,inf
25.800,0.0000,0,1.2639,1.2639,inf
25.900,0.0000,0,1.2495,1.2495,inf
26.000,0.0000,0,1.2530,1.2530,inf
26.100,0.0000,0,1.2757,1.2757,inf
26.200,0.0000,0,1.2699,1.2699,inf
26.300,0.0000,0,1.2677,1.2677,inf
26.400,0.0000,0,1.2679,1.2679,inf
26.500,0.0000,0,1.2573,1.2573,inf
26.600,0.0000,0,1.2740,1.2740,inf
26.700,0.0000,0,1.2597,1.2597,inf
26.800,0.0000,0,1.2671,1.2671,inf
26.900,0.0000,0,1.2653,1.2653,inf
27.000,0.0000,0,1.2683,1.2683,inf
27.100,0.0000,0,1.2816,1.2816,inf
27.200,0.0000,0,1.2526,1.2526,inf
27.300,0.0000,0,1.2637,1.2637,inf
27.400,0.0000,0,1.2587,1.2587,inf
27.500,0.0000,0,1.2727,1.2727,inf
27.600,0.0000,0,1.2748,1.2748,inf
27.700,0.0000,0,1.2745,1.2745,inf
27.800,0.0000,0,1.2661,1.2661,inf
27.900,0.0000,0,1.2831,1.2831,inf
28.000,0.0000,0,1.2645,1.2645,inf
28.100,0.0000,0,1.2686,1.2686,inf
28.200,0.0000,0,1.2703,1.2703,inf
28.300,0.0000,0,1.2802,1.2802,inf
28.400,0.0000,0,1.2641,1.2641,inf
28.500,0.0000,0,1.2679,1.2679,inf
28.600,0.0000,0,1.2647,1.2647,inf
28.700,0.0000,0,1.2753,1.2753,inf
28.800,0.0000,0,1.2586,1.2586,inf
28.900,0.0000,0,1.2733,1.2733,inf
29.000,0.0000,0,1.2628,1.2628,inf
29.100,0.0000,0,1.2762,1.2762,inf
29.200,0.0000,0,1.2693,1.2693,inf
29.300,0.0000,0,1.2787,1.2787,inf
29.400,0.0000,0,1.2710,1.2710,inf
29.500,0.0000,0,1.2672,1.2672,inf
29.600,0.0000,0,1.2765,1.2765,inf
29.700,0.0000,0,1.2750,1.2750,inf
29.800,0.0000,0,1.2690,1.2690,inf
29.900,0.0000,0,1.2634,1.2634,inf
30.000,0.0000,0,1.2615,1.2615,inf
30.100,0.0000,0,1.2692,1.2692,inf
30.200,0.0000,0,1.2774,1.2774,inf
30.300,0.0000,0,1.2543,1.2543,inf
30.400,0.0000,0,1.2647,1.2647,inf
30.500,0.0000,0,1.2773,1.2773,inf
30.600,0.0000,0,1.2743,1.2743,inf
30.700,0.0000,0,1.2725,1.2725,inf
30.800,0.0000,0,1.2747,1.2747,inf
30.900,0.0000,0,1.2636,1.2636,inf
31.000,0.0000,0,1.2778,1.2778,inf
31.100,0.0000,0,1.2748,1.2748,inf
31.200,0.0000,0,1.2605,1.2605,inf
31.300,0.0000,0,1.2726,1.2726,inf
31.400,0.0000,0,1.2618,1.2618,inf
31.500,0.0000,0,1.2723,1.2723,inf
31.600,0.0000,0,1.2593,1.2593,inf
31.700,0.0000,0,1.2680,1.2680,inf
31.800,0.0000,0,1.2724,1.2724,inf
31.900,0.0000,0,1.2622,1.2622,inf
32.000,0.0000,0,1.2577,1.2577,inf
32.100,0.0000,0,1.2772,1.2772,inf
32.200,0.0000,0,1.2571,1.2571,inf
32.300,0.0000,0,1.2723,1.2723,inf
32.400,0.0000,0,1.2845,1.2845,inf
32.500,0.0000,0,1.2718,1.2718,inf
32.600,0.0000,0,1.2542,1.2542,inf
32.700,0.0000,0,1.2696,1.2696,inf
32.800,0.0000,0,1.2808,1.2808,inf
32.900,0.0000,0,1.2751,1.2751,inf
33.000,0.0000,0,1.2626,1.2626,inf
33.100,0.0000,0,1.2732,1.2732,inf
33.200,0.0000,0,1.2720,1.2720,inf
33.300,0.0000,0,1.2578,1.2578,inf
33.400,0.0000,0,1.2784,1.2784,inf
33.500,0.0000,0,1.2660,1.2660,inf
33.700,0.0000,0,1.2665,1.2665,inf
33.800,0.0000,0,1.2726,1.2726,inf
33.900,0.0000,0,1.2600,1.2600,inf
34.000,0.0000,0,1.2681,1.2681,inf
34.100,0.0000,0,1.2598,1.2598,inf
34.200,0.0000,0,1.2591,1.2591,inf
34.300,0.0000,0,1.2640,1.2640,inf
34.400,0.0000,0,1.2618,1.2618,inf
34.500,0.0000,0,1.2734,1.2734,inf
34.600,0.0000,0,1.2722,1.2722,inf
34.700,0.0000,0,1.2657,1.2657,inf
34.800,0.0000,0,1.2576,1.2576,inf
34.900,0.0000,0,1.2641,1.2641,inf
35.000,0.0000,0,1.2717,1.2717,inf
35.100,0.0000,0,1.2743,1.2743,inf
35.200,0.0000,0,1.2643,1.2643,inf
35.300,0.0000,0,1.2643,1.2643,inf
35.400,0.0000,0,1.2644,1.2644,inf
35.500,0.0000,0,1.2625,1.2625,inf
35.600,0.0000,0,1.2582,1.2582,inf
35.700,0.0000,0,1.2731,1.2731,inf
35.800,0.0000,0,1.2744,1.2744,inf
35.900,0.0000,0,1.2617,1.2617,inf
36.000,0.0000,0,1.2831,1.2831,inf
36.100,0.0000,0,1.2738,1.2738,inf
-2.000,0.0000,0,1.2735,1.2735,inf
-1.900,0.0000,0,1.2671,1.2671,inf
-1.800,0.0000,0,1.2527,1.2527,inf
-1.700,0.0000,0,1.2794,1.2794,inf
-1.600,0.0000,0,1.2741,1.2741,inf
-1.500,0.0000,0,1.2523,1.2523,inf
-1.400,0.0000,0,1.2597,1.2597,inf
-1.300,0.0000,0,1.2740,1.2740,inf
-1.100,0.0000,0,1.2583,1.2583,inf
-1.000,0.0000,0,1.2690,1.2690,inf
-0.900,0.0000,0,1.2705,1.2705,inf
-0.800,0.0000,0,1.2678,1.2678,inf
-0.600,0.0000,0,1.2605,1.2605,inf
-0.500,0.0000,0,1.2756,1.2756,inf
-0.400,0.0000,0,1.2788,1.2788,inf
-0.300,0.0000,0,1.2726,1.2726,inf
-0.200,0.0000,0,1.2573,1.2573,inf
-0.100,0.0000,0,1.2559,1.2559,inf
0.000,0.0000,0,1.2678,1.2678,inf
0.100,0.0000,0,1.2821,1.2821,inf
0.200,0.0000,0,1.2686,1.2686,inf
0.300,0.0000,0,1.2655,1.2655,inf
0.400,0.0000,0,1.2661,1.2661,inf
0.500,0.0000,0,1.2715,1.2715,inf
0.600,0.0000,0,1.2645,1.2645,inf
0.700,0.0000,0,1.2698,1.2698,inf
0.800,0.0000,0,1.2704,1.2704,inf
0.900,0.0000,0,1.2588,1.2588,inf
1.000,0.0000,0,1.2747,1.2747,inf
1.100,0.0000,0,1.2713,1.2713,inf
1.200,0.0000,0,1.2842,1.2842,inf
1.300,0.0000,0,1.2772,1.2772,inf
1.400,0.0000,0,1.2668,1.2668,inf
1.500,0.0000,0,1.2646,1.2646,inf
1.600,0.0000,0,1.2617,1.2617,inf
1.700,0.0000,0,1.2651,1.2651,inf
1.800,0.0000,0,1.2590,1.2590,inf
1.900,0.0000,0,1.2623,1.2623,inf
2.000,0.0000,0,1.2695,1.2695,inf
2.100,0.0000,0,1.2721,1.2721,inf
2.200,0.0000,0,1.2629,1.2629,inf
2.300,0.0000,0,1.2661,1.2661,inf
2.400,0.0000,0,1.2665,1.2665,inf
2.500,0.0000,0,1.2781,1.2781,inf
2.600,0.0000,0,1.2612,1.2612,inf
2.700,0.0000,0,1.2676,1.2676,inf
2.800,0.0000,0,1.2812,1.2812,inf
2.900,0.0000,0,1.2645,1.2645,inf
3.000,0.0000,0,1.2601,1.2601,inf
3.100,0.0000,0,1.2748,1.2748,inf
3.200,0.0000,0,1.2677,1.2677,inf
3.300,0.0000,0,1.2667,1.2667,inf
3.400,0.0000,0,1.2736,1.2736,inf
3.500,0.0000,0,1.2709,1.2709,inf
3.600,0.0000,0,1.2717,1.2717,inf
3.700,0.0000,0,1.2782,1.2782,inf
3.800,0.0000,0,1.2729,1.2729,inf
3.900,0.0000,0,1.2787,1.2787,inf
4.000,0.0000,0,1.2595,1.2595,inf
4.100,0.0000,0,1.2613,1.2613,inf
4.200,0.0000,0,1.2727,1.2727,inf
4.300,0.0000,0,1.2776,1.2776,inf
4.400,0.0000,0,1.2603,1.2603,inf
4.500,0.0000,0,1.2674,1.2674,inf
4.600,0.0000,0,1.2680,1.2680,inf
4.700,0.0000,0,1.2617,1.2617,inf
4.800,0.0000,0,1.2730,1.2730,inf
4.900,0.0000,0,1.2696,1.2696,inf
5.000,0.0000,0,1.2654,1.2654,inf
5.100,0.0000,0,1.2716,1.2716,inf
5.200,0.0000,0,1.2669,1.2669,inf
5.300,0.0000,0,1.2685,1.2685,inf
5.400,0.0000,0,1.2729,1.2729,inf
5.500,0.0000,0,1.2655,1.2655,inf
5.600,0.0000,0,1.2562,1.2562,inf
5.700,0.0000,0,1.2671,1.2671,inf
5.800,0.0000,0,1.2805,1.2805,inf
5.900,0.0000,0,1.2717,1.2717,inf
6.000,0.0000,0,1.2836,1.2836,inf
6.100,0.0000,0,1.2656,1.2656,inf
6.200,0.0000,0,1.2810,1.2810,inf
6.300,0.0000,0,1.2797,1.2797,inf
6.400,0.0000,0,1.2654,1.2654,inf
6.500,0.0000,0,1.2619,1.2619,inf
6.600,0.0000,0,1.2738,1.2738,inf
6.700,0.0000,0,1.2757,1.2757,inf
6.900,0.0000,0,1.2665,1.2665,inf
7.000,0.0000,0,1.2814,1.2814,inf
7.100,0.0000,0,1.2705,1.2705,inf
7.200,0.0000,0,1.2681,1.2681,inf
7.300,0.0000,0,1.2676,1.2676,inf
7.400,0.0000,0,1.2665,1.2665,inf
7.500,0.0000,0,1.2781,1.2781,inf
7.600,0.0000,0,1.2676,1.2676,inf
7.700,0.0000,0,1.2672,1.2672,inf
7.800,0.0000,0,1.2676,1.2676,inf
7.900,0.0000,0,1.2751,1.2751,inf
8.000,0.0000,0,1.2586,1.2586,inf
8.100,0.0000,0,1.2725,1.2725,inf
8.200,0.0000,0,1.2552,1.2552,inf
8.300,0.0000,0,1.2700,1.2700,inf
8.400,0.0000,0,1.2621,1.2621,inf
8.500,0.0000,0,1.2801,1.2801,inf
8.600,0.0000,0,1.2691,1.2691,inf
8.700,0.0000,0,1.2750,1.2750,inf
8.800,0.0000,0,1.2638,1.2638,inf
8.900,0.0000,0,1.2533,1.2533,inf
9.000,0.0000,0,1.2685,1.2685,inf
9.100,0.0000,0,1.2644,1.2644,inf
9.200,0.0000,0,1.2695,1.2695,inf
9.400,0.0000,0,1.2522,1.2522,inf
9.500,0.0000,0,1.2626,1.2626,inf
9.600,0.0000,0,1.2681,1.2681,inf
9.700,0.0000,0,1.2679,1.2679,inf
9.800,0.0000,0,1.2749,1.2749,inf
9.900,0.0000,0,1.2777,1.2777,inf
10.000,0.0000,0,1.2699,1.2699,inf
10.100,0.0000,0,1.2567,1.2567,inf
10.200,0.0000,0,1.2647,1.2647,inf
10.300,0.0000,0,1.2832,1.2832,inf
10.400,0.0000,0,1.2753,1.2753,inf
10.500,0.0000,0,1.2660,1.2660,inf
10.600,0.0000,0,1.2596,1.2596,inf
10.700,0.0000,0,1.2656,1.2656,inf
10.800,0.0000,0,1.2612,1.2612,inf
10.900,0.0000,0,1.2611,1.2611,inf
11.000,0.0000,0,1.2626,1.2626,inf
11.100,0.0000,0,1.2622,1.2622,inf
11.200,0.0000,0,1.2635,1.2635,inf
11.300,0.0000,0,1.2667,1.2667,inf
11.400,0.0000,0,1.2672,1.2672,inf
11.500,0.0000,0,1.2637,1.2637,inf
11.600,0.0000,0,1.2623,1.2623,inf
11.700,0.0000,0,1.2529,1.2529,inf
11.800,0.0000,0,1.2907,1.2907,inf
11.900,0.0000,0,1.2765,1.2765,inf
12.000,0.0000,0,1.2737,1.2737,inf
12.100,0.0000,0,1.2761,1.2761,inf
12.200,0.0000,0,1.2649,1.2649,inf
12.300,0.0000,0,1.2794,1.2794,inf
12.400,0.0000,0,1.2774,1.2774,inf
12.500,0.0000,0,1.2631,1.2631,inf
12.600,0.0000,0,1.2755,1.2755,inf
12.700,0.0000,0,1.2700,1.2700,inf
12.800,0.0000,0,1.2736,1.2736,inf
12.900,0.0000,0,1.2760,1.2760,inf
13.000,0.0000,0,1.2669,1.2669,inf
13.100,0.0000,0,1.2719,1.2719,inf
13.200,0.0000,0,1.2737,1.2737,inf
13.300,0.0000,0,1.2566,1.2566,inf
13.400,0.0000,0,1.2827,1.2827,inf
13.500,0.0000,0,1.2576,1.2576,inf
13.600,0.0000,0,1.2671,1.2671,inf
13.700,0.0000,0,1.2651,1.2651,inf
13.800,0.0000,0,1.2642,1.2642,inf
13.900,0.0000,0,1.2710,1.2710,inf
14.000,0.0000,0,1.2650,1.2650,inf
14.100,0.0000,0,1.2737,1.2737,inf
14.200,0.0000,0,1.2599,1.2599,inf
14.300,0.0000,0,1.2636,1.2636,inf
14.400,0.0000,0,1.2687,1.2687,inf
14.500,0.0000,0,1.2716,1.2716,inf
14.600,0.0000,0,1.2663,1.2663,inf
14.700,0.0000,0,1.2673,1.2673,inf
14.800,0.0000,0,1.2526,1.2526,inf
14.900,0.0000,0,1.2713,1.2713,inf
15.000,0.0000,0,1.2743,1.2743,inf
15.100,0.0000,0,1.2652,1.2652,inf
15.200,0.0000,0,1.2586,1.2586,inf
15.300,0.0000,0,1.2582,1.2582,inf
15.400,0.0000,0,1.2654,1.2654,inf
15.500,0.0000,0,1.2630,1.2630,inf
15.600,0.0000,0,1.2705,1.2705,inf
15.700,0.0000,0,1.2665,1.2665,inf
15.800,0.0000,0,1.2633,1.2633,inf
15.900,0.0000,0,1.2588,1.2588,inf
16.000,0.0000,0,1.2623,1.2623,inf
16.100,0.0000,0,1.2643,1.2643,inf
16.200,0.0000,0,1.2690,1.2690,inf
16.300,0.0000,0,1.2621,1.2621,inf
16.400,0.0000,0,1.2654,1.2654,inf
16.500,0.0000,0,1.2690,1.2690,inf
16.600,0.0000,0,1.2746,1.2746,inf
16.700,0.0000,0,1.2683,1.2683,inf
16.800,0.0000,0,1.2621,1.2621,inf
16.900,0.0000,0,1.2577,1.2577,inf
17.100,0.0000,0,1.2562,1.2562,inf
17.200,0.0000,0,1.2708,1.2708,inf
17.300,0.0000,0,1.2671,1.2671,inf
17.400,0.0000,0,1.2768,1.2768,inf
17.500,0.0000,0,1.2697,1.2697,inf
17.600,0.0000,0,1.2816,1.2816,inf
17.700,0.0000,0,1.2761,1.2761,inf
17.800,0.0000,0,1.2639,1.2639,inf
17.900,0.0000,0,1.2652,1.2652,inf
18.000,0.0000,0,1.2665,1.2665,inf
18.100,0.0000,0,1.2736,1.2736,inf
18.200,0.0000,0,1.2671,1.2671,inf
18.300,0.0000,0,1.2755,1.2755,inf
18.400,0.0000,0,1.2706,1.2706,inf
18.500,0.0000,0,1.2696,1.2696,inf
18.600,0.0000,0,1.2664,1.2664,inf
18.700,0.0000,0,1.2692,1.2692,inf
18.800,0.0000,0,1.2640,1.2640,inf
18.900,0.0000,0,1.2729,1.2729,inf
19.000,0.0000,0,1.2568,1.2568,inf
19.100,0.0000,0,1.2760,1.2760,inf
19.200,0.0000,0,1.2779,1.2779,inf
19.400,0.0000,0,1.2659,1.2659,inf
19.500,0.0000,0,1.2609,1.2609,inf
19.600,0.0000,0,1.2706,1.2706,inf
19.700,0.0000,0,1.2628,1.2628,inf
19.800,0.0000,0,1.2621,1.2621,inf
19.900,0.0000,0,1.2781,1.2781,inf
20.000,0.0000,0,1.2637,1.2637,inf
20.100,0.0000,0,1.2676,1.2676,inf
20.200,0.0000,0,1.2727,1.2727,inf
20.300,0.0000,0,1.2581,1.2581,inf
20.400,0.0000,0,1.2759,1.2759,inf
20.500,0.0000,0,1.2559,1.2559,inf
20.600,0.0000,0,1.2649,1.2649,inf
20.700,0.0000,0,1.2635,1.2635,inf
20.800,0.0000,0,1.2699,1.2699,inf
20.900,0.0000,0,1.2656,1.2656,inf
21.000,0.0000,0,1.2586,1.2586,inf
21.100,0.0000,0,1.2481,1.2481,inf
21.200,0.0000,0,1.2801,1.2801,inf
21.300,0.0000,0,1.2712,1.2712,inf
21.400,0.0000,0,1.2746,1.2746,inf
21.500,0.0000,0,1.2716,1.2716,inf
21.600,0.0000,0,1.2588,1.2588,inf
21.700,0.0000,0,1.2746,1.2746,inf
21.800,0.0000,0,1.2697,1.2697,inf
21.900,0.0000,0,1.2626,1.2626,inf
22.000,0.0000,0,1.2631,1.2631,inf
22.100,0.0000,0,1.2620,1.2620,inf
22.300,0.0000,0,1.2664,1.2664,inf
22.400,0.0000,0,1.2800,1.2800,inf
22.500,0.0000,0,1.2713,1.2713,inf
22.600,0.0000,0,1.2758,1.2758,inf
22.700,0.0000,0,1.2641,1.2641,inf
22.800,0.0000,0,1.2761,1.2761,inf
22.900,0.0000,0,1.2650,1.2650,inf
23.000,0.0000,0,1.2713,1.2713,inf
23.100,0.0000,0,1.2637,1.2637,inf
23.200,0.0000,0,1.2689,1.2689,inf
23.300,0.0000,0,1.2553,1.2553,inf
23.400,0.0000,0,1.2797,1.2797,inf
23.500,0.0000,0,1.2690,1.2690,inf
23.600,0.0000,0,1.2697,1.2697,inf
23.700,0.0000,0,1.2745,1.2745,inf
23.800,0.0000,0,1.2703,1.2703,inf
23.900,0.0000,0,1.2615,1.2615,inf
24.000,0.0000,0,1.2698,1.2698,inf
24.100,0.0000,0,1.2655,1.2655,inf
24.200,0.0000,0,1.2762,1.2762,inf
24.300,0.0000,0,1.2704,1.2704,inf
24.400,0.0000,0,1.2605,1.2605,inf
24.500,0.0000,0,1.2644,1.2644,inf
24.600,0.0000,0,1.2462,1.2462,inf
24.700,0.0000,0,1.2728,1.2728,inf
24.800,0.0000,0,1.2660,1.2660,inf
24.900,0.0000,0,1.2765,1.2765,inf
25.000,0.0000,0,1.2735,1.2735,inf
25.100,0.0000,0,1.2765,1.2765,inf
25.200,0.0000,0,1.2543,1.2543,inf
25.300,0.0000,0,1.2704,1.2704,inf
25.400,0.0000,0,1.2610,1.2610,inf
25.500,0.0000,0,1.2644,1.2644,inf
25.600,0.0000,0,1.2587,1.2587,inf
25.700,0.0000,0,1.2732,1.2732,inf
25.800,0.0000,0,1.2718,1.2718,inf
25.900,0.0000,0,1.2674,1.2674,inf
26.000,0.0000,0,1.2597,1.2597,inf
26.100,0.0000,0,1.2499,1.2499,inf
26.200,0.0000,0,1.2547,1.2547,inf
26.300,0.0000,0,1.2712,1.2712,inf
26.400,0.0000,0,1.2666,1.2666,inf
26.500,0.0000,0,1.2617,1.2617,inf
26.600,0.0000,0,1.2674,1.2674,inf
26.700,0.0000,0,1.2651,1.2651,inf
26.800,0.0000,0,1.2647,1.2647,inf
26.900,0.0000,0,1.2732,1.2732,inf
27.000,0.0000,0,1.2760,1.2760,inf
27.100,0.0000,0,1.2680,1.2680,inf
27.200,0.0000,0,1.2760,1.2760,inf
27.300,0.0000,0,1.2634,1.2634,inf
27.400,0.0000,0,1.2591,1.2591,inf
27.500,0.0000,0,1.2758,1.2758,inf
27.600,0.0000,0,1.2586,1.2586,inf
27.700,0.0000,0,1.2655,1.2655,inf
27.800,0.0000,0,1.2599,1.2599,inf
27.900,0.0000,0,1.2540,1.2540,inf
28.000,0.0000,0,1.2669,1.2669,inf
28.100,0.0000,0,1.2584,1.2584,inf
28.200,0.0000,0,1.2758,1.2758,inf
28.300,0.0000,0,1.2689,1.2689,inf
28.400,0.0000,0,1.2740,1.2740,inf
28.500,0.0000,0,1.2700,1.2700,inf
28.600,0.0000,0,1.2768,1.2768,inf
28.700,0.0000,0,1.2714,1.2714,inf
28.800,0.0000,0,1.2635,1.2635,inf
28.900,0.0000,0,1.2770,1.2770,inf
29.000,0.0000,0,1.2772,1.2772,inf
29.100,0.0000,0,1.2663,1.2663,inf
29.200,0.0000,0,1.2649,1.2649,inf
29.400,0.0000,0,1.2557,1.2557,inf
29.500,0.0000,0,1.2592,1.2592,inf
29.700,0.0000,0,1.2763,1.2763,inf
29.800,0.0000,0,1.2725,1.2725,inf
29.900,0.0000,0,1.2694,1.2694,inf
30.000,0.0000,0,1.2693,1.2693,inf
30.100,0.0000,0,1.2614,1.2614,inf
30.200,0.0000,0,1.2713,1.2713,inf
30.300,0.0000,0,1.2654,1.2654,inf
30.400,0.0000,0,1.2746,1.2746,inf
30.500,0.0000,0,1.2655,1.2655,inf
30.600,0.0000,0,1.2829,1.2829,inf
30.700,0.0000,0,1.2587,1.2587,inf
30.800,0.0000,0,1.2632,1.2632,inf
30.900,0.0000,0,1.2736,1.2736,inf
31.000,0.0000,0,1.2688,1.2688,inf
31.100,0.0000,0,1.2793,1.2793,inf
31.200,0.0000,0,1.2787,1.2787,inf
31.300,0.0000,0,1.2654,1.2654,inf
31.400,0.0000,0,1.2699,1.2699,inf
31.500,0.0000,0,1.2713,1.2713,inf
31.600,0.0000,0,1.2637,1.2637,inf
31.700,0.0000,0,1.2737,1.2737,inf
31.800,0.0000,0,1.2539,1.2539,inf
31.900,0.0000,0,1.2609,1.2609,inf
32.000,0.0000,0,1.2692,1.2692,inf
32.100,0.0000,0,1.2532,1.2532,inf
32.200,0.0000,0,1.2653,1.2653,inf
32.300,0.0000,0,1.2535,1.2535,inf
32.400,0.0000,0,1.2578,1.2578,inf
32.500,0.0000,0,1.2816,1.2816,inf
32.700,0.0000,0,1.2765,1.2765,inf
32.800,0.0000,0,1.2689,1.2689,inf
32.900,0.0000,0,1.2538,1.2538,inf
33.000,0.0000,0,1.2714,1.2714,inf
33.100,0.0000,0,1.2675,1.2675,inf
33.200,0.0000,0,1.2711,1.2711,inf
33.300,0.0000,0,1.2555,1.2555,inf
33.500,0.0000,0,1.2719,1.2719,inf
33.600,0.0000,0,1.2688,1.2688,inf
33.700,0.0000,0,1.2655,1.2655,inf
33.800,0.0000,0,1.2668,1.2668,inf
33.900,0.0000,0,1.2739,1.2739,inf
34.000,0.0000,0,1.2636,1.2636,inf
34.100,0.0000,0,1.2673,1.2673,inf
34.300,0.0000,0,1.2673,1.2673,inf
34.400,0.0000,0,1.2586,1.2586,inf
34.500,0.0000,0,1.2673,1.2673,inf
34.600,0.0000,0,1.2607,1.2607,inf
34.700,0.0000,0,1.2574,1.2574,inf
34.800,0.0000,0,1.2764,1.2764,inf
34.900,0.0000,0,1.2629,1.2629,inf
35.000,0.0000,0,1.2563,1.2563,inf
35.100,0.0000,0,1.2804,1.2804,inf
35.200,0.0000,0,1.2653,1.2653,inf
35.300,0.0000,0,1.2521,1.2521,inf
35.400,0.0000,0,1.2788,1.2788,inf
35.500,0.0000,0,1.2455,1.2455,inf
35.600,0.0000,0,1.2718,1.2718,inf
35.700,0.0000,0,1.2620,1.2620,inf
35.800,0.0000,0,1.2696,1.2696,inf
35.900,0.0000,0,1.2473,1.2473,inf
36.000,0.0000,0,1.2689,1.2689,inf
36.100,0.0000,0,1.2794,1.2794,inf
-2.200,0.0000,0,2.1726,2.1726,inf
-2.100,0.0000,0,2.1652,2.1652,inf
-2.000,0.0000,0,2.1658,2.1658,inf
-1.900,0.0000,0,2.1779,2.1779,inf
-1.800,0.0000,0,2.1638,2.1638,inf
-1.700,0.0000,0,2.1598,2.1598,inf
-1.600,0.0000,0,2.1708,2.1708,inf
-1.500,0.0000,0,2.1611,2.1611,inf
-1.400,0.0000,0,2.1688,2.1688,inf
-1.300,0.0000,0,2.1675,2.1675,inf
-1.200,0.0000,0,2.1723,2.1723,inf
-1.100,0.0000,0,2.1586,2.1586,inf
-1.000,0.0000,0,2.1733,2.1733,inf
-0.900,0.0000,0,2.1605,2.1605,inf
-0.800,0.0000,0,2.1752,2.1752,inf
-0.700,0.0000,0,2.1725,2.1725,inf
-0.600,0.0000,0,2.1630,2.1630,inf
-0.500,0.0000,0,2.1731,2.1731,inf
-0.400,0.0000,0,2.1665,2.1665,inf
-0.300,0.0000,0,2.1606,2.1606,inf
-0.200,0.0000,0,2.1650,2.1650,inf
-0.100,0.0000,0,2.1725,2.1725,inf
0.000,0.0000,0,2.1696,2.1696,inf
0.100,0.0000,0,2.1674,2.1674,inf
0.200,0.0000,0,2.1685,2.1685,inf
0.300,0.0000,0,2.1813,2.1813,inf
0.400,0.0000,0,2.1672,2.1672,inf
0.500,0.0000,0,2.1724,2.1724,inf
0.600,0.0000,0,2.1686,2.1686,inf
0.700,0.0000,0,2.1753,2.1753,inf
0.800,0.0000,0,2.1660,2.1660,inf
0.900,0.0000,0,2.1710,2.1710,inf
1.000,0.0000,0,2.1713,2.1713,inf
1.100,0.0000,0,2.1787,2.1787,inf
1.200,0.0000,0,2.1658,2.1658,inf
1.300,0.0000,0,2.1773,2.1773,inf
1.400,0.0000,0,2.1664,2.1664,inf
1.500,0.0000,0,2.1651,2.1651,inf
1.600,0.0000,0,2.1728,2.1728,inf
1.700,0.0000,0,2.1690,2.1690,inf
1.800,0.0000,0,2.1677,2.1677,inf
1.900,0.0000,0,2.1673,2.1673,inf
2.000,0.0000,0,2.1623,2.1623,inf
2.100,0.0000,0,2.1635,2.1635,inf
2.200,0.0000,0,2.1575,2.1575,inf
2.300,0.0000,0,2.1649,2.1649,inf
2.400,0.0000,0,2.1706,2.1706,inf
2.500,0.0000,0,2.1687,2.1687,inf
2.600,0.0000,0,2.1742,2.1742,inf
2.700,0.0000,0,2.1662,2.1662,inf
2.800,0.0000,0,2.1704,2.1704,inf
2.900,0.0000,0,2.1667,2.1667,inf
3.000,0.0000,0,2.1790,2.1790,inf
3.100,0.0000,0,2.1625,2.1625,inf
3.200,0.0000,0,2.1674,2.1674,inf
3.300,0.0000,0,2.1667,2.1667,inf
3.400,0.0000,0,2.1658,2.1658,inf
3.500,0.0000,0,2.1680,2.1680,inf
3.600,0.0000,0,2.1588,2.1588,inf
3.700,0.0000,0,2.1621,2.1621,inf
3.800,0.0000,0,2.1644,2.1644,inf
3.900,0.0000,0,2.1731,2.1731,inf
4.000,0.0000,0,2.1732,2.1732,inf
4.100,0.0000,0,2.1598,2.1598,inf
4.200,0.0000,0,2.1568,2.1568,inf
4.300,0.0000,0,2.1715,2.1715,inf
4.400,0.0000,0,2.1641,2.1641,inf
4.500,0.0000,0,2.1598,2.1598,inf
4.600,0.0000,0,2.1685,2.1685,inf
4.700,0.0000,0,2.1607,2.1607,inf
4.800,0.0000,0,2.1629,2.1629,inf
4.900,0.0000,0,2.1657,2.1657,inf
5.100,0.0000,0,2.1665,2.1665,inf
5.200,0.0000,0,2.1751,2.1751,inf
5.300,0.0000,0,2.1711,2.1711,inf
5.400,0.0000,0,2.1603,2.1603,inf
5.500,0.0000,0,2.1740,2.1740,inf
5.600,0.0000,0,2.1703,2.1703,inf
5.700,0.0000,0,2.1594,2.1594,inf
5.800,0.0000,0,2.1690,2.1690,inf
5.900,0.0000,0,2.1597,2.1597,inf
6.000,0.0000,0,2.1651,2.1651,inf
6.100,0.0000,0,2.1605,2.1605,inf
6.200,0.0000,0,2.1695,2.1695,inf
6.300,0.0000,0,2.1721,2.1721,inf
6.400,0.0000,0,2.1567,2.1567,inf
6.500,0.0000,0,2.1726,2.1726,inf
6.600,0.0000,0,2.1637,2.1637,inf
6.700,0.0000,0,2.1626,2.1626,inf
6.800,0.0000,0,2.1639,2.1639,inf
6.900,0.0000,0,2.1729,2.1729,inf
7.000,0.0000,0,2.1630,2.1630,inf
7.100,0.0000,0,2.1644,2.1644,inf
7.200,0.0000,0,2.1769,2.1769,inf
7.300,0.0000,0,2.1749,2.1749,inf
7.400,0.0000,0,2.1610,2.1610,inf
7.500,0.0000,0,2.1660,2.1660,inf
7.600,0.0000,0,2.1643,2.1643,inf
7.700,0.0000,0,2.1655,2.1655,inf
7.800,0.0000,0,2.1683,2.1683,inf
7.900,0.0000,0,2.1695,2.1695,inf
8.000,0.0000,0,2.1636,2.1636,inf
8.100,0.0000,0,2.1695,2.1695,inf
8.200,0.0000,0,2.1715,2.1715,inf
8.300,0.0000,0,2.1700,2.1700,inf
8.400,0.0000,0,2.1706,2.1706,inf
8.500,0.0000,0,2.1731,2.1731,inf
8.600,0.0000,0,2.1690,2.1690,inf
8.700,0.0000,0,2.1644,2.1644,inf
8.800,0.0000,0,2.1741,2.1741,inf
8.900,0.0000,0,2.1564,2.1564,inf
9.000,0.0000,0,2.1664,2.1664,inf
9.100,0.0000,0,2.1598,2.1598,inf
9.200,0.0000,0,2.1671,2.1671,inf
9.300,0.0000,0,2.1610,2.1610,inf
9.400,0.0000,0,2.1680,2.1680,inf
9.500,0.0000,0,2.1754,2.1754,inf
9.600,0.0000,0,2.1651,2.1651,inf
9.700,0.0000,0,2.1582,2.1582,inf
9.800,0.0000,0,2.1693,2.1693,inf
9.900,0.0000,0,2.1668,2.1668,inf
10.000,0.0000,0,2.1534,2.1534,inf
10.100,0.0000,0,2.1742,2.1742,inf
10.200,0.0000,0,2.1643,2.1643,inf
10.300,0.0000,0,2.1666,2.1666,inf
10.400,0.0000,0,2.1667,2.1667,inf
10.500,0.0000,0,2.1710,2.1710,inf
10.600,0.0000,0,2.1570,2.1570,inf
10.700,0.0000,0,2.1651,2.1651,inf
10.800,0.0000,0,2.1480,2.1480,inf
10.900,0.0000,0,2.1622,2.1622,inf
11.000,0.0000,0,2.1611,2.1611,inf
11.100,0.0000,0,2.1701,2.1701,inf
11.200,0.0000,0,2.1705,2.1705,inf
11.300,0.0000,0,2.1669,2.1669,inf
11.400,0.0000,0,2.1684,2.1684,inf
11.500,0.0000,0,2.1615,2.1615,inf
11.600,0.0000,0,2.1684,2.1684,inf
11.700,0.0000,0,2.1545,2.1545,inf
11.800,0.0000,0,2.1694,2.1694,inf
11.900,0.0000,0,2.1689,2.1689,inf
12.000,0.0000,0,2.1690,2.1690,inf
12.100,0.0000,0,2.1689,2.1689,inf
12.200,0.0000,0,2.1747,2.1747,inf
12.300,0.0000,0,2.1666,2.1666,inf
12.400,0.0000,0,2.1667,2.1667,inf
12.500,0.0000,0,2.1611,2.1611,inf
12.600,0.0000,0,2.1729,2.1729,inf
12.700,0.0000,0,2.1637,2.1637,inf
12.800,0.0000,0,2.1673,2.1673,inf
12.900,0.0000,0,2.1709,2.1709,inf
13.000,0.0000,0,2.1642,2.1642,inf
13.100,0.0000,0,2.1473,2.1473,inf
13.200,0.0000,0,2.1738,2.1738,inf
13.300,0.0000,0,2.1755,2.1755,inf
13.400,0.0000,0,2.1643,2.1643,inf
13.500,0.0000,0,2.1726,2.1726,inf
13.600,0.0000,0,2.1619,2.1619,inf
13.700,0.0000,0,2.1583,2.1583,inf
13.800,0.0000,0,2.1677,2.1677,inf
13.900,0.0000,0,2.1621,2.1621,inf
14.000,0.0000,0,2.1690,2.1690,inf
14.100,0.0000,0,2.1702,2.1702,inf
14.200,0.0000,0,2.1752,2.1752,inf
14.300,0.0000,0,2.1768,2.1768,inf
14.400,0.0000,0,2.1681,2.1681,inf
14.500,0.0000,0,2.1674,2.1674,inf
14.600,0.0000,0,2.1752,2.1752,inf
14.700,0.0000,0,2.1613,2.1613,inf
14.800,0.0000,0,2.1668,2.1668,inf
14.900,0.0000,0,2.1649,2.1649,inf
15.100,0.0000,0,2.1743,2.1743,inf
15.200,0.0000,0,2.1692,2.1692,inf
15.300,0.0000,0,2.1618,2.1618,inf
15.400,0.0000,0,2.1503,2.1503,inf
15.500,0.0000,0,2.1634,2.1634,inf
15.600,0.0000,0,2.1638,2.1638,inf
15.700,0.0000,0,2.1714,2.1714,inf
15.800,0.0000,0,2.1677,2.1677,inf
15.900,0.0000,0,2.1716,2.1716,inf
16.000,0.0000,0,2.1564,2.1564,inf
16.100,0.0000,0,2.1728,2.1728,inf
16.200,0.0000,0,2.1652,2.1652,inf
16.300,0.0000,0,2.1799,2.1799,inf
16.400,0.0000,0,2.1558,2.1558,inf
16.500,0.0000,0,2.1602,2.1602,inf
16.600,0.0000,0,2.1633,2.1633,inf
16.700,0.0000,0,2.1685,2.1685,inf
16.800,0.0000,0,2.1743,2.1743,inf
16.900,0.0000,0,2.1731,2.1731,inf
17.000,0.0000,0,2.1647,2.1647,inf
17.100,0.0000,0,2.1584,2.1584,inf
17.200,0.0000,0,2.1737,2.1737,inf
17.300,0.0000,0,2.1786,2.1786,inf
17.400,0.0000,0,2.1644,2.1644,inf
17.500,0.0000,0,2.1740,2.1740,inf
17.600,0.0000,0,2.1777,2.1777,inf
17.700,0.0000,0,2.1701,2.1701,inf
17.800,0.0000,0,2.1749,2.1749,inf
17.900,0.0000,0,2.1667,2.1667,inf
18.000,0.0000,0,2.1680,2.1680,inf
18.100,0.0000,0,2.1648,2.1648,inf
18.200,0.0000,0,2.1614,2.1614,inf
18.300,0.0000,0,2.1602,2.1602,inf
18.400,0.0000,0,2.1645,2.1645,inf
18.500,0.0000,0,2.1659,2.1659,inf
18.600,0.0000,0,2.1661,2.1661,inf
18.700,0.0000,0,2.1672,2.1672,inf
18.800,0.0000,0,2.1631,2.1631,inf
18.900,0.0000,0,2.1718,2.1718,inf
19.000,0.0000,0,2.1729,2.1729,inf
19.100,0.0000,0,2.1715,2.1715,inf
19.200,0.0000,0,2.1774,2.1774,inf
19.300,0.0000,0,2.1702,2.1702,inf
19.400,0.0000,0,2.1629,2.1629,inf
19.500,0.0000,0,2.1702,2.1702,inf
19.600,0.0000,0,2.1784,2.1784,inf
19.700,0.0000,0,2.1781,2.1781,inf
19.800,0.0000,0,2.1763,2.1763,inf
19.900,0.0000,0,2.1790,2.1790,inf
20.000,0.0000,0,2.1658,2.1658,inf
20.100,0.0000,0,2.1751,2.1751,inf
20.200,0.0000,0,2.1720,2.1720,inf
20.300,0.0000,0,2.1681,2.1681,inf
20.400,0.0000,0,2.1646,2.1646,inf
20.500,0.0000,0,2.1758,2.1758,inf
20.600,0.0000,0,2.1661,2.1661,inf
20.700,0.0000,0,2.1656,2.1656,inf
20.800,0.0000,0,2.1788,2.1788,inf
20.900,0.0000,0,2.1727,2.1727,inf
21.000,0.0000,0,2.1779,2.1779,inf
21.100,0.0000,0,2.1631,2.1631,inf
21.200,0.0000,0,2.1712,2.1712,inf
21.300,0.0000,0,2.1741,2.1741,inf
21.400,0.0000,0,2.1768,2.1768,inf
21.500,0.0000,0,2.1729,2.1729,inf
21.600,0.0000,0,2.1760,2.1760,inf
21.700,0.0000,0,2.1685,2.1685,inf
21.800,0.0000,0,2.1649,2.1649,inf
21.900,0.0000,0,2.1762,2.1762,inf
22.000,0.0000,0,2.1762,2.1762,inf
22.100,0.0000,0,2.1740,2.1740,inf
22.200,0.0000,0,2.1698,2.1698,inf
22.300,0.0000,0,2.1672,2.1672,inf
22.400,0.0000,0,2.1592,2.1592,inf
22.500,0.0000,0,2.1644,2.1644,inf
22.600,0.0000,0,2.1782,2.1782,inf
22.700,0.0000,0,2.1704,2.1704,inf
22.800,0.0000,0,2.1695,2.1695,inf
22.900,0.0000,0,2.1802,2.1802,inf
23.000,0.0000,0,2.1652,2.1652,inf
23.100,0.0000,0,2.1720,2.1720,inf
23.200,0.0000,0,2.1778,2.1778,inf
23.300,0.0000,0,2.1703,2.1703,inf
23.400,0.0000,0,2.1676,2.1676,inf
23.500,0.0000,0,2.1668,2.1668,inf
23.600,0.0000,0,2.1790,2.1790,inf
23.700,0.0000,0,2.1774,2.1774,inf
23.800,0.0000,0,2.1660,2.1660,inf
23.900,0.0000,0,2.1635,2.1635,inf
24.000,0.0000,0,2.1741,2.1741,inf
24.100,0.0000,0,2.1750,2.1750,inf
24.200,0.0000,0,2.1752,2.1752,inf
24.300,0.0000,0,2.1730,2.1730,inf
24.400,0.0000,0,2.1729,2.1729,inf
24.500,0.0000,0,2.1766,2.1766,inf
24.600,0.0000,0,2.1754,2.1754,inf
24.700,0.0000,0,2.1728,2.1728,inf
24.800,0.0000,0,2.1828,2.1828,inf
24.900,0.0000,0,2.1799,2.1799,inf
25.100,0.0000,0,2.1628,2.1628,inf
25.200,0.0000,0,2.1793,2.1793,inf
25.300,0.0000,0,2.1732,2.1732,inf
25.400,0.0000,0,2.1821,2.1821,inf
25.500,0.0000,0,2.1797,2.1797,inf
25.600,0.0000,0,2.1776,2.1776,inf
25.700,0.0000,0,2.1715,2.1715,inf
25.800,0.0000,0,2.1702,2.1702,inf
25.900,0.0000,0,2.1755,2.1755,inf
26.000,0.0000,0,2.1772,2.1772,inf
26.100,0.0000,0,2.1801,2.1801,inf
26.200,0.0000,0,2.1709,2.1709,inf
26.300,0.0000,0,2.1668,2.1668,inf
26.400,0.0000,0,2.1735,2.1735,inf
26.500,0.0000,0,2.1730,2.1730,inf
26.600,0.0000,0,2.1642,2.1642,inf
26.700,0.0000,0,2.1768,2.1768,inf
26.800,0.0000,0,2.1769,2.1769,inf
26.900,0.0000,0,2.1692,2.1692,inf
27.000,0.0000,0,2.1722,2.1722,inf
27.100,0.0000,0,2.1750,2.1750,inf
27.200,0.0000,0,2.1786,2.1786,inf
27.300,0.0000,0,2.1792,2.1792,inf
27.400,0.0000,0,2.1693,2.1693,inf
27.500,0.0000,0,2.1755,2.1755,inf
27.600,0.0000,0,2.1757,2.1757,inf
27.700,0.0000,0,2.1620,2.1620,inf
27.800,0.0000,0,2.1614,2.1614,inf
27.900,0.0000,0,2.1764,2.1764,inf
28.000,0.0000,0,2.1723,2.1723,inf
28.100,0.0000,0,2.1714,2.1714,inf
28.200,0.0000,0,2.1700,2.1700,inf
28.300,0.0000,0,2.1713,2.1713,inf
28.400,0.0000,0,2.1754,2.1754,inf
28.500,0.0000,0,2.1756,2.1756,inf
28.600,0.0000,0,2.1760,2.1760,inf
28.700,0.0000,0,2.1682,2.1682,inf
28.800,0.0000,0,2.1848,2.1848,inf
28.900,0.0000,0,2.1647,2.1647,inf
29.000,0.0000,0,2.1706,2.1706,inf
29.100,0.0000,0,2.1641,2.1641,inf
29.200,0.0000,0,2.1773,2.1773,inf
29.300,0.0000,0,2.1700,2.1700,inf
29.400,0.0000,0,2.1713,2.1713,inf
29.500,0.0000,0,2.1846,2.1846,inf
29.600,0.0000,0,2.1696,2.1696,inf
29.700,0.0000,0,2.1759,2.1759,inf
29.800,0.0000,0,2.1702,2.1702,inf
29.900,0.0000,0,2.1718,2.1718,inf
30.000,0.0000,0,2.1707,2.1707,inf
30.100,0.0000,0,2.1777,2.1777,inf
30.200,0.0000,0,2.1693,2.1693,inf
30.300,0.0000,0,2.1663,2.1663,inf
30.400,0.0000,0,2.1725,2.1725,inf
30.500,0.0000,0,2.1745,2.1745,inf
30.600,0.0000,0,2.1714,2.1714,inf
30.700,0.0000,0,2.1729,2.1729,inf
30.800,0.0000,0,2.1679,2.1679,inf
30.900,0.0000,0,2.1778,2.1778,inf
31.000,0.0000,0,2.1699,2.1699,inf
31.100,0.0000,0,2.1785,2.1785,inf
31.200,0.0000,0,2.1821,2.1821,inf
31.300,0.0000,0,2.1765,2.1765,inf
31.400,0.0000,0,2.1839,2.1839,inf
31.500,0.0000,0,2.1699,2.1699,inf
31.600,0.0000,0,2.1771,2.1771,inf
31.700,0.0000,0,2.1739,2.1739,inf
31.800,0.0000,0,2.1691,2.1691,inf
31.900,0.0000,0,2.1695,2.1695,inf
32.000,0.0000,0,2.1736,2.1736,inf
32.100,0.0000,0,2.1842,2.1842,inf
32.200,0.0000,0,2.1713,2.1713,inf
32.300,0.0000,0,2.1778,2.1778,inf
32.400,0.0000,0,2.1726,2.1726,inf
32.500,0.0000,0,2.1740,2.1740,inf
32.600,0.0000,0,2.1767,2.1767,inf
32.700,0.0000,0,2.1764,2.1764,inf
32.800,0.0000,0,2.1602,2.1602,inf
32.900,0.0000,0,2.1648,2.1648,inf
33.000,0.0000,0,2.1702,2.1702,inf
33.100,0.0000,0,2.1827,2.1827,inf
33.200,0.0000,0,2.1734,2.1734,inf
33.300,0.0000,0,2.1835,2.1835,inf
33.400,0.0000,0,2.1767,2.1767,inf
33.500,0.0000,0,2.1629,2.1629,inf
33.600,0.0000,0,2.1719,2.1719,inf
33.700,0.0000,0,2.1803,2.1803,inf
33.800,0.0000,0,2.1786,2.1786,inf
33.900,0.0000,0,2.1712,2.1712,inf
34.000,0.0000,0,2.1824,2.1824,inf
34.100,0.0000,0,2.1816,2.1816,inf
34.200,0.0000,0,2.1764,2.1764,inf
34.300,0.0000,0,2.1781,2.1781,inf
34.400,0.0000,0,2.1773,2.1773,inf
34.500,0.0000,0,2.1754,2.1754,inf
34.600,0.0000,0,2.1694,2.1694,inf
34.700,0.0000,0,2.1741,2.1741,inf
34.800,0.0000,0,2.1650,2.1650,inf
34.900,0.0000,0,2.1819,2.1819,inf
35.100,0.0000,0,2.1733,2.1733,inf
35.200,0.0000,0,2.1716,2.1716,inf
35.300,0.0000,0,2.1765,2.1765,inf
35.400,0.0000,0,2.1757,2.1757,inf
35.500,0.0000,0,2.1814,2.1814,inf
35.600,0.0000,0,2.1743,2.1743,inf
35.700,0.0000,0,2.1551,2.1551,inf
35.800,0.0000,0,2.1806,2.1806,inf
35.900,0.0000,0,2.1759,2.1759,inf
36.000,0.0000,0,2.1798,2.1798,inf
36.100,0.0000,0,2.1747,2.1747,inf
36.200,0.0000,0,2.1648,2.1648,inf
36.300,0.0000,0,2.1769,2.1769,inf
36.400,0.0000,0,2.1760,2.1760,inf
36.500,0.0000,0,2.1778,2.1778,inf
36.600,0.0000,0,2.1686,2.1686,inf
36.700,0.0000,0,2.1770,2.1770,inf
36.800,0.0000,0,2.1765,2.1765,inf
36.900,0.0000,0,2.1731,2.1731,inf
37.000,0.0000,0,2.1783,2.1783,inf
37.100,0.0000,0,2.1667,2.1667,inf
37.200,0.0000,0,2.1789,2.1789,inf
37.300,0.0000,0,2.1803,2.1803,inf
37.400,0.0000,0,2.1654,2.1654,inf
37.500,0.0000,0,2.1764,2.1764,inf
37.600,0.0000,0,2.1779,2.1779,inf
37.700,0.0000,0,2.1645,2.1645,inf
37.800,0.0000,0,2.1710,2.1710,inf
37.900,0.0000,0,2.1755,2.1755,inf
38.000,0.0000,0,2.1782,2.1782,inf
38.100,0.0000,0,2.1799,2.1799,inf
38.200,0.0000,0,2.1598,2.1598,inf
38.300,0.0000,0,2.1746,2.1746,inf
38.400,0.0000,0,2.1684,2.1684,inf
38.500,0.0000,0,2.1704,2.1704,inf
38.600,0.0000,0,2.1717,2.1717,inf
38.700,0.0000,0,2.1784,2.1784,inf
38.800,0.0000,0,2.1845,2.1845,inf
38.900,0.0000,0,2.1800,2.1800,inf
39.000,0.0000,0,2.1724,2.1724,inf
39.100,0.0000,0,2.1742,2.1742,inf
39.200,0.0000,0,2.1816,2.1816,inf
39.300,0.0000,0,2.1676,2.1676,inf
39.400,0.0000,0,2.1798,2.1798,inf
39.500,0.0000,0,2.1714,2.1714,inf
39.600,0.0000,0,2.1707,2.1707,inf
39.700,0.0000,0,2.1745,2.1745,inf
39.800,0.0000,0,2.1839,2.1839,inf
39.900,0.0000,0,2.1824,2.1824,inf
40.000,0.0000,0,2.1798,2.1798,inf
40.100,0.0000,0,2.1781,2.1781,inf
40.200,0.0000,0,2.1761,2.1761,inf
40.300,0.0000,0,2.1819,2.1819,inf
40.400,0.0000,0,2.1635,2.1635,inf
40.500,0.0000,0,2.1721,2.1721,inf
40.600,0.0000,0,2.1739,2.1739,inf
40.700,0.0000,0,2.1803,2.1803,inf
40.800,0.0000,0,2.1812,2.1812,inf
40.900,0.0000,0,2.1664,2.1664,inf
41.000,0.0000,0,2.1790,2.1790,inf
41.100,0.0000,0,2.1805,2.1805,inf
41.200,0.0000,0,2.1736,2.1736,inf
41.300,0.0000,0,2.1810,2.1810,inf
41.400,0.0000,0,2.1713,2.1713,inf
41.500,0.0000,0,2.1785,2.1785,inf
41.600,0.0000,0,2.1790,2.1790,inf
41.700,0.0000,0,2.1820,2.1820,inf
41.800,0.0000,0,2.1788,2.1788,inf
41.900,0.0000,0,2.1777,2.1777,inf
42.000,0.0000,0,2.1841,2.1841,inf
42.100,0.0000,0,2.1814,2.1814,inf
42.200,0.0000,0,2.1785,2.1785,inf
42.300,0.0000,0,2.1822,2.1822,inf
42.400,0.0000,0,2.1841,2.1841,inf
42.500,0.0000,0,2.1681,2.1681,inf
42.600,0.0000,0,2.1779,2.1779,inf
42.700,0.0000,0,2.1647,2.1647,inf
42.800,0.0000,0,2.1721,2.1721,inf
42.900,0.0000,0,2.1716,2.1716,inf
43.000,0.0000,0,2.1743,2.1743,inf
43.100,0.0000,0,2.1802,2.1802,inf
43.200,0.0000,0,2.1726,2.1726,inf
43.300,0.0000,0,2.1791,2.1791,inf
43.400,0.0000,0,2.1761,2.1761,inf
43.500,0.0000,0,2.1718,2.1718,inf
43.600,0.0000,0,2.1725,2.1725,inf
43.700,0.0000,0,2.1789,2.1789,inf
43.800,0.0000,0,2.1779,2.1779,inf
43.900,0.0000,0,2.1702,2.1702,inf
44.000,0.0000,0,2.1699,2.1699,inf
44.100,0.0000,0,2.1815,2.1815,inf
44.200,0.0000,0,2.1735,2.1735,inf
44.300,0.0000,0,2.1713,2.1713,inf
44.400,0.0000,0,2.1733,2.1733,inf
44.500,0.0000,0,2.1719,2.1719,inf
44.600,0.0000,0,2.1693,2.1693,inf
44.700,0.0000,0,2.1812,2.1812,inf
44.800,0.0000,0,2.1839,2.1839,inf
44.900,0.0000,0,2.1723,2.1723,inf
45.100,0.0000,0,2.1763,2.1763,inf
45.200,0.0000,0,2.1817,2.1817,inf
45.300,0.0000,0,2.1703,2.1703,inf
45.400,0.0000,0,2.1768,2.1768,inf
45.500,0.0000,0,2.1754,2.1754,inf
45.600,0.0000,0,2.1809,2.1809,inf
45.700,0.0000,0,2.1770,2.1770,inf
45.800,0.0000,0,2.1676,2.1676,inf
45.900,0.0000,0,2.1814,2.1814,inf
46.000,0.0000,0,2.1748,2.1748,inf
46.100,0.0000,0,2.1690,2.1690,inf
46.200,0.0000,0,2.1787,2.1787,inf
46.300,0.0000,0,2.1763,2.1763,inf
46.400,0.0000,0,2.1779,2.1779,inf
46.500,0.0000,0,2.1817,2.1817,inf
46.600,0.0000,0,2.1782,2.1782,inf
46.700,0.0000,0,2.1750,2.1750,inf
46.800,0.0000,0,2.1812,2.1812,inf
46.900,0.0000,0,2.1863,2.1863,inf
47.000,0.0000,0,2.1724,2.1724,inf
47.100,0.0000,0,2.1755,2.1755,inf
47.200,0.0000,0,2.1766,2.1766,inf
47.300,0.0000,0,2.1844,2.1844,inf
47.400,0.0000,0,2.1807,2.1807,inf
47.500,0.0000,0,2.1779,2.1779,inf
47.600,0.0000,0,2.1573,2.1573,inf
47.700,0.0000,0,2.1783,2.1783,inf
47.800,0.0000,0,2.1844,2.1844,inf
47.900,0.0000,0,2.1823,2.1823,inf
48.000,0.0000,0,2.1838,2.1838,inf
48.100,0.0000,0,2.1817,2.1817,inf
48.200,0.0000,0,2.1734,2.1734,inf
48.300,0.0000,0,2.1697,2.1697,inf
48.400,0.0000,0,2.1920,2.1920,inf
48.500,0.0000,0,2.1755,2.1755,inf
48.600,0.0000,0,2.1822,2.1822,inf
48.700,0.0000,0,2.1825,2.1825,inf
48.800,0.0000,0,2.1725,2.1725,inf
48.900,0.0000,0,2.1730,2.1730,inf
49.000,0.0000,0,2.1813,2.1813,inf
49.100,0.0000,0,2.1767,2.1767,inf
49.200,0.0000,0,2.1794,2.1794,inf
49.300,0.0000,0,2.1739,2.1739,inf
49.400,0.0000,0,2.1771,2.1771,inf
49.500,0.0000,0,2.1788,2.1788,inf
49.600,0.0000,0,2.1708,2.1708,inf
49.700,0.0000,0,2.1840,2.1840,inf
49.800,0.0000,0,2.1772,2.1772,inf
49.900,0.0000,0,2.1745,2.1745,inf
50.000,0.0000,0,2.1781,2.1781,inf
50.100,0.0000,0,2.1827,2.1827,inf
50.200,0.0000,0,2.1820,2.1820,inf
50.300,0.0000,0,2.1841,2.1841,inf
50.400,0.0000,0,2.1823,2.1823,inf
50.500,0.0000,0,2.1806,2.1806,inf
50.600,0.0000,0,2.1816,2.1816,inf
50.700,0.0000,0,2.1795,2.1795,inf
50.800,0.0000,0,2.1780,2.1780,inf
50.900,0.0000,0,2.1825,2.1825,inf
51.000,0.0000,0,2.1814,2.1814,inf
51.100,0.0000,0,2.1806,2.1806,inf
51.200,0.0000,0,2.1774,2.1774,inf
51.300,0.0000,0,2.1788,2.1788,inf
51.400,0.0000,0,2.1718,2.1718,inf
51.500,0.0000,0,2.1896,2.1896,inf
51.600,0.0000,0,2.1731,2.1731,inf
51.700,0.0000,0,2.1817,2.1817,inf
51.800,0.0000,0,2.1685,2.1685,inf
51.900,0.0000,0,2.1669,2.1669,inf
52.000,0.0000,0,2.1845,2.1845,inf
52.100,0.0000,0,2.1770,2.1770,inf
52.200,0.0000,0,2.1718,2.1718,inf
52.300,0.0000,0,2.1763,2.1763,inf
52.400,0.0000,0,2.1791,2.1791,inf
52.500,0.0000,0,2.1822,2.1822,inf
52.600,0.0000,0,2.1763,2.1763,inf
52.700,0.0000,0,2.1774,2.1774,inf
52.800,0.0000,0,2.1812,2.1812,inf
52.900,0.0000,0,2.1698,2.1698,inf
53.000,0.0000,0,2.1799,2.1799,inf
53.100,0.0000,0,2.1775,2.1775,inf
53.200,0.0000,0,2.1749,2.1749,inf
53.300,0.0000,0,2.1801,2.1801,inf
53.400,0.0000,0,2.1805,2.1805,inf
53.500,0.0000,0,2.1761,2.1761,inf
53.600,0.0000,0,2.1790,2.1790,inf
53.700,0.0000,0,2.1844,2.1844,inf
53.800,0.0000,0,2.1752,2.1752,inf
53.900,0.0000,0,2.1865,2.1865,inf
54.000,0.0000,0,2.1816,2.1816,inf
54.100,0.0000,0,2.1741,2.1741,inf
54.200,0.0000,0,2.1851,2.1851,inf
54.300,0.0000,0,2.1683,2.1683,inf
54.400,0.0000,0,2.1723,2.1723,inf
54.500,0.0000,0,2.1752,2.1752,inf
54.600,0.0000,0,2.1862,2.1862,inf
54.700,0.0000,0,2.1834,2.1834,inf
54.800,0.0000,0,2.1787,2.1787,inf
54.900,0.0000,0,2.1709,2.1709,inf
55.100,0.0000,0,2.1823,2.1823,inf
55.200,0.0000,0,2.1809,2.1809,inf
55.300,0.0000,0,2.1812,2.1812,inf
55.400,0.0000,0,2.1785,2.1785,inf
55.500,0.0000,0,2.1777,2.1777,inf
55.600,0.0000,0,2.1808,2.1808,inf
55.700,0.0000,0,2.1697,2.1697,inf
55.800,0.0000,0,2.1885,2.1885,inf
55.900,0.0000,0,2.1878,2.1878,inf
56.000,0.0000,0,2.1800,2.1800,inf
56.100,0.0000,0,2.1739,2.1739,inf
56.200,0.0000,0,2.1756,2.1756,inf
56.300,0.0000,0,2.1851,2.1851,inf
56.400,0.0000,0,2.1803,2.1803,inf
56.500,0.0000,0,2.1792,2.1792,inf
56.600,0.0000,0,2.1827,2.1827,inf
56.700,0.0000,0,2.1824,2.1824,inf
56.800,0.0000,0,2.1797,2.1797,inf
56.900,0.0000,0,2.1845,2.1845,inf
57.000,0.0000,0,2.1804,2.1804,inf
57.100,0.0000,0,2.1835,2.1835,inf
57.200,0.0000,0,2.1755,2.1755,inf
57.300,0.0000,0,2.1768,2.1768,inf
57.400,0.0000,0,2.1814,2.1814,inf
57.500,0.0000,0,2.1878,2.1878,inf
57.600,0.0000,0,2.1807,2.1807,inf
57.700,0.0000,0,2.1732,2.1732,inf
57.800,0.0000,0,2.1789,2.1789,inf
57.900,0.0000,0,2.1823,2.1823,inf
58.000,0.0000,0,2.1879,2.1879,inf
58.100,0.0000,0,2.1769,2.1769,inf
58.200,0.0000,0,2.1874,2.1874,inf
58.300,0.0000,0,2.1843,2.1843,inf
58.400,0.0000,0,2.1840,2.1840,inf
58.500,0.0000,0,2.1807,2.1807,inf
58.600,0.0000,0,2.1710,2.1710,inf
58.700,0.0000,0,2.1694,2.1694,inf
58.800,0.0000,0,2.1771,2.1771,inf
58.900,0.0000,0,2.1812,2.1812,inf
59.000,0.0000,0,2.1822,2.1822,inf
59.100,0.0000,0,2.1831,2.1831,inf
59.200,0.0000,0,2.1757,2.1757,inf
59.300,0.0000,0,2.1882,2.1882,inf
59.400,0.0000,0,2.1707,2.1707,inf
59.500,0.0000,0,2.1846,2.1846,inf
59.600,0.0000,0,2.1796,2.1796,inf
59.700,0.0000,0,2.1743,2.1743,inf
59.800,0.0000,0,2.1821,2.1821,inf
59.900,0.0000,0,2.1859,2.1859,inf
60.000,0.0000,0,2.1812,2.1812,inf
60.100,0.0000,0,2.1808,2.1808,inf
60.200,0.0000,0,2.1815,2.1815,inf
60.300,0.0000,0,2.1781,2.1781,inf
60.400,0.0000,0,2.1819,2.1819,inf
60.500,0.0000,0,2.1881,2.1881,inf
60.600,0.0000,0,2.1847,2.1847,inf
60.700,0.0000,0,2.1830,2.1830,inf
60.800,0.0000,0,2.1760,2.1760,inf
60.900,0.0000,0,2.1806,2.1806,inf
61.000,0.0000,0,2.1758,2.1758,inf
61.100,0.0000,0,2.1762,2.1762,inf
61.200,0.0000,0,2.1800,2.1800,inf
61.300,0.0000,0,2.1801,2.1801,inf
61.400,0.0000,0,2.1753,2.1753,inf
61.500,0.0000,0,2.1861,2.1861,inf
61.600,0.0000,0,2.1865,2.1865,inf
61.700,0.0000,0,2.1845,2.1845,inf
61.800,0.0000,0,2.1831,2.1831,inf
61.900,0.0000,0,2.1800,2.1800,inf
62.000,0.0000,0,2.1627,2.1627,inf
62.100,0.0000,0,2.1623,2.1623,inf
62.200,0.0000,0,2.1811,2.1811,inf
62.300,0.0000,0,2.1820,2.1820,inf
62.400,0.0000,0,2.1798,2.1798,inf
62.500,0.0000,0,2.1789,2.1789,inf
62.600,0.0000,0,2.1796,2.1796,inf
62.700,0.0000,0,2.1916,2.1916,inf
62.800,0.0000,0,2.1820,2.1820,inf
62.900,0.0000,0,2.1719,2.1719,inf
63.000,0.0000,0,2.1873,2.1873,inf
63.100,0.0000,0,2.1852,2.1852,inf
63.200,0.0000,0,2.1686,2.1686,inf
63.300,0.0000,0,2.1832,2.1832,inf
63.400,0.0000,0,2.1831,2.1831,inf
63.500,0.0000,0,2.1829,2.1829,inf
63.600,0.0000,0,2.1776,2.1776,inf
63.700,0.0000,0,2.1764,2.1764,inf
63.800,0.0000,0,2.1864,2.1864,inf
63.900,0.0000,0,2.1933,2.1933,inf
64.000,0.0000,0,2.1812,2.1812,inf
64.100,0.0000,0,2.1772,2.1772,inf
64.200,0.0000,0,2.1795,2.1795,inf
64.300,0.0000,0,2.1788,2.1788,inf
64.400,0.0000,0,2.1841,2.1841,inf
64.500,0.0000,0,2.1857,2.1857,inf
64.600,0.0000,0,2.1852,2.1852,inf
64.700,0.0000,0,2.1856,2.1856,inf
64.800,0.0000,0,2.1888,2.1888,inf
64.900,0.0000,0,2.1850,2.1850,inf
65.100,0.0000,0,2.1740,2.1740,inf
65.200,0.0000,0,2.1803,2.1803,inf
65.300,0.0000,0,2.1918,2.1918,inf
65.400,0.0000,0,2.1846,2.1846,inf
65.500,0.0000,0,2.1795,2.1795,inf
65.600,0.0000,0,2.1776,2.1776,inf
65.700,0.0000,0,2.1855,2.1855,inf
65.800,0.0000,0,2.1691,2.1691,inf
65.900,0.0000,0,2.1838,2.1838,inf
66.000,0.0000,0,2.1804,2.1804,inf
66.100,0.0000,0,2.1815,2.1815,inf
66.200,0.0000,0,2.1725,2.1725,inf
66.300,0.0000,0,2.1881,2.1881,inf
66.400,0.0000,0,2.1833,2.1833,inf
66.500,0.0000,0,2.1776,2.1776,inf
66.600,0.0000,0,2.1704,2.1704,inf
66.700,0.0000,0,2.1828,2.1828,inf
66.800,0.0000,0,2.1896,2.1896,inf
66.900,0.0000,0,2.1909,2.1909,inf
67.000,0.0000,0,2.1783,2.1783,inf
67.100,0.0000,0,2.1892,2.1892,inf
67.200,0.0000,0,2.1841,2.1841,inf
67.300,0.0000,0,2.1739,2.1739,inf
67.400,0.0000,0,2.1896,2.1896,inf
67.500,0.0000,0,2.1721,2.1721,inf
67.600,0.0000,0,2.1837,2.1837,inf
67.700,0.0000,0,2.1908,2.1908,inf
67.800,0.0000,0,2.1856,2.1856,inf
67.900,0.0000,0,2.1866,2.1866,inf
68.000,0.0000,0,2.1842,2.1842,inf
68.100,0.0000,0,2.1897,2.1897,inf
68.200,0.0000,0,2.1838,2.1838,inf
68.300,0.0000,0,2.1875,2.1875,inf
68.400,0.0000,0,2.1915,2.1915,inf
68.500,0.0000,0,2.1898,2.1898,inf
68.600,0.0000,0,2.1793,2.1793,inf
68.700,0.0000,0,2.1895,2.1895,inf
68.800,0.0000,0,2.1849,2.1849,inf
68.900,0.0000,0,2.1789,2.1789,inf
69.000,0.0000,0,2.1881,2.1881,inf
69.100,0.0000,0,2.1814,2.1814,inf
69.200,0.0000,0,2.1880,2.1880,inf
69.300,0.0000,0,2.1782,2.1782,inf
69.400,0.0000,0,2.1757,2.1757,inf
69.500,0.0000,0,2.1784,2.1784,inf
69.600,0.0000,0,2.1828,2.1828,inf
69.700,0.0000,0,2.1884,2.1884,inf
69.800,0.0000,0,2.1872,2.1872,inf
69.900,0.0000,0,2.1837,2.1837,inf
70.000,0.0000,0,2.1893,2.1893,inf
70.100,0.0000,0,2.1892,2.1892,inf
70.200,0.0000,0,2.1855,2.1855,inf
70.300,0.0000,0,2.1833,2.1833,inf
70.400,0.0000,0,2.1801,2.1801,inf
70.500,0.0000,0,2.1869,2.1869,inf
70.600,0.0000,0,2.1816,2.1816,inf
70.700,0.0000,0,2.1772,2.1772,inf
70.800,0.0000,0,2.1709,2.1709,inf
70.900,0.0000,0,2.1871,2.1871,inf
71.000,0.0000,0,2.1849,2.1849,inf
71.100,0.0000,0,2.1823,2.1823,inf
71.200,0.0000,0,2.1755,2.1755,inf
71.300,0.0000,0,2.1818,2.1818,inf
71.400,0.0000,0,2.1902,2.1902,inf
71.500,0.0000,0,2.1818,2.1818,inf
71.600,0.0000,0,2.1813,2.1813,inf
71.700,0.0000,0,2.1881,2.1881,inf
71.800,0.0000,0,2.1843,2.1843,inf
71.900,0.0000,0,2.1797,2.1797,inf
72.000,0.0000,0,2.1888,2.1888,inf
72.100,0.0000,0,2.1803,2.1803,inf
72.200,0.0000,0,2.1887,2.1887,inf
72.300,0.0000,0,2.1919,2.1919,inf
72.400,0.0000,0,2.1842,2.1842,inf
72.500,0.0000,0,2.1868,2.1868,inf
72.600,0.0000,0,2.1840,2.1840,inf
72.700,0.0000,0,2.1892,2.1892,inf
72.800,0.0000,0,2.1802,2.1802,inf
72.900,0.0000,0,2.1866,2.1866,inf
73.000,0.0000,0,2.1941,2.1941,inf
73.100,0.0000,0,2.1798,2.1798,inf
73.200,0.0000,0,2.1765,2.1765,inf
73.300,0.0000,0,2.1857,2.1857,inf
73.400,0.0000,0,2.1747,2.1747,inf
73.500,0.0000,0,2.1867,2.1867,inf
73.600,0.0000,0,2.1952,2.1952,inf
73.700,0.0000,0,2.1865,2.1865,inf
73.800,0.0000,0,2.1775,2.1775,inf
73.900,0.0000,0,2.1819,2.1819,inf
74.000,0.0000,0,2.1919,2.1919,inf
74.100,0.0000,0,2.1724,2.1724,inf
74.200,0.0000,0,2.1763,2.1763,inf
74.300,0.0000,0,2.1816,2.1816,inf
74.400,0.0000,0,2.1808,2.1808,inf
74.500,0.0000,0,2.1883,2.1883,inf
74.600,0.0000,0,2.1812,2.1812,inf
74.700,0.0000,0,2.1823,2.1823,inf
74.800,0.0000,0,2.1770,2.1770,inf
74.900,0.0000,0,2.1778,2.1778,inf
75.100,0.0000,0,2.1804,2.1804,inf
75.200,0.0000,0,2.1831,2.1831,inf
75.300,0.0000,0,2.1899,2.1899,inf
75.400,0.0000,0,2.1817,2.1817,inf
75.500,0.0000,0,2.1843,2.1843,inf
75.600,0.0000,0,2.1825,2.1825,inf
75.700,0.0000,0,2.1872,2.1872,inf
75.800,0.0000,0,2.1893,2.1893,inf
75.900,0.0000,0,2.1861,2.1861,inf
76.000,0.0000,0,2.1816,2.1816,inf
76.100,0.0000,0,2.1914,2.1914,inf
76.200,0.0000,0,2.1965,2.1965,inf
76.300,0.0000,0,2.1798,2.1798,inf
76.400,0.0000,0,2.1924,2.1924,inf
76.500,0.0000,0,2.1801,2.1801,inf
76.600,0.0000,0,2.1942,2.1942,inf
76.700,0.0000,0,2.1880,2.1880,inf
76.800,0.0000,0,2.1863,2.1863,inf
76.900,0.0000,0,2.1864,2.1864,inf
77.000,0.0000,0,2.1879,2.1879,inf
77.100,0.0000,0,2.1851,2.1851,inf
77.200,0.0000,0,2.1819,2.1819,inf
77.300,0.0000,0,2.1823,2.1823,inf
77.400,0.0000,0,2.1879,2.1879,inf
77.500,0.0000,0,2.1751,2.1751,inf
77.600,0.0000,0,2.1802,2.1802,inf
77.700,0.0000,0,2.1847,2.1847,inf
77.800,0.0000,0,2.1882,2.1882,inf
77.900,0.0000,0,2.1865,2.1865,inf
78.000,0.0000,0,2.1878,2.1878,inf
78.100,0.0000,0,2.1913,2.1913,inf
78.200,0.0000,0,2.1807,2.1807,inf
78.300,0.0000,0,2.1861,2.1861,inf
78.400,0.0000,0,2.1892,2.1892,inf
78.500,0.0000,0,2.1900,2.1900,inf
78.600,0.0000,0,2.1786,2.1786,inf
78.700,0.0000,0,2.1767,2.1767,inf
78.800,0.0000,0,2.1890,2.1890,inf
78.900,0.0000,0,2.1859,2.1859,inf
79.000,0.0000,0,2.1901,2.1901,inf
79.100,0.0000,0,2.1872,2.1872,inf
79.200,0.0000,0,2.1889,2.1889,inf
79.300,0.0000,0,2.1781,2.1781,inf
79.400,0.0000,0,2.1911,2.1911,inf
79.500,0.0000,0,2.1875,2.1875,inf
79.600,0.0000,0,2.1835,2.1835,inf
79.700,0.0000,0,2.1781,2.1781,inf
79.800,0.0000,0,2.1905,2.1905,inf
79.900,0.0000,0,2.1845,2.1845,inf
80.000,0.0000,0,2.1814,2.1814,inf
80.100,0.0000,0,2.1792,2.1792,inf
80.200,0.0000,0,2.1805,2.1805,inf
80.300,0.0000,0,2.1800,2.1800,inf
80.400,0.0000,0,2.1911,2.1911,inf
80.500,0.0000,0,2.1840,2.1840,inf
80.600,0.0000,0,2.1851,2.1851,inf
80.700,0.0000,0,2.1862,2.1862,inf
80.800,0.0000,0,2.1889,2.1889,inf
80.900,0.0000,0,2.1822,2.1822,inf
81.000,0.0000,0,2.1811,2.1811,inf
81.100,0.0000,0,2.1827,2.1827,inf
81.200,0.0000,0,2.1911,2.1911,inf
81.300,0.0000,0,2.1855,2.1855,inf
81.400,0.0000,0,2.1770,2.1770,inf
81.500,0.0000,0,2.1856,2.1856,inf
81.600,0.0000,0,2.1834,2.1834,inf
81.700,0.0000,0,2.1794,2.1794,inf
81.800,0.0000,0,2.1873,2.1873,inf
81.900,0.0000,0,2.1835,2.1835,inf
82.000,0.0000,0,2.1949,2.1949,inf
82.100,0.0000,0,2.1830,2.1830,inf
82.200,0.0000,0,2.1837,2.1837,inf
82.300,0.0000,0,2.1844,2.1844,inf
82.400,0.0000,0,2.1980,2.1980,inf
82.500,0.0000,0,2.1902,2.1902,inf
82.600,0.0000,0,2.1921,2.1921,inf
82.700,0.0000,0,2.1828,2.1828,inf
82.800,0.0000,0,2.1864,2.1864,inf
82.900,0.0000,0,2.1851,2.1851,inf
83.000,0.0000,0,2.1929,2.1929,inf
83.100,0.0000,0,2.1756,2.1756,inf
83.200,0.0000,0,2.1810,2.1810,inf
83.300,0.0000,0,2.1862,2.1862,inf
83.400,0.0000,0,2.1900,2.1900,inf
83.500,0.0000,0,2.1889,2.1889,inf
83.600,0.0000,0,2.1911,2.1911,inf
83.700,0.0000,0,2.1916,2.1916,inf
83.800,0.0000,0,2.1892,2.1892,inf
83.900,0.0000,0,2.1825,2.1825,inf
84.000,0.0000,0,2.1937,2.1937,inf
84.100,0.0000,0,2.1805,2.1805,inf
84.200,0.0000,0,2.1825,2.1825,inf
84.300,0.0000,0,2.1827,2.1827,inf
84.400,0.0000,0,2.1889,2.1889,inf
84.500,0.0000,0,2.1998,2.1998,inf
84.600,0.0000,0,2.1781,2.1781,inf
84.700,0.0000,0,2.1906,2.1906,inf
84.800,0.0000,0,2.1837,2.1837,inf
84.900,0.0000,0,2.1909,2.1909,inf
85.000,0.0000,0,2.1791,2.1791,inf
85.100,0.0000,0,2.1975,2.1975,inf
85.200,0.0000,0,2.1715,2.1715,inf
85.300,0.0000,0,2.1834,2.1834,inf
85.400,0.0000,0,2.1929,2.1929,inf
85.500,0.0000,0,2.1892,2.1892,inf
85.600,0.0000,0,2.1855,2.1855,inf
85.700,0.0000,0,2.1848,2.1848,inf
85.800,0.0000,0,2.1900,2.1900,inf
85.900,0.0000,0,2.1815,2.1815,inf
86.000,0.0000,0,2.1882,2.1882,inf
86.100,0.0000,0,2.1738,2.1738,inf
86.200,0.0000,0,2.1944,2.1944,inf
86.300,0.0000,0,2.1951,2.1951,inf
86.400,0.0000,0,2.1792,2.1792,inf
86.500,0.0000,0,2.1906,2.1906,inf
86.600,0.0000,0,2.1909,2.1909,inf
86.700,0.0000,0,2.1863,2.1863,inf
86.800,0.0000,0,2.1907,2.1907,inf
86.900,0.0000,0,2.1864,2.1864,inf
87.000,0.0000,0,2.1774,2.1774,inf
87.100,0.0000,0,2.1899,2.1899,inf
87.200,0.0000,0,2.1921,2.1921,inf
87.300,0.0000,0,2.1965,2.1965,inf
87.400,0.0000,0,2.1895,2.1895,inf
87.500,0.0000,0,2.1903,2.1903,inf
87.600,0.0000,0,2.1748,2.1748,inf
87.700,0.0000,0,2.1905,2.1905,inf
87.800,0.0000,0,2.1794,2.1794,inf
87.900,0.0000,0,2.1784,2.1784,inf
88.000,0.0000,0,2.1819,2.1819,inf
88.100,0.0000,0,2.1927,2.1927,inf
88.200,0.0000,0,2.1842,2.1842,inf
88.300,0.0000,0,2.1722,2.1722,inf
88.400,0.0000,0,2.1823,2.1823,inf
88.500,0.0000,0,2.1867,2.1867,inf
88.600,0.0000,0,2.1861,2.1861,inf
88.700,0.0000,0,2.1862,2.1862,inf
88.800,0.0000,0,2.1796,2.1796,inf
88.900,0.0000,0,2.1841,2.1841,inf
89.000,0.0000,0,2.1880,2.1880,inf
89.100,0.0000,0,2.1817,2.1817,inf
89.200,0.0000,0,2.1903,2.1903,inf
89.300,0.0000,0,2.1815,2.1815,inf
89.400,0.0000,0,2.1781,2.1781,inf
89.500,0.0000,0,2.1751,2.1751,inf
89.600,0.0000,0,2.1890,2.1890,inf
89.700,0.0000,0,2.1886,2.1886,inf
89.800,0.0000,0,2.1868,2.1868,inf
89.900,0.0000,0,2.1857,2.1857,inf
90.000,0.0000,0,2.1907,2.1907,inf
90.100,0.0000,0,2.1867,2.1867,inf
90.200,0.0000,0,2.1966,2.1966,inf
90.300,0.0000,0,2.1895,2.1895,inf
90.400,0.0000,0,2.1867,2.1867,inf
90.500,0.0000,0,2.1831,2.1831,inf
90.600,0.0000,0,2.1927,2.1927,inf
90.700,0.0000,0,2.1951,2.1951,inf
90.800,0.0000,0,2.1830,2.1830,inf
90.900,0.0000,0,2.1918,2.1918,inf
91.000,0.0000,0,2.1879,2.1879,inf
91.100,0.0000,0,2.1872,2.1872,inf
91.200,0.0000,0,2.1753,2.1753,inf
91.300,0.0000,0,2.1872,2.1872,inf
91.400,0.0000,0,2.1903,2.1903,inf
91.500,0.0000,0,2.1785,2.1785,inf
91.600,0.0000,0,2.1788,2.1788,inf
91.700,0.0000,0,2.1739,2.1739,inf
91.800,0.0000,0,2.1903,2.1903,inf
91.900,0.0000,0,2.1914,2.1914,inf
92.000,0.0000,0,2.1848,2.1848,inf
92.100,0.0000,0,2.1863,2.1863,inf
92.200,0.0000,0,2.1880,2.1880,inf
92.300,0.0000,0,2.1870,2.1870,inf
92.400,0.0000,0,2.1898,2.1898,inf
92.500,0.0000,0,2.1873,2.1873,inf
92.600,0.0000,0,2.1874,2.1874,inf
92.700,0.0000,0,2.1919,2.1919,inf
92.800,0.0000,0,2.1931,2.1931,inf
92.900,0.0000,0,2.1958,2.1958,inf
93.000,0.0000,0,2.1874,2.1874,inf
93.100,0.0000,0,2.1838,2.1838,inf
93.200,0.0000,0,2.1996,2.1996,inf
93.300,0.0000,0,2.1940,2.1940,inf
93.400,0.0000,0,2.1827,2.1827,inf
93.500,0.0000,0,2.1909,2.1909,inf
93.600,0.0000,0,2.1835,2.1835,inf
93.700,0.0000,0,2.1823,2.1823,inf
93.800,0.0000,0,2.1810,2.1810,inf
93.900,0.0000,0,2.1860,2.1860,inf
94.000,0.0000,0,2.1860,2.1860,inf
94.100,0.0000,0,2.1886,2.1886,inf
94.200,0.0000,0,2.1926,2.1926,inf
94.300,0.0000,0,2.1810,2.1810,inf
94.400,0.0000,0,2.1974,2.1974,inf
94.500,0.0000,0,2.1902,2.1902,inf
94.600,0.0000,0,2.1891,2.1891,inf
94.700,0.0000,0,2.1940,2.1940,inf
94.800,0.0000,0,2.1823,2.1823,inf
94.900,0.0000,0,2.1617,2.1617,inf
95.000,0.0000,0,2.1926,2.1926,inf
95.100,0.0000,0,2.1870,2.1870,inf
95.200,0.0000,0,2.1779,2.1779,inf
95.300,0.0000,0,2.1860,2.1860,inf
95.400,0.0000,0,2.1897,2.1897,inf
95.500,0.0000,0,2.1901,2.1901,inf
95.600,0.0000,0,2.1807,2.1807,inf
95.700,0.0000,0,2.1908,2.1908,inf
95.800,0.0000,0,2.1988,2.1988,inf
95.900,0.0000,0,2.1882,2.1882,inf
96.000,0.0000,0,2.1876,2.1876,inf
96.100,0.0000,0,2.1864,2.1864,inf
96.200,0.0000,0,2.1937,2.1937,inf
96.300,0.0000,0,2.1843,2.1843,inf
96.400,0.0000,0,2.1784,2.1784,inf
96.500,0.0000,0,2.1792,2.1792,inf
96.600,0.0000,0,2.1859,2.1859,inf
96.700,0.0000,0,2.1982,2.1982,inf
96.800,0.0000,0,2.1787,2.1787,inf
96.900,0.0000,0,2.1908,2.1908,inf
97.000,0.0000,0,2.1780,2.1780,inf
97.100,0.0000,0,2.1891,2.1891,inf
97.200,0.0000,0,2.1976,2.1976,inf
97.300,0.0000,0,2.1793,2.1793,inf
97.400,0.0000,0,2.1876,2.1876,inf
97.500,0.0000,0,2.1878,2.1878,inf
97.600,0.0000,0,2.1898,2.1898,inf
97.700,0.0000,0,2.1901,2.1901,inf
97.800,0.0000,0,2.1859,2.1859,inf
97.900,0.0000,0,2.1882,2.1882,inf
98.000,0.0000,0,2.1913,2.1913,inf
98.100,0.0000,0,2.1873,2.1873,inf
98.200,0.0000,0,2.1860,2.1860,inf
98.300,0.0000,0,2.1963,2.1963,inf
98.400,0.0000,0,2.1971,2.1971,inf
98.500,0.0000,0,2.2029,2.2029,inf
98.600,0.0000,0,2.1969,2.1969,inf
98.700,0.0000,0,2.1954,2.1954,inf
98.800,0.0000,0,2.1974,2.1974,inf
98.900,0.0000,0,2.1929,2.1929,inf
99.000,0.0000,0,2.1934,2.1934,inf
99.100,0.0000,0,2.1974,2.1974,inf
99.200,0.0000,0,2.1929,2.1929,inf
99.300,0.0000,0,2.1912,2.1912,inf
99.400,0.0000,0,2.1866,2.1866,inf
99.500,0.0000,0,2.1858,2.1858,inf
99.600,0.0000,0,2.1928,2.1928,inf
99.700,0.0000,0,2.1963,2.1963,inf
99.800,0.0000,0,2.1959,2.1959,inf
99.900,0.0000,0,2.1966,2.1966,inf
100.000,0.0000,0,2.1921,2.1921,inf
100.100,0.0000,0,2.1984,2.1984,inf
100.200,0.0000,0,2.1842,2.1842,inf
100.300,0.0000,0,2.1989,2.1989,inf
100.400,0.0000,0,2.1922,2.1922,inf
100.500,0.0000,0,2.1952,2.1952,inf
100.600,0.0000,0,2.1969,2.1969,inf
100.700,0.0000,0,2.1995,2.1995,inf
100.800,0.0000,0,2.1805,2.1805,inf
100.900,0.0000,0,2.1939,2.1939,inf
101.000,0.0000,0,2.1969,2.1969,inf
101.100,0.0000,0,2.1902,2.1902,inf
101.200,0.0000,0,2.1907,2.1907,inf
101.300,0.0000,0,2.1932,2.1932,inf
101.400,0.0000,0,2.1893,2.1893,inf
101.500,0.0000,0,2.1987,2.1987,inf
101.600,0.0000,0,2.1911,2.1911,inf
101.700,0.0000,0,2.1862,2.1862,inf
101.800,0.0000,0,2.1929,2.1929,inf
101.900,0.0000,0,2.1943,2.1943,inf
102.000,0.0000,0,2.1825,2.1825,inf
102.100,0.0000,0,2.1939,2.1939,inf
102.200,0.0000,0,2.1890,2.1890,inf
102.300,0.0000,0,2.1957,2.1957,inf
102.400,0.0000,0,2.1874,2.1874,inf
102.500,0.0000,0,2.1959,2.1959,inf
102.600,0.0000,0,2.1978,2.1978,inf
102.700,0.0000,0,2.1948,2.1948,inf
102.800,0.0000,0,2.1945,2.1945,inf
102.900,0.0000,0,2.1866,2.1866,inf
103.000,0.0000,0,2.1893,2.1893,inf
103.100,0.0000,0,2.1944,2.1944,inf
103.200,0.0000,0,2.1887,2.1887,inf
103.300,0.0000,0,2.2005,2.2005,inf
103.400,0.0000,0,2.1951,2.1951,inf
103.500,0.0000,0,2.1960,2.1960,inf
103.600,0.0000,0,2.2008,2.2008,inf
103.700,0.0000,0,2.1876,2.1876,inf
103.800,0.0000,0,2.1812,2.1812,inf
103.900,0.0000,0,2.1901,2.1901,inf
104.000,0.0000,0,2.1958,2.1958,inf
104.100,0.0000,0,2.1868,2.1868,inf
104.200,0.0000,0,2.1865,2.1865,inf
104.300,0.0000,0,2.2049,2.2049,inf
104.400,0.0000,0,2.1827,2.1827,inf
104.500,0.0000,0,2.1943,2.1943,inf
104.600,0.0000,0,2.1872,2.1872,inf
104.700,0.0000,0,2.1895,2.1895,inf
104.800,0.0000,0,2.1905,2.1905,inf
104.900,0.0000,0,2.1923,2.1923,inf
105.000,0.0000,0,2.1959,2.1959,inf
105.100,0.0000,0,2.1867,2.1867,inf
105.200,0.0000,0,2.1895,2.1895,inf
105.300,0.0000,0,2.1933,2.1933,inf
105.400,0.0000,0,2.1956,2.1956,inf
105.500,0.0000,0,2.1891,2.1891,inf
105.600,0.0000,0,2.1805,2.1805,inf
105.700,0.0000,0,2.1966,2.1966,inf
105.800,0.0000,0,2.1932,2.1932,inf
105.900,0.0000,0,2.1919,2.1919,inf
106.000,0.0000,0,2.1857,2.1857,inf
106.100,0.0000,0,2.1911,2.1911,inf
106.200,0.0000,0,2.1809,2.1809,inf
106.300,0.0000,0,2.1893,2.1893,inf
106.400,0.0000,0,2.1982,2.1982,inf
106.500,0.0000,0,2.1937,2.1937,inf
106.600,0.0000,0,2.1961,2.1961,inf
106.700,0.0000,0,2.1905,2.1905,inf
106.800,0.0000,0,2.1883,2.1883,inf
106.900,0.0000,0,2.1840,2.1840,inf
107.000,0.0000,0,2.1902,2.1902,inf
107.100,0.0000,0,2.1922,2.1922,inf
107.200,0.0000,0,2.1916,2.1916,inf
107.300,0.0000,0,2.1857,2.1857,inf
107.400,0.0000,0,2.1994,2.1994,inf
107.500,0.0000,0,2.1869,2.1869,inf
107.600,0.0000,0,2.1924,2.1924,inf
107.700,0.0000,0,2.1922,2.1922,inf
107.800,0.0000,0,2.1849,2.1849,inf
107.900,0.0000,0,2.1975,2.1975,inf
108.000,0.0000,0,2.1901,2.1901,inf
108.100,0.0000,0,2.1933,2.1933,inf
108.200,0.0000,0,2.1928,2.1928,inf
108.300,0.0000,0,2.1903,2.1903,inf
108.400,0.0000,0,2.1978,2.1978,inf
108.500,0.0000,0,2.1928,2.1928,inf
108.600,0.0000,0,2.2024,2.2024,inf
108.700,0.0000,0,2.1871,2.1871,inf
108.800,0.0000,0,2.1982,2.1982,inf
108.900,0.0000,0,2.1921,2.1921,inf
109.000,0.0000,0,2.1980,2.1980,inf
109.100,0.0000,0,2.1937,2.1937,inf
109.200,0.0000,0,2.1928,2.1928,inf
109.300,0.0000,0,2.1945,2.1945,inf
109.400,0.0000,0,2.1933,2.1933,inf
109.500,0.0000,0,2.1968,2.1968,inf
109.600,0.0000,0,2.1869,2.1869,inf
109.700,0.0000,0,2.1911,2.1911,inf
109.800,0.0000,0,2.1880,2.1880,inf
109.900,0.0000,0,2.1934,2.1934,inf
110.000,0.0000,0,2.1926,2.1926,inf
110.100,0.0000,0,2.2013,2.2013,inf
110.200,0.0000,0,2.2003,2.2003,inf
110.300,0.0000,0,2.1998,2.1998,inf
110.400,0.0000,0,2.1965,2.1965,inf
110.500,0.0000,0,2.1947,2.1947,inf
110.600,0.0000,0,2.2002,2.2002,inf
110.700,0.0000,0,2.1963,2.1963,inf
110.800,0.0000,0,2.1936,2.1936,inf
110.900,0.0000,0,2.1965,2.1965,inf
111.000,0.0000,0,2.1973,2.1973,inf
111.100,0.0000,0,2.1906,2.1906,inf
111.200,0.0000,0,2.2001,2.2001,inf
111.300,0.0000,0,2.2064,2.2064,inf
111.400,0.0000,0,2.1907,2.1907,inf
111.500,0.0000,0,2.1898,2.1898,inf
111.600,0.0000,0,2.1934,2.1934,inf
111.700,0.0000,0,2.1981,2.1981,inf
111.800,0.0000,0,2.1937,2.1937,inf
111.900,0.0000,0,2.1915,2.1915,inf
112.000,0.0000,0,2.1878,2.1878,inf
112.100,0.0000,0,2.1846,2.1846,inf
112.200,0.0000,0,2.1892,2.1892,inf
112.300,0.0000,0,2.2011,2.2011,inf
112.400,0.0000,0,2.1943,2.1943,inf
112.500,0.0000,0,2.1993,2.1993,inf
112.600,0.0000,0,2.1873,2.1873,inf
112.700,0.0000,0,2.1890,2.1890,inf
112.800,0.0000,0,2.1946,2.1946,inf
112.900,0.0000,0,2.2028,2.2028,inf
113.000,0.0000,0,2.2060,2.2060,inf
113.100,0.0000,0,2.1962,2.1962,inf
113.200,0.0000,0,2.1808,2.1808,inf
113.300,0.0000,0,2.1888,2.1888,inf
113.400,0.0000,0,2.1873,2.1873,inf
113.500,0.0000,0,2.2020,2.2020,inf
113.600,0.0000,0,2.2019,2.2019,inf
113.700,0.0000,0,2.1918,2.1918,inf
113.800,0.0000,0,2.1980,2.1980,inf
113.900,0.0000,0,2.1920,2.1920,inf
114.000,0.0000,0,2.1934,2.1934,inf
114.100,0.0000,0,2.2025,2.2025,inf
114.200,0.0000,0,2.1950,2.1950,inf
114.300,0.0000,0,2.1991,2.1991,inf
114.400,0.0000,0,2.1920,2.1920,inf
114.500,0.0000,0,2.1970,2.1970,inf
114.600,0.0000,0,2.2003,2.2003,inf
114.700,0.0000,0,2.2013,2.2013,inf
114.800,0.0000,0,2.1955,2.1955,inf
114.900,0.0000,0,2.2025,2.2025,inf
115.000,0.0000,0,2.1999,2.1999,inf
115.100,0.0000,0,2.1975,2.1975,inf
115.200,0.0000,0,2.1987,2.1987,inf
115.300,0.0000,0,2.2000,2.2000,inf
115.400,0.0000,0,2.1957,2.1957,inf
115.500,0.0000,0,2.1863,2.1863,inf
115.600,0.0000,0,2.1991,2.1991,inf
115.700,0.0000,0,2.1960,2.1960,inf
115.800,0.0000,0,2.1982,2.1982,inf
115.900,0.0000,0,2.1992,2.1992,inf
116.000,0.0000,0,2.1975,2.1975,inf
116.100,0.0000,0,2.2005,2.2005,inf
116.200,0.0000,0,2.1832,2.1832,inf
116.300,0.0000,0,2.1905,2.1905,inf
116.400,0.0000,0,2.1945,2.1945,inf
116.500,0.0000,0,2.2002,2.2002,inf
116.600,0.0000,0,2.1980,2.1980,inf
116.700,0.0000,0,2.1945,2.1945,inf
116.800,0.0000,0,2.1955,2.1955,inf
116.900,0.0000,0,2.1898,2.1898,inf
117.000,0.0000,0,2.1964,2.1964,inf
117.100,0.0000,0,2.1973,2.1973,inf
117.200,0.0000,0,2.1788,2.1788,inf
117.300,0.0000,0,2.1995,2.1995,inf
117.400,0.0000,0,2.1903,2.1903,inf
117.500,0.0000,0,2.1964,2.1964,inf
117.600,0.0000,0,2.1875,2.1875,inf
117.700,0.0000,0,2.2014,2.2014,inf
117.800,0.0000,0,2.1912,2.1912,inf
117.900,0.0000,0,2.1965,2.1965,inf
118.000,0.0000,0,2.2012,2.2012,inf
118.100,0.0000,0,2.1976,2.1976,inf
118.200,0.0000,0,2.1915,2.1915,inf
118.300,0.0000,0,2.1939,2.1939,inf
118.400,0.0000,0,2.1956,2.1956,inf
118.500,0.0000,0,2.2004,2.2004,inf
118.600,0.0000,0,2.1986,2.1986,inf
118.700,0.0000,0,2.1870,2.1870,inf
118.800,0.0000,0,2.1973,2.1973,inf
118.900,0.0000,0,2.1988,2.1988,inf
119.000,0.0000,0,2.1970,2.1970,inf
119.100,0.0000,0,2.1860,2.1860,inf
119.200,0.0000,0,2.2014,2.2014,inf
119.300,0.0000,0,2.1950,2.1950,inf
119.400,0.0000,0,2.1969,2.1969,inf
119.500,0.0000,0,2.2101,2.2101,inf
119.600,0.0000,0,2.1976,2.1976,inf
119.700,0.0000,0,2.1985,2.1985,inf
119.800,0.0000,0,2.2039,2.2039,inf
119.900,0.0000,0,2.1989,2.1989,inf
120.000,0.0000,0,2.1954,2.1954,inf
120.100,0.0000,0,2.1915,2.1915,inf
120.200,0.0000,0,2.2007,2.2007,inf
120.300,0.0000,0,2.2013,2.2013,inf
120.400,0.0000,0,2.2024,2.2024,inf
120.500,0.0000,0,2.2029,2.2029,inf
120.600,0.0000,0,2.1815,2.1815,inf
120.700,0.0000,0,2.1931,2.1931,inf
120.800,0.0000,0,2.1942,2.1942,inf
120.900,0.0000,0,2.1934,2.1934,inf
121.000,0.0000,0,2.1956,2.1956,inf
121.100,0.0000,0,2.1932,2.1932,inf
121.200,0.0000,0,2.1869,2.1869,inf
121.300,0.0000,0,2.1949,2.1949,inf
121.400,0.0000,0,2.1849,2.1849,inf
121.500,0.0000,0,2.1951,2.1951,inf
121.600,0.0000,0,2.1959,2.1959,inf
121.700,0.0000,0,2.2006,2.2006,inf
121.800,0.0000,0,2.2008,2.2008,inf
121.900,0.0000,0,2.1919,2.1919,inf
122.000,0.0000,0,2.1976,2.1976,inf
122.100,0.0000,0,2.1974,2.1974,inf
122.200,0.0000,0,2.2004,2.2004,inf
122.300,0.0000,0,2.1968,2.1968,inf
122.400,0.0000,0,2.1898,2.1898,inf
122.500,0.0000,0,2.1996,2.1996,inf
122.600,0.0000,0,2.1979,2.1979,inf
122.700,0.0000,0,2.1975,2.1975,inf
122.800,0.0000,0,2.2003,2.2003,inf
122.900,0.0000,0,2.1929,2.1929,inf
123.000,0.0000,0,2.1982,2.1982,inf
123.100,0.0000,0,2.2004,2.2004,inf
123.200,0.0000,0,2.1981,2.1981,inf
123.300,0.0000,0,2.1951,2.1951,inf
123.400,0.0000,0,2.1945,2.1945,inf
123.500,0.0000,0,2.1941,2.1941,inf
123.600,0.0000,0,2.2108,2.2108,inf
123.700,0.0000,0,2.1992,2.1992,inf
123.800,0.0000,0,2.2055,2.2055,inf
123.900,0.0000,0,2.2039,2.2039,inf
124.000,0.0000,0,2.1998,2.1998,inf
124.100,0.0000,0,2.2012,2.2012,inf
124.200,0.0000,0,2.1874,2.1874,inf
124.300,0.0000,0,2.2012,2.2012,inf
124.400,0.0000,0,2.2024,2.2024,inf
124.500,0.0000,0,2.1873,2.1873,inf
124.600,0.0000,0,2.1884,2.1884,inf
124.700,0.0000,0,2.2022,2.2022,inf
124.800,0.0000,0,2.2013,2.2013,inf
124.900,0.0000,0,2.1962,2.1962,inf
125.000,0.0000,0,2.1913,2.1913,inf
125.100,0.0000,0,2.2019,2.2019,inf
125.200,0.0000,0,2.2039,2.2039,inf
125.300,0.0000,0,2.1987,2.1987,inf
125.400,0.0000,0,2.1841,2.1841,inf
125.500,0.0000,0,2.1924,2.1924,inf
125.600,0.0000,0,2.2065,2.2065,inf
125.700,0.0000,0,2.1946,2.1946,inf
125.800,0.0000,0,2.1983,2.1983,inf
125.900,0.0000,0,2.1966,2.1966,inf
126.000,0.0000,0,2.2010,2.2010,inf
126.100,0.0000,0,2.1897,2.1897,inf
126.200,0.0000,0,2.1952,2.1952,inf
126.300,0.0000,0,2.2040,2.2040,inf
126.400,0.0000,0,2.1983,2.1983,inf
126.500,0.0000,0,2.1983,2.1983,inf
126.600,0.0000,0,2.1972,2.1972,inf
126.700,0.0000,0,2.1949,2.1949,inf
126.800,0.0000,0,2.1978,2.1978,inf
126.900,0.0000,0,2.2064,2.2064,inf
127.000,0.0000,0,2.2036,2.2036,inf
127.100,0.0000,0,2.2027,2.2027,inf
127.200,0.0000,0,2.2020,2.2020,inf
127.300,0.0000,0,2.2010,2.2010,inf
127.400,0.0000,0,2.1999,2.1999,inf
127.500,0.0000,0,2.1960,2.1960,inf
127.600,0.0000,0,2.1992,2.1992,inf
127.700,0.0000,0,2.1971,2.1971,inf
127.800,0.0000,0,2.1988,2.1988,inf
127.900,0.0000,0,2.1950,2.1950,inf
128.000,0.0000,0,2.2083,2.2083,inf
128.100,0.0000,0,2.2027,2.2027,inf
128.200,0.0000,0,2.2050,2.2050,inf
128.300,0.0000,0,2.1982,2.1982,inf
128.400,0.0000,0,2.2003,2.2003,inf
128.500,0.0000,0,2.1994,2.1994,inf
128.600,0.0000,0,2.2060,2.2060,inf
128.700,0.0000,0,2.1904,2.1904,inf
128.800,0.0000,0,2.1997,2.1997,inf
128.900,0.0000,0,2.1937,2.1937,inf
129.000,0.0000,0,2.1958,2.1958,inf
129.100,0.0000,0,2.2029,2.2029,inf
129.200,0.0000,0,2.2035,2.2035,inf
129.300,0.0000,0,2.2021,2.2021,inf
129.400,0.0000,0,2.1988,2.1988,inf
129.500,0.0000,0,2.2050,2.2050,inf
129.600,0.0000,0,2.1915,2.1915,inf
129.700,0.0000,0,2.1890,2.1890,inf
129.800,0.0000,0,2.1948,2.1948,inf
129.900,0.0000,0,2.1995,2.1995,inf
130.000,0.0000,0,2.1825,2.1825,inf
130.100,0.0000,0,2.2026,2.2026,inf
130.200,0.0000,0,2.1922,2.1922,inf
130.300,0.0000,0,2.1945,2.1945,inf
130.400,0.0000,0,2.1999,2.1999,inf
130.500,0.0000,0,2.1942,2.1942,inf
130.600,0.0000,0,2.1979,2.1979,inf
130.700,0.0000,0,2.2052,2.2052,inf
130.800,0.0000,0,2.2038,2.2038,inf
130.900,0.0000,0,2.1980,2.1980,inf
131.000,0.0000,0,2.2004,2.2004,inf
131.100,0.0000,0,2.2042,2.2042,inf
131.200,0.0000,0,2.1986,2.1986,inf
131.300,0.0000,0,2.1986,2.1986,inf
131.400,0.0000,0,2.1994,2.1994,inf
131.500,0.0000,0,2.2084,2.2084,inf
131.600,0.0000,0,2.1970,2.1970,inf
131.700,0.0000,0,2.2169,2.2169,inf
131.800,0.0000,0,2.1990,2.1990,inf
131.900,0.0000,0,2.2067,2.2067,inf
132.000,0.0000,0,2.1982,2.1982,inf
132.100,0.0000,0,2.2042,2.2042,inf
132.200,0.0000,0,2.2022,2.2022,inf
132.300,0.0000,0,2.1993,2.1993,inf
132.400,0.0000,0,2.1901,2.1901,inf
132.500,0.0000,0,2.1945,2.1945,inf
132.600,0.0000,0,2.2014,2.2014,inf
132.700,0.0000,0,2.1968,2.1968,inf
132.800,0.0000,0,2.2068,2.2068,inf
132.900,0.0000,0,2.2037,2.2037,inf
133.000,0.0000,0,2.2067,2.2067,inf
133.100,0.0000,0,2.2065,2.2065,inf
133.200,0.0000,0,2.2006,2.2006,inf
133.300,0.0000,0,2.1980,2.1980,inf
133.400,0.0000,0,2.1966,2.1966,inf
133.500,0.0000,0,2.1971,2.1971,inf
133.600,0.0000,0,2.2039,2.2039,inf
133.700,0.0000,0,2.2034,2.2034,inf
133.800,0.0000,0,2.1857,2.1857,inf
133.900,0.0000,0,2.1978,2.1978,inf
134.000,0.0000,0,2.2048,2.2048,inf
134.100,0.0000,0,2.1987,2.1987,inf
134.200,0.0000,0,2.1972,2.1972,inf
134.300,0.0000,0,2.2011,2.2011,inf
134.400,0.0000,0,2.2060,2.2060,inf
134.500,0.0000,0,2.2045,2.2045,inf
134.600,0.0000,0,2.1972,2.1972,inf
134.700,0.0000,0,2.1886,2.1886,inf
134.800,0.0000,0,2.1866,2.1866,inf
134.900,0.0000,0,2.1975,2.1975,inf
135.000,0.0000,0,2.1985,2.1985,inf
135.100,0.0000,0,2.2056,2.2056,inf
135.200,0.0000,0,2.1854,2.1854,inf
135.300,0.0000,0,2.1973,2.1973,inf
135.400,0.0000,0,2.2044,2.2044,inf
135.500,0.0000,0,2.2031,2.2031,inf
135.600,0.0000,0,2.1919,2.1919,inf
135.700,0.0000,0,2.1961,2.1961,inf
135.800,0.0000,0,2.1948,2.1948,inf
135.900,0.0000,0,2.2017,2.2017,inf
136.000,0.0000,0,2.1999,2.1999,inf
136.100,0.0000,0,2.2073,2.2073,inf
136.200,0.0000,0,2.1930,2.1930,inf
136.300,0.0000,0,2.1910,2.1910,inf
136.400,0.0000,0,2.1980,2.1980,inf
136.500,0.0000,0,2.2063,2.2063,inf
136.600,0.0000,0,2.1933,2.1933,inf
136.700,0.0000,0,2.2055,2.2055,inf
136.800,0.0000,0,2.1902,2.1902,inf
136.900,0.0000,0,2.1968,2.1968,inf
137.000,0.0000,0,2.2001,2.2001,inf
137.100,0.0000,0,2.2012,2.2012,inf
137.200,0.0000,0,2.1929,2.1929,inf
137.300,0.0000,0,2.1950,2.1950,inf
137.400,0.0000,0,2.2056,2.2056,inf
137.500,0.0000,0,2.1998,2.1998,inf
137.600,0.0000,0,2.2002,2.2002,inf
137.700,0.0000,0,2.2044,2.2044,inf
137.800,0.0000,0,2.2025,2.2025,inf
137.900,0.0000,0,2.1922,2.1922,inf
138.000,0.0000,0,2.2011,2.2011,inf
138.100,0.0000,0,2.1921,2.1921,inf
138.200,0.0000,0,2.1958,2.1958,inf
138.300,0.0000,0,2.2034,2.2034,inf
138.400,0.0000,0,2.1887,2.1887,inf
138.500,0.0000,0,2.2021,2.2021,inf
138.600,0.0000,0,2.2030,2.2030,inf
138.700,0.0000,0,2.1938,2.1938,inf
138.800,0.0000,0,2.1961,2.1961,inf
138.900,0.0000,0,2.2030,2.2030,inf
139.000,0.0000,0,2.1986,2.1986,inf
139.100,0.0000,0,2.1942,2.1942,inf
139.200,0.0000,0,2.1948,2.1948,inf
139.300,0.0000,0,2.1979,2.1979,inf
139.400,0.0000,0,2.2022,2.2022,inf
139.500,0.0000,0,2.2046,2.2046,inf
139.600,0.0000,0,2.2035,2.2035,inf
139.700,0.0000,0,2.2025,2.2025,inf
139.800,0.0000,0,2.2062,2.2062,inf
139.900,0.0000,0,2.1973,2.1973,inf
140.000,0.0000,0,2.1866,2.1866,inf
140.100,0.0000,0,2.1981,2.1981,inf
140.200,0.0000,0,2.2084,2.2084,inf
140.300,0.0000,0,2.1956,2.1956,inf
140.400,0.0000,0,2.2055,2.2055,inf
140.500,0.0000,0,2.2004,2.2004,inf
140.600,0.0000,0,2.2006,2.2006,inf
140.700,0.0000,0,2.2030,2.2030,inf
140.800,0.0000,0,2.2035,2.2035,inf
140.900,0.0000,0,2.1965,2.1965,inf
141.000,0.0000,0,2.1946,2.1946,inf
141.100,0.0000,0,2.2077,2.2077,inf
141.200,0.0000,0,2.1992,2.1992,inf
141.300,0.0000,0,2.2037,2.2037,inf
141.400,0.0000,0,2.2081,2.2081,inf
141.500,0.0000,0,2.2002,2.2002,inf
141.600,0.0000,0,2.1976,2.1976,inf
141.700,0.0000,0,2.2089,2.2089,inf
141.800,0.0000,0,2.1879,2.1879,inf
141.900,0.0000,0,2.2121,2.2121,inf
142.000,0.0000,0,2.1900,2.1900,inf
142.100,0.0000,0,2.2010,2.2010,inf
142.200,0.0000,0,2.2073,2.2073,inf
142.300,0.0000,0,2.2017,2.2017,inf
142.400,0.0000,0,2.1946,2.1946,inf
142.500,0.0000,0,2.2029,2.2029,inf
142.600,0.0000,0,2.1962,2.1962,inf
142.700,0.0000,0,2.2057,2.2057,inf
142.800,0.0000,0,2.2056,2.2056,inf
142.900,0.0000,0,2.2098,2.2098,inf
143.000,0.0000,0,2.2014,2.2014,inf
143.100,0.0000,0,2.2083,2.2083,inf
143.200,0.0000,0,2.2041,2.2041,inf
143.300,0.0000,0,2.2055,2.2055,inf
143.400,0.0000,0,2.2047,2.2047,inf
143.500,0.0000,0,2.2056,2.2056,inf
143.600,0.0000,0,2.1967,2.1967,inf
143.700,0.0000,0,2.1980,2.1980,inf
143.800,0.0000,0,2.2026,2.2026,inf
143.900,0.0000,0,2.1998,2.1998,inf
144.000,0.0000,0,2.2038,2.2038,inf
144.100,0.0000,0,2.2007,2.2007,inf
144.200,0.0000,0,2.2024,2.2024,inf
144.300,0.0000,0,2.1971,2.1971,inf
144.400,0.0000,0,2.1956,2.1956,inf
144.500,0.0000,0,2.2058,2.2058,inf
144.600,0.0000,0,2.1996,2.1996,inf
144.700,0.0000,0,2.2050,2.2050,inf
144.800,0.0000,0,2.2056,2.2056,inf
144.900,0.0000,0,2.1980,2.1980,inf
145.000,0.0000,0,2.2012,2.2012,inf
145.100,0.0000,0,2.2079,2.2079,inf
145.200,0.0000,0,2.2054,2.2054,inf
145.300,0.0000,0,2.2103,2.2103,inf
145.400,0.0000,0,2.2100,2.2100,inf
145.500,0.0000,0,2.2094,2.2094,inf
145.600,0.0000,0,2.2018,2.2018,inf
145.700,0.0000,0,2.2089,2.2089,inf
145.800,0.0000,0,2.2014,2.2014,inf
145.900,0.0000,0,2.2025,2.2025,inf
146.000,0.0000,0,2.1949,2.1949,inf
146.100,0.0000,0,2.2044,2.2044,inf
146.200,0.0000,0,2.2098,2.2098,inf
146.300,0.0000,0,2.2078,2.2078,inf
146.400,0.0000,0,2.2019,2.2019,inf
146.500,0.0000,0,2.2101,2.2101,inf
146.600,0.0000,0,2.2060,2.2060,inf
146.700,0.0000,0,2.2069,2.2069,inf
146.800,0.0000,0,2.1949,2.1949,inf
146.900,0.0000,0,2.2089,2.2089,inf
147.000,0.0000,0,2.2102,2.2102,inf
147.100,0.0000,0,2.2062,2.2062,inf
147.200,0.0000,0,2.1952,2.1952,inf
147.300,0.0000,0,2.1996,2.1996,inf
147.400,0.0000,0,2.1991,2.1991,inf
147.500,0.0000,0,2.1913,2.1913,inf
147.600,0.0000,0,2.1978,2.1978,inf
147.700,0.0000,0,2.1986,2.1986,inf
147.800,0.0000,0,2.1975,2.1975,inf
147.900,0.0000,0,2.1980,2.1980,inf
148.000,0.0000,0,2.2017,2.2017,inf
148.100,0.0000,0,2.2068,2.2068,inf
148.200,0.0000,0,2.1985,2.1985,inf
148.300,0.0000,0,2.1935,2.1935,inf
148.400,0.0000,0,2.1949,2.1949,inf
148.500,0.0000,0,2.1975,2.1975,inf
148.600,0.0000,0,2.2077,2.2077,inf
148.700,0.0000,0,2.2057,2.2057,inf
148.800,0.0000,0,2.2009,2.2009,inf
148.900,0.0000,0,2.1974,2.1974,inf
149.000,0.0000,0,2.2080,2.2080,inf
149.100,0.0000,0,2.1991,2.1991,inf
149.200,0.0000,0,2.2070,2.2070,inf
149.300,0.0000,0,2.1947,2.1947,inf
149.400,0.0000,0,2.2012,2.2012,inf
149.500,0.0000,0,2.2000,2.2000,inf
149.600,0.0000,0,2.2010,2.2010,inf
149.700,0.0000,0,2.2075,2.2075,inf
149.800,0.0000,0,2.2015,2.2015,inf
149.900,0.0000,0,2.1899,2.1899,inf
150.000,0.0000,0,2.2059,2.2059,inf
150.100,0.0000,0,2.2074,2.2074,inf
150.200,0.0000,0,2.1914,2.1914,inf
150.300,0.0000,0,2.2142,2.2142,inf
150.400,0.0000,0,2.1964,2.1964,inf
150.500,0.0000,0,2.2036,2.2036,inf
150.600,0.0000,0,2.2104,2.2104,inf
150.700,0.0000,0,2.2055,2.2055,inf
150.800,0.0000,0,2.2052,2.2052,inf
150.900,0.0000,0,2.2144,2.2144,inf
151.000,0.0000,0,2.2108,2.2108,inf
151.100,0.0000,0,2.2063,2.2063,inf
151.200,0.0000,0,2.2100,2.2100,inf
151.300,0.0000,0,2.2096,2.2096,inf
151.400,0.0000,0,2.1936,2.1936,inf
151.500,0.0000,0,2.1951,2.1951,inf
151.600,0.0000,0,2.1942,2.1942,inf
151.700,0.0000,0,2.2007,2.2007,inf
151.800,0.0000,0,2.1912,2.1912,inf
151.900,0.0000,0,2.2094,2.2094,inf
152.000,0.0000,0,2.2014,2.2014,inf
152.100,0.0000,0,2.2034,2.2034,inf
152.200,0.0000,0,2.2162,2.2162,inf
152.300,0.0000,0,2.2090,2.2090,inf
152.400,0.0000,0,2.2064,2.2064,inf
152.500,0.0000,0,2.2060,2.2060,inf
152.600,0.0000,0,2.2033,2.2033,inf
152.700,0.0000,0,2.2010,2.2010,inf
152.800,0.0000,0,2.2024,2.2024,inf
152.900,0.0000,0,2.1984,2.1984,inf
153.000,0.0000,0,2.2054,2.2054,inf
153.100,0.0000,0,2.2022,2.2022,inf
153.200,0.0000,0,2.1957,2.1957,inf
153.300,0.0000,0,2.1953,2.1953,inf
153.400,0.0000,0,2.1990,2.1990,inf
153.500,0.0000,0,2.2020,2.2020,inf
153.600,0.0000,0,2.2016,2.2016,inf
153.700,0.0000,0,2.2081,2.2081,inf
153.800,0.0000,0,2.2015,2.2015,inf
153.900,0.0000,0,2.2003,2.2003,inf
154.000,0.0000,0,2.2063,2.2063,inf
154.100,0.0000,0,2.2062,2.2062,inf
154.200,0.0000,0,2.1981,2.1981,inf
154.300,0.0000,0,2.2051,2.2051,inf
154.400,0.0000,0,2.2084,2.2084,inf
154.500,0.0000,0,2.2027,2.2027,inf
154.600,0.0000,0,2.2008,2.2008,inf
154.700,0.0000,0,2.2109,2.2109,inf
154.800,0.0000,0,2.1967,2.1967,inf
154.900,0.0000,0,2.2033,2.2033,inf
155.000,0.0000,0,2.2088,2.2088,inf
155.100,0.0000,0,2.2025,2.2025,inf
155.200,0.0000,0,2.1992,2.1992,inf
155.300,0.0000,0,2.2080,2.2080,inf
155.400,0.0000,0,2.2023,2.2023,inf
155.500,0.0000,0,2.2115,2.2115,inf
155.600,0.0000,0,2.2142,2.2142,inf
155.700,0.0000,0,2.2153,2.2153,inf
155.800,0.0000,0,2.2042,2.2042,inf
155.900,0.0000,0,2.2034,2.2034,inf
156.000,0.0000,0,2.2056,2.2056,inf
156.100,0.0000,0,2.2157,2.2157,inf
156.200,0.0000,0,2.2089,2.2089,inf
156.300,0.0000,0,2.2025,2.2025,inf
156.400,0.0000,0,2.2066,2.2066,inf
156.500,0.0000,0,2.2090,2.2090,inf
156.600,0.0000,0,2.2029,2.2029,inf
156.700,0.0000,0,2.2021,2.2021,inf
156.800,0.0000,0,2.1988,2.1988,inf
156.900,0.0000,0,2.2168,2.2168,inf
157.000,0.0000,0,2.2096,2.2096,inf
157.100,0.0000,0,2.2027,2.2027,inf
157.200,0.0000,0,2.2115,2.2115,inf
157.300,0.0000,0,2.2158,2.2158,inf
157.400,0.0000,0,2.2062,2.2062,inf
157.500,0.0000,0,2.2110,2.2110,inf
157.600,0.0000,0,2.2027,2.2027,inf
157.700,0.0000,0,2.2053,2.2053,inf
157.800,0.0000,0,2.2012,2.2012,inf
157.900,0.0000,0,2.2021,2.2021,inf
158.000,0.0000,0,2.2097,2.2097,inf
158.100,0.0000,0,2.2070,2.2070,inf
158.200,0.0000,0,2.2069,2.2069,inf
158.300,0.0000,0,2.2056,2.2056,inf
158.400,0.0000,0,2.2017,2.2017,inf
158.500,0.0000,0,2.2111,2.2111,inf
158.600,0.0000,0,2.1967,2.1967,inf
158.700,0.0000,0,2.2058,2.2058,inf
158.800,0.0000,0,2.2033,2.2033,inf
158.900,0.0000,0,2.2143,2.2143,inf
159.000,0.0000,0,2.2038,2.2038,inf
159.100,0.0000,0,2.2035,2.2035,inf
159.200,0.0000,0,2.2089,2.2089,inf
159.300,0.0000,0,2.2071,2.2071,inf
159.400,0.0000,0,2.2154,2.2154,inf
159.500,0.0000,0,2.2095,2.2095,inf
159.600,0.0000,0,2.2047,2.2047,inf
159.700,0.0000,0,2.1890,2.1890,inf
159.800,0.0000,0,2.2064,2.2064,inf
159.900,0.0000,0,2.1991,2.1991,inf
160.000,0.0000,0,2.1904,2.1904,inf
160.100,0.0000,0,2.2134,2.2134,inf
160.200,0.0000,0,2.2090,2.2090,inf
160.300,0.0000,0,2.2086,2.2086,inf
160.400,0.0000,0,2.2002,2.2002,inf
160.500,0.0000,0,2.1985,2.1985,inf
160.600,0.0000,0,2.2098,2.2098,inf
160.700,0.0000,0,2.1928,2.1928,inf
160.800,0.0000,0,2.2097,2.2097,inf
160.900,0.0000,0,2.2023,2.2023,inf
161.000,0.0000,0,2.2079,2.2079,inf
161.100,0.0000,0,2.2069,2.2069,inf
161.200,0.0000,0,2.2098,2.2098,inf
161.300,0.0000,0,2.1971,2.1971,inf
161.400,0.0000,0,2.2098,2.2098,inf
161.500,0.0000,0,2.2056,2.2056,inf
161.600,0.0000,0,2.2137,2.2137,inf
161.700,0.0000,0,2.2079,2.2079,inf
161.800,0.0000,0,2.2054,2.2054,inf
161.900,0.0000,0,2.2091,2.2091,inf
162.000,0.0000,0,2.2063,2.2063,inf
162.100,0.0000,0,2.2106,2.2106,inf
162.200,0.0000,0,2.2046,2.2046,inf
162.300,0.0000,0,2.2106,2.2106,inf
162.400,0.0000,0,2.2098,2.2098,inf
162.500,0.0000,0,2.2133,2.2133,inf
162.600,0.0000,0,2.2121,2.2121,inf
162.700,0.0000,0,2.1997,2.1997,inf
162.800,0.0000,0,2.2069,2.2069,inf
162.900,0.0000,0,2.1986,2.1986,inf
163.000,0.0000,0,2.2150,2.2150,inf
163.100,0.0000,0,2.2099,2.2099,inf
163.200,0.0000,0,2.2088,2.2088,inf
163.300,0.0000,0,2.2118,2.2118,inf
163.400,0.0000,0,2.1988,2.1988,inf
163.500,0.0000,0,2.2055,2.2055,inf
163.600,0.0000,0,2.2062,2.2062,inf
163.700,0.0000,0,2.2157,2.2157,inf
163.800,0.0000,0,2.2196,2.2196,inf
163.900,0.0000,0,2.2092,2.2092,inf
164.000,0.0000,0,2.1984,2.1984,inf
164.100,0.0000,0,2.2023,2.2023,inf
164.200,0.0000,0,2.2037,2.2037,inf
164.300,0.0000,0,2.2033,2.2033,inf
164.400,0.0000,0,2.2014,2.2014,inf
164.500,0.0000,0,2.1949,2.1949,inf
164.600,0.0000,0,2.2073,2.2073,inf
164.700,0.0000,0,2.2021,2.2021,inf
164.800,0.0000,0,2.2070,2.2070,inf
164.900,0.0000,0,2.2056,2.2056,inf
165.000,0.0000,0,2.2160,2.2160,inf
165.100,0.0000,0,2.2050,2.2050,inf
165.200,0.0000,0,2.2042,2.2042,inf
165.300,0.0000,0,2.2079,2.2079,inf
165.400,0.0000,0,2.2176,2.2176,inf
165.500,0.0000,0,2.2020,2.2020,inf
165.600,0.0000,0,2.2083,2.2083,inf
165.700,0.0000,0,2.2000,2.2000,inf
165.800,0.0000,0,2.2140,2.2140,inf
165.900,0.0000,0,2.2079,2.2079,inf
166.000,0.0000,0,2.2013,2.2013,inf
166.100,0.0000,0,2.2078,2.2078,inf
166.200,0.0000,0,2.2043,2.2043,inf
166.300,0.0000,0,2.2084,2.2084,inf
166.400,0.0000,0,2.2144,2.2144,inf
166.500,0.0000,0,2.2059,2.2059,inf
166.600,0.0000,0,2.2093,2.2093,inf
166.700,0.0000,0,2.1969,2.1969,inf
166.800,0.0000,0,2.2017,2.2017,inf
166.900,0.0000,0,2.2094,2.2094,inf
167.000,0.0000,0,2.2080,2.2080,inf
167.100,0.0000,0,2.2027,2.2027,inf
167.200,0.0000,0,2.2061,2.2061,inf
167.300,0.0000,0,2.1989,2.1989,inf
167.400,0.0000,0,2.2131,2.2131,inf
167.500,0.0000,0,2.2085,2.2085,inf
167.600,0.0000,0,2.2154,2.2154,inf
167.700,0.0000,0,2.2152,2.2152,inf
167.800,0.0000,0,2.2077,2.2077,inf
167.900,0.0000,0,2.2122,2.2122,inf
168.000,0.0000,0,2.2126,2.2126,inf
168.100,0.0000,0,2.2056,2.2056,inf
168.200,0.0000,0,2.2114,2.2114,inf
168.300,0.0000,0,2.2100,2.2100,inf
168.400,0.0000,0,2.2187,2.2187,inf
168.500,0.0000,0,2.2150,2.2150,inf
168.600,0.0000,0,2.2124,2.2124,inf
168.700,0.0000,0,2.2107,2.2107,inf
168.800,0.0000,0,2.2058,2.2058,inf
168.900,0.0000,0,2.2158,2.2158,inf
169.000,0.0000,0,2.2045,2.2045,inf
169.100,0.0000,0,2.2012,2.2012,inf
169.200,0.0000,0,2.2180,2.2180,inf
169.300,0.0000,0,2.2133,2.2133,inf
169.400,0.0000,0,2.2148,2.2148,inf
169.500,0.0000,0,2.2105,2.2105,inf
169.600,0.0000,0,2.2099,2.2099,inf
169.700,0.0000,0,2.2142,2.2142,inf
169.800,0.0000,0,2.2122,2.2122,inf
169.900,0.0000,0,2.2073,2.2073,inf
170.000,0.0000,0,2.2191,2.2191,inf
170.100,0.0000,0,2.2046,2.2046,inf
170.200,0.0000,0,2.2101,2.2101,inf
170.300,0.0000,0,2.2100,2.2100,inf
170.400,0.0000,0,2.2167,2.2167,inf
170.500,0.0000,0,2.2166,2.2166,inf
170.600,0.0000,0,2.2193,2.2193,inf
170.700,0.0000,0,2.2213,2.2213,inf
170.800,0.0000,0,2.2039,2.2039,inf
170.900,0.0000,0,2.2166,2.2166,inf
171.000,0.0000,0,2.2086,2.2086,inf
171.100,0.0000,0,2.2104,2.2104,inf
171.200,0.0000,0,2.2123,2.2123,inf
171.300,0.0000,0,2.2110,2.2110,inf
171.400,0.0000,0,2.2139,2.2139,inf
171.500,0.0000,0,2.2137,2.2137,inf
171.600,0.0000,0,2.1990,2.1990,inf
171.700,0.0000,0,2.2187,2.2187,inf
171.800,0.0000,0,2.2171,2.2171,inf
171.900,0.0000,0,2.1996,2.1996,inf
172.000,0.0000,0,2.1984,2.1984,inf
172.100,0.0000,0,2.2150,2.2150,inf
172.200,0.0000,0,2.2163,2.2163,inf
172.300,0.0000,0,2.2166,2.2166,inf
172.400,0.0000,0,2.2046,2.2046,inf
172.500,0.0000,0,2.2119,2.2119,inf
172.600,0.0000,0,2.2133,2.2133,inf
172.700,0.0000,0,2.2162,2.2162,inf
172.800,0.0000,0,2.2093,2.2093,inf
172.900,0.0000,0,2.2198,2.2198,inf
173.000,0.0000,0,2.2179,2.2179,inf
173.100,0.0000,0,2.2247,2.2247,inf
173.200,0.0000,0,2.2173,2.2173,inf
173.300,0.0000,0,2.2164,2.2164,inf
173.400,0.0000,0,2.2091,2.2091,inf
173.500,0.0000,0,2.2022,2.2022,inf
173.600,0.0000,0,2.2186,2.2186,inf
173.700,0.0000,0,2.2146,2.2146,inf
173.800,0.0000,0,2.2101,2.2101,inf
173.900,0.0000,0,2.1998,2.1998,inf
174.000,0.0000,0,2.2170,2.2170,inf
174.100,0.0000,0,2.2107,2.2107,inf
174.200,0.0000,0,2.2190,2.2190,inf
174.300,0.0000,0,2.2131,2.2131,inf
174.400,0.0000,0,2.2078,2.2078,inf
174.500,0.0000,0,2.2129,2.2129,inf
174.600,0.0000,0,2.2155,2.2155,inf
174.700,0.0000,0,2.2204,2.2204,inf
174.800,0.0000,0,2.2199,2.2199,inf
174.900,0.0000,0,2.2162,2.2162,inf
175.000,0.0000,0,2.2120,2.2120,inf
175.100,0.0000,0,2.2101,2.2101,inf
175.200,0.0000,0,2.2160,2.2160,inf
175.300,0.0000,0,2.2174,2.2174,inf
175.400,0.0000,0,2.2152,2.2152,inf
175.500,0.0000,0,2.2116,2.2116,inf
175.600,0.0000,0,2.2120,2.2120,inf
175.700,0.0000,0,2.2105,2.2105,inf
175.800,0.0000,0,2.2135,2.2135,inf
175.900,0.0000,0,2.2155,2.2155,inf
176.000,0.0000,0,2.2225,2.2225,inf
176.100,0.0000,0,2.2126,2.2126,inf
176.200,0.0000,0,2.2198,2.2198,inf
176.300,0.0000,0,2.2060,2.2060,inf
176.400,0.0000,0,2.2093,2.2093,inf
176.500,0.0000,0,2.2148,2.2148,inf
176.600,0.0000,0,2.2158,2.2158,inf
176.700,0.0000,0,2.2174,2.2174,inf
176.800,0.0000,0,2.2143,2.2143,inf
176.900,0.0000,0,2.2201,2.2201,inf
177.000,0.0000,0,2.2124,2.2124,inf
177.100,0.0000,0,2.2197,2.2197,inf
177.200,0.0000,0,2.2135,2.2135,inf
177.300,0.0000,0,2.2073,2.2073,inf
177.400,0.0000,0,2.2120,2.2120,inf
177.500,0.0000,0,2.2199,2.2199,inf
177.600,0.0000,0,2.2105,2.2105,inf
177.700,0.0000,0,2.1996,2.1996,inf
177.800,0.0000,0,2.2211,2.2211,inf
177.900,0.0000,0,2.2081,2.2081,inf
178.000,0.0000,0,2.2111,2.2111,inf
178.100,0.0000,0,2.2016,2.2016,inf
178.200,0.0000,0,2.2211,2.2211,inf
178.300,0.0000,0,2.2156,2.2156,inf
178.400,0.0000,0,2.2176,2.2176,inf
178.500,0.0000,0,2.2177,2.2177,inf
178.600,0.0000,0,2.2097,2.2097,inf
178.700,0.0000,0,2.1976,2.1976,inf
178.800,0.0000,0,2.2131,2.2131,inf
178.900,0.0000,0,2.2074,2.2074,inf
179.000,0.0000,0,2.2105,2.2105,inf
179.100,0.0000,0,2.2037,2.2037,inf
179.200,0.0000,0,2.2196,2.2196,inf
179.300,0.0000,0,2.2142,2.2142,inf
179.400,0.0000,0,2.2178,2.2178,inf
179.500,0.0000,0,2.2092,2.2092,inf
179.600,0.0000,0,2.1998,2.1998,inf
179.700,0.0000,0,2.2059,2.2059,inf
179.800,0.0000,0,2.2071,2.2071,inf
179.900,0.0000,0,2.2191,2.2191,inf
180.000,0.0000,0,2.2146,2.2146,inf
180.100,0.0000,0,2.2185,2.2185,inf
180.200,0.0000,0,2.2077,2.2077,inf
180.300,0.0000,0,2.2199,2.2199,inf
180.400,0.0000,0,2.2188,2.2188,inf
180.500,0.0000,0,2.2129,2.2129,inf
180.600,0.0000,0,2.2150,2.2150,inf
180.700,0.0000,0,2.2170,2.2170,inf
180.800,0.0000,0,2.2207,2.2207,inf
180.900,0.0000,0,2.2215,2.2215,inf
181.000,0.0000,0,2.2185,2.2185,inf
181.100,0.0000,0,2.2212,2.2212,inf
181.200,0.0000,0,2.2165,2.2165,inf
181.300,0.0000,0,2.2148,2.2148,inf
181.400,0.0000,0,2.2177,2.2177,inf
181.500,0.0000,0,2.2091,2.2091,inf
181.600,0.0000,0,2.2027,2.2027,inf
181.700,0.0000,0,2.2214,2.2214,inf
181.800,0.0000,0,2.2180,2.2180,inf
181.900,0.0000,0,2.2138,2.2138,inf
182.000,0.0000,0,2.2195,2.2195,inf
182.100,0.0000,0,2.2140,2.2140,inf
182.200,0.0000,0,2.2121,2.2121,inf
182.300,0.0000,0,2.2197,2.2197,inf
182.400,0.0000,0,2.2132,2.2132,inf
182.500,0.0000,0,2.2139,2.2139,inf
182.600,0.0000,0,2.2176,2.2176,inf
182.700,0.0000,0,2.2171,2.2171,inf
182.800,0.0000,0,2.2125,2.2125,inf
182.900,0.0000,0,2.2135,2.2135,inf
183.000,0.0000,0,2.2041,2.2041,inf
183.100,0.0000,0,2.2177,2.2177,inf
183.200,0.0000,0,2.2262,2.2262,inf
183.300,0.0000,0,2.2221,2.2221,inf
183.400,0.0000,0,2.2159,2.2159,inf
183.500,0.0000,0,2.2196,2.2196,inf
183.600,0.0000,0,2.2134,2.2134,inf
183.700,0.0000,0,2.2171,2.2171,inf
183.800,0.0000,0,2.2221,2.2221,inf
183.900,0.0000,0,2.2137,2.2137,inf
184.000,0.0000,0,2.2192,2.2192,inf
184.100,0.0000,0,2.2166,2.2166,inf
184.200,0.0000,0,2.2023,2.2023,inf
184.300,0.0000,0,2.2285,2.2285,inf
184.400,0.0000,0,2.2212,2.2212,inf
184.500,0.0000,0,2.2188,2.2188,inf
184.600,0.0000,0,2.2225,2.2225,inf
184.700,0.0000,0,2.2199,2.2199,inf
184.800,0.0000,0,2.2244,2.2244,inf
184.900,0.0000,0,2.2178,2.2178,inf
185.000,0.0000,0,2.2264,2.2264,inf
185.100,0.0000,0,2.2229,2.2229,inf
185.200,0.0000,0,2.2141,2.2141,inf
185.300,0.0000,0,2.2148,2.2148,inf
185.400,0.0000,0,2.2199,2.2199,inf
185.500,0.0000,0,2.2126,2.2126,inf
185.600,0.0000,0,2.2162,2.2162,inf
185.700,0.0000,0,2.2245,2.2245,inf
185.800,0.0000,0,2.2185,2.2185,inf
185.900,0.0000,0,2.2169,2.2169,inf
186.000,0.0000,0,2.2131,2.2131,inf
186.100,0.0000,0,2.2187,2.2187,inf
186.200,0.0000,0,2.2186,2.2186,inf
186.300,0.0000,0,2.2291,2.2291,inf
186.400,0.0000,0,2.2097,2.2097,inf
186.500,0.0000,0,2.2262,2.2262,inf
186.600,0.0000,0,2.2142,2.2142,inf
186.700,0.0000,0,2.2047,2.2047,inf
186.800,0.0000,0,2.2108,2.2108,inf
186.900,0.0000,0,2.2140,2.2140,inf
187.000,0.0000,0,2.2151,2.2151,inf
187.100,0.0000,0,2.2124,2.2124,inf
187.200,0.0000,0,2.2120,2.2120,inf
187.300,0.0000,0,2.2176,2.2176,inf
187.400,0.0000,0,2.2269,2.2269,inf
187.500,0.0000,0,2.1971,2.1971,inf
187.600,0.0000,0,2.2101,2.2101,inf
187.700,0.0000,0,2.2184,2.2184,inf
187.800,0.0000,0,2.2157,2.2157,inf
187.900,0.0000,0,2.2133,2.2133,inf
188.000,0.0000,0,2.2090,2.2090,inf
188.100,0.0000,0,2.2247,2.2247,inf
188.200,0.0000,0,2.2201,2.2201,inf
188.300,0.0000,0,2.2215,2.2215,inf
188.400,0.0000,0,2.2170,2.2170,inf
188.500,0.0000,0,2.2145,2.2145,inf
188.600,0.0000,0,2.2170,2.2170,inf
188.700,0.0000,0,2.2254,2.2254,inf
188.800,0.0000,0,2.2111,2.2111,inf
188.900,0.0000,0,2.2270,2.2270,inf
189.000,0.0000,0,2.2211,2.2211,inf
189.100,0.0000,0,2.2112,2.2112,inf
189.200,0.0000,0,2.2197,2.2197,inf
189.300,0.0000,0,2.2106,2.2106,inf
189.400,0.0000,0,2.2129,2.2129,inf
189.500,0.0000,0,2.2159,2.2159,inf
189.600,0.0000,0,2.2228,2.2228,inf
189.700,0.0000,0,2.2133,2.2133,inf
189.800,0.0000,0,2.2230,2.2230,inf
189.900,0.0000,0,2.2125,2.2125,inf
190.000,0.0000,0,2.2206,2.2206,inf
190.100,0.0000,0,2.2221,2.2221,inf
190.200,0.0000,0,2.2323,2.2323,inf
190.300,0.0000,0,2.2185,2.2185,inf
190.400,0.0000,0,2.2201,2.2201,inf
190.500,0.0000,0,2.2164,2.2164,inf
190.600,0.0000,0,2.2248,2.2248,inf
190.700,0.0000,0,2.2258,2.2258,inf
190.800,0.0000,0,2.2210,2.2210,inf
190.900,0.0000,0,2.2154,2.2154,inf
191.000,0.0000,0,2.2174,2.2174,inf
191.100,0.0000,0,2.2195,2.2195,inf
191.200,0.0000,0,2.2227,2.2227,inf
191.300,0.0000,0,2.2254,2.2254,inf
191.400,0.0000,0,2.2276,2.2276,inf
191.500,0.0000,0,2.2188,2.2188,inf
191.600,0.0000,0,2.2221,2.2221,inf
191.700,0.0000,0,2.2206,2.2206,inf
191.800,0.0000,0,2.2340,2.2340,inf
191.900,0.0000,0,2.2235,2.2235,inf
192.000,0.0000,0,2.2308,2.2308,inf
192.100,0.0000,0,2.2214,2.2214,inf
192.200,0.0000,0,2.2131,2.2131,inf
192.300,0.0000,0,2.2171,2.2171,inf
192.400,0.0000,0,2.2120,2.2120,inf
192.500,0.0000,0,2.2161,2.2161,inf
192.600,0.0000,0,2.2196,2.2196,inf
192.700,0.0000,0,2.2217,2.2217,inf
192.800,0.0000,0,2.2035,2.2035,inf
192.900,0.0000,0,2.2248,2.2248,inf
193.000,0.0000,0,2.2226,2.2226,inf
193.100,0.0000,0,2.2221,2.2221,inf
193.200,0.0000,0,2.2118,2.2118,inf
193.300,0.0000,0,2.2176,2.2176,inf
193.400,0.0000,0,2.2236,2.2236,inf
193.500,0.0000,0,2.2162,2.2162,inf
193.600,0.0000,0,2.2231,2.2231,inf
193.700,0.0000,0,2.2235,2.2235,inf
193.800,0.0000,0,2.2144,2.2144,inf
193.900,0.0000,0,2.2235,2.2235,inf
194.000,0.0000,0,2.2217,2.2217,inf
194.100,0.0000,0,2.2217,2.2217,inf
194.200,0.0000,0,2.2199,2.2199,inf
194.300,0.0000,0,2.2147,2.2147,inf
194.400,0.0000,0,2.2237,2.2237,inf
194.500,0.0000,0,2.2116,2.2116,inf
194.600,0.0000,0,2.2231,2.2231,inf
194.700,0.0000,0,2.2290,2.2290,inf
194.800,0.0000,0,2.2244,2.2244,inf
194.900,0.0000,0,2.2167,2.2167,inf
195.000,0.0000,0,2.2222,2.2222,inf
195.100,0.0000,0,2.2192,2.2192,inf
195.200,0.0000,0,2.2251,2.2251,inf
195.300,0.0000,0,2.2191,2.2191,inf
195.400,0.0000,0,2.2251,2.2251,inf
195.500,0.0000,0,2.2116,2.2116,inf
195.600,0.0000,0,2.2276,2.2276,inf
195.700,0.0000,0,2.2268,2.2268,inf
195.800,0.0000,0,2.2208,2.2208,inf
195.900,0.0000,0,2.2248,2.2248,inf
196.000,0.0000,0,2.2244,2.2244,inf
196.100,0.0000,0,2.2214,2.2214,inf
196.200,0.0000,0,2.2268,2.2268,inf
196.300,0.0000,0,2.2336,2.2336,inf
196.400,0.0000,0,2.2183,2.2183,inf
196.500,0.0000,0,2.2237,2.2237,inf
196.600,0.0000,0,2.2164,2.2164,inf
196.700,0.0000,0,2.2222,2.2222,inf
196.800,0.0000,0,2.2213,2.2213,inf
196.900,0.0000,0,2.2328,2.2328,inf
197.000,0.0000,0,2.2210,2.2210,inf
197.100,0.0000,0,2.2193,2.2193,inf
197.200,0.0000,0,2.2293,2.2293,inf
197.300,0.0000,0,2.2170,2.2170,inf
197.400,0.0000,0,2.2265,2.2265,inf
197.500,0.0000,0,2.2264,2.2264,inf
197.600,0.0000,0,2.2123,2.2123,inf
197.700,0.0000,0,2.2352,2.2352,inf
197.800,0.0000,0,2.2314,2.2314,inf
197.900,0.0000,0,2.2195,2.2195,inf
198.000,0.0000,0,2.2230,2.2230,inf
198.100,0.0000,0,2.2337,2.2337,inf
198.200,0.0000,0,2.2241,2.2241,inf
198.300,0.0000,0,2.2241,2.2241,inf
198.400,0.0000,0,2.2258,2.2258,inf
198.500,0.0000,0,2.2161,2.2161,inf
198.600,0.0000,0,2.2241,2.2241,inf
198.700,0.0000,0,2.2163,2.2163,inf
198.800,0.0000,0,2.2216,2.2216,inf
198.900,0.0000,0,2.2298,2.2298,inf
199.000,0.0000,0,2.2219,2.2219,inf
199.100,0.0000,0,2.2224,2.2224,inf
199.200,0.0000,0,2.2218,2.2218,inf
199.300,0.0000,0,2.2232,2.2232,inf
199.400,0.0000,0,2.2231,2.2231,inf
199.500,0.0000,0,2.2356,2.2356,inf
199.600,0.0000,0,2.2243,2.2243,inf
199.700,0.0000,0,2.2252,2.2252,inf
199.800,0.0000,0,2.2240,2.2240,inf
199.900,0.0000,0,2.2275,2.2275,inf
200.000,0.0000,0,2.2219,2.2219,inf
200.100,0.0000,0,2.2227,2.2227,inf
200.200,0.0000,0,2.2286,2.2286,inf
200.300,0.0000,0,2.2251,2.2251,inf
200.400,0.0000,0,2.2319,2.2319,inf
200.500,0.0000,0,2.2301,2.2301,inf
200.600,0.0000,0,2.2300,2.2300,inf
200.700,0.0000,0,2.2357,2.2357,inf
200.800,0.0000,0,2.2282,2.2282,inf
