robot,payload,stage,t,v
amr1,unloaded,nav,27.102,0.5000
amr1,unloaded,nav,27.123,0.5000
amr1,unloaded,nav,27.142,0.5000
amr1,unloaded,nav,27.160,0.5000
amr1,unloaded,nav,27.180,0.5000
amr1,unloaded,nav,27.201,0.5000
amr1,unloaded,nav,27.224,0.5000
amr1,unloaded,nav,27.243,0.5000
amr1,unloaded,nav,27.260,0.5000
amr1,unloaded,nav,27.280,0.5000
amr1,unloaded,nav,27.301,0.5000
amr1,unloaded,nav,27.320,0.5000
amr1,unloaded,nav,27.341,0.5000
amr1,unloaded,nav,27.360,0.5000
amr1,unloaded,nav,27.380,0.5000
amr1,unloaded,nav,27.401,0.5000
amr1,unloaded,nav,27.422,0.5000
amr1,unloaded,nav,27.440,0.5000
amr1,unloaded,nav,27.461,0.5000
amr1,unloaded,nav,27.481,0.5000
amr1,unloaded,nav,27.501,0.5000
amr1,unloaded,nav,27.521,0.5000
amr1,unloaded,nav,27.541,0.5000
amr1,unloaded,nav,27.561,0.5000
amr1,unloaded,nav,27.581,0.5000
amr1,unloaded,nav,27.600,0.5000
amr1,unloaded,nav,27.623,0.5000
amr1,unloaded,nav,27.641,0.5000
amr1,unloaded,nav,27.661,0.5000
amr1,unloaded,nav,27.680,0.5000
amr1,unloaded,nav,27.700,0.5000
amr1,unloaded,nav,27.720,0.5000
amr1,unloaded,nav,27.742,0.5000
amr1,unloaded,nav,27.760,0.5000
amr1,unloaded,nav,27.780,0.5000
amr1,unloaded,nav,27.800,0.5000
amr1,unloaded,nav,27.821,0.5000
amr1,unloaded,nav,27.841,0.5000
amr1,unloaded,nav,27.860,0.5000
amr1,unloaded,nav,27.881,0.5000
amr1,unloaded,nav,27.900,0.5000
amr1,unloaded,nav,27.921,0.5000
amr1,unloaded,nav,27.941,0.5000
amr1,unloaded,nav,27.960,0.5000
amr1,unloaded,nav,27.983,0.5000
amr1,unloaded,nav,28.000,0.5000
amr1,unloaded,nav,28.021,0.5000
amr1,unloaded,nav,28.042,0.5000
amr1,unloaded,nav,28.061,0.5000
amr1,unloaded,nav,28.081,0.5000
amr1,unloaded,nav,28.103,0.5000
amr1,unloaded,nav,28.121,0.5000
amr1,unloaded,nav,28.140,0.5000
amr1,unloaded,nav,28.161,0.5000
amr1,unloaded,nav,28.180,0.5000
amr1,unloaded,nav,28.200,0.5000
amr1,unloaded,nav,28.221,0.5000
amr1,unloaded,nav,28.242,0.5000
amr1,unloaded,nav,28.261,0.5000
amr1,unloaded,nav,28.280,0.5000
amr1,unloaded,nav,28.300,0.5000
amr1,unloaded,nav,28.320,0.5000
amr1,unloaded,nav,28.340,0.5000
amr1,unloaded,nav,28.361,0.5000
amr1,unloaded,nav,28.380,0.5000
amr1,unloaded,nav,28.401,0.5000
amr1,unloaded,nav,28.420,0.5000
amr1,unloaded,nav,28.441,0.5000
amr1,unloaded,nav,28.463,0.5000
amr1,unloaded,nav,28.480,0.5000
amr1,unloaded,nav,28.500,0.5000
amr1,unloaded,nav,28.520,0.5000
amr1,unloaded,nav,28.543,0.5000
amr1,unloaded,nav,28.562,0.5000
amr1,unloaded,nav,28.581,0.5000
amr1,unloaded,nav,28.601,0.5000
amr1,unloaded,nav,28.620,0.5000
amr1,unloaded,nav,28.640,0.5000
amr1,unloaded,nav,28.662,0.5000
amr1,unloaded,nav,28.680,0.5000
amr1,unloaded,nav,28.701,0.5000
amr1,unloaded,nav,28.721,0.5000
amr1,unloaded,nav,28.741,0.5000
amr1,unloaded,nav,28.760,0.5000
amr1,unloaded,nav,28.781,0.5000
amr1,unloaded,nav,28.800,0.5000
amr1,unloaded,nav,28.821,0.5000
amr1,unloaded,nav,28.846,0.5000
amr1,unloaded,nav,28.861,0.5000
amr1,unloaded,nav,28.881,0.5000
amr1,unloaded,nav,28.900,0.5000
amr1,unloaded,nav,28.921,0.5000
amr1,unloaded,nav,28.940,0.5000
amr1,unloaded,nav,28.960,0.5000
amr1,unloaded,nav,28.981,0.5000
amr1,unloaded,nav,29.000,0.5000
amr1,unloaded,nav,29.024,0.5000
amr1,unloaded,nav,29.041,0.5000
amr1,unloaded,nav,29.060,0.5000
amr1,unloaded,nav,29.080,0.5000
amr1,unloaded,nav,29.101,0.5000
amr1,unloaded,nav,29.121,0.5000
amr1,unloaded,nav,29.140,0.5000
amr1,unloaded,nav,29.162,0.5000
amr1,unloaded,nav,29.180,0.5000
amr1,unloaded,nav,29.201,0.5000
amr1,unloaded,nav,29.221,0.5000
amr1,unloaded,nav,29.240,0.5000
amr1,unloaded,nav,29.261,0.5000
amr1,unloaded,nav,29.281,0.5000
amr1,unloaded,nav,29.300,0.5000
amr1,unloaded,nav,29.321,0.5000
amr1,unloaded,nav,29.340,0.5000
amr1,unloaded,nav,29.361,0.5000
amr1,unloaded,nav,29.381,0.5000
amr1,unloaded,nav,29.401,0.5000
amr1,unloaded,nav,29.421,0.5000
amr1,unloaded,nav,29.441,0.5000
amr1,unloaded,nav,29.461,0.5000
amr1,unloaded,nav,29.481,0.5000
amr1,unloaded,nav,29.501,0.5000
amr1,unloaded,nav,29.523,0.5000
amr1,unloaded,nav,29.542,0.5000
amr1,unloaded,nav,29.561,0.5000
amr1,unloaded,nav,29.582,0.5000
amr1,unloaded,nav,29.601,0.5000
amr1,unloaded,nav,29.620,0.5000
amr1,unloaded,nav,29.644,0.5000
amr1,unloaded,nav,29.661,0.5000
amr1,unloaded,nav,29.681,0.5000
amr1,unloaded,nav,29.700,0.5000
amr1,unloaded,nav,29.721,0.5000
amr1,unloaded,nav,29.740,0.5000
amr1,unloaded,nav,29.760,0.5000
amr1,unloaded,nav,29.780,0.5000
amr1,unloaded,nav,29.800,0.5000
amr1,unloaded,nav,29.822,0.5000
amr1,unloaded,nav,29.840,0.5000
amr1,unloaded,nav,29.861,0.5000
amr1,unloaded,nav,29.881,0.5000
amr1,unloaded,nav,29.900,0.5000
amr1,unloaded,nav,29.921,0.5000
amr1,unloaded,nav,29.940,0.5000
amr1,unloaded,nav,29.960,0.5000
amr1,unloaded,nav,29.980,0.5000
amr1,unloaded,nav,30.000,0.5000
amr1,unloaded,nav,30.022,0.5000
amr1,unloaded,nav,30.040,0.5000
amr1,unloaded,nav,30.061,0.5000
amr1,unloaded,nav,30.080,0.5000
amr1,unloaded,nav,30.100,0.5000
amr1,unloaded,nav,30.120,0.5000
amr1,unloaded,nav,30.140,0.5000
amr1,unloaded,nav,30.161,0.5000
amr1,unloaded,nav,30.181,0.5000
amr1,unloaded,nav,30.200,0.5000
amr1,unloaded,nav,30.221,0.5000
amr1,unloaded,nav,30.240,0.5000
amr1,unloaded,nav,30.261,0.5000
amr1,unloaded,nav,30.281,0.5000
amr1,unloaded,nav,30.300,0.5000
amr1,unloaded,nav,30.320,0.5000
amr1,unloaded,nav,30.342,0.5000
amr1,unloaded,nav,30.360,0.5000
amr1,unloaded,nav,30.380,0.5000
amr1,unloaded,nav,30.400,0.5000
amr1,unloaded,nav,30.420,0.5000
amr1,unloaded,nav,30.441,0.5000
amr1,unloaded,nav,30.461,0.5000
amr1,unloaded,nav,30.482,0.5000
amr1,unloaded,nav,30.500,0.5000
amr1,unloaded,nav,30.521,0.5000
amr1,unloaded,nav,30.540,0.5000
amr1,unloaded,nav,30.562,0.5000
amr1,unloaded,nav,30.581,0.5000
amr1,unloaded,nav,30.600,0.5000
amr1,unloaded,nav,30.620,0.5000
amr1,unloaded,nav,30.641,0.5000
amr1,unloaded,nav,30.661,0.5000
amr1,unloaded,nav,30.681,0.5000
amr1,unloaded,nav,30.701,0.5000
amr1,unloaded,nav,30.721,0.5000
amr1,unloaded,nav,30.741,0.5000
amr1,unloaded,nav,30.762,0.5000
amr1,unloaded,nav,30.782,0.5000
amr1,unloaded,nav,30.800,0.5000
amr1,unloaded,nav,30.820,0.5000
amr1,unloaded,nav,30.841,0.5000
amr1,unloaded,nav,30.861,0.5000
amr1,unloaded,nav,30.881,0.5000
amr1,unloaded,nav,30.901,0.5000
amr1,unloaded,nav,30.921,0.5000
amr1,unloaded,nav,30.940,0.5000
amr1,unloaded,nav,30.960,0.5000
amr1,unloaded,nav,30.984,0.5000
amr1,unloaded,nav,31.002,0.5000
amr1,unloaded,nav,31.020,0.5000
amr1,unloaded,nav,31.040,0.5000
amr1,unloaded,nav,31.061,0.5000
amr1,unloaded,nav,31.081,0.5000
amr1,unloaded,nav,31.100,0.5000
amr1,unloaded,nav,31.120,0.5000
amr1,unloaded,nav,31.140,0.5000
amr1,unloaded,nav,31.161,0.5000
amr1,unloaded,nav,31.181,0.5000
amr1,unloaded,nav,31.200,0.5000
amr1,unloaded,nav,31.222,0.5000
amr1,unloaded,nav,31.241,0.5000
amr1,unloaded,nav,31.261,0.5000
amr1,unloaded,nav,31.281,0.5000
amr1,unloaded,nav,31.301,0.5000
amr1,unloaded,nav,31.320,0.5000
amr1,unloaded,nav,31.341,0.5000
amr1,unloaded,nav,31.360,0.5000
amr1,unloaded,nav,31.381,0.5000
amr1,unloaded,nav,31.401,0.5000
amr1,unloaded,nav,31.420,0.5000
amr1,unloaded,nav,31.441,0.5000
amr1,unloaded,nav,31.461,0.5000
amr1,unloaded,nav,31.481,0.5000
amr1,unloaded,nav,31.500,0.5000
amr1,unloaded,nav,31.520,0.5000
amr1,unloaded,nav,31.541,0.5000
amr1,unloaded,nav,31.560,0.5000
amr1,unloaded,nav,31.581,0.5000
amr1,unloaded,nav,31.600,0.5000
amr1,unloaded,nav,31.620,0.5000
amr1,unloaded,nav,31.640,0.5000
amr1,unloaded,nav,31.662,0.5000
amr1,unloaded,nav,31.680,0.5000
amr1,unloaded,nav,31.700,0.5000
amr1,unloaded,nav,31.721,0.5000
amr1,unloaded,nav,31.741,0.5000
amr1,unloaded,nav,31.762,0.5000
amr1,unloaded,nav,31.780,0.5000
amr1,unloaded,nav,31.800,0.5000
amr1,unloaded,nav,31.820,0.5000
amr1,unloaded,nav,31.840,0.5000
amr1,unloaded,nav,31.861,0.5000
amr1,unloaded,nav,31.880,0.5000
amr1,unloaded,nav,31.900,0.5000
amr1,unloaded,nav,31.921,0.5000
amr1,unloaded,nav,31.941,0.5000
amr1,unloaded,nav,31.961,0.5000
amr1,unloaded,nav,31.981,0.5000
amr1,unloaded,nav,32.000,0.5000
amr1,unloaded,nav,32.020,0.5000
amr1,unloaded,nav,32.041,0.5000
amr1,unloaded,nav,32.061,0.5000
amr1,unloaded,nav,32.080,0.5000
amr1,unloaded,nav,32.101,0.5000
amr1,unloaded,nav,32.121,0.5000
amr1,unloaded,nav,32.141,0.5000
amr1,unloaded,nav,32.161,0.5000
amr1,unloaded,nav,32.180,0.5000
amr1,unloaded,nav,32.200,0.5000
amr1,unloaded,nav,32.221,0.5000
amr1,unloaded,nav,32.242,0.5000
amr1,unloaded,nav,32.261,0.5000
amr1,unloaded,nav,32.280,0.5000
amr1,unloaded,nav,32.300,0.5000
amr1,unloaded,nav,32.321,0.5000
amr1,unloaded,nav,32.342,0.5000
amr1,unloaded,nav,32.360,0.5000
amr1,unloaded,nav,32.381,0.5000
amr1,unloaded,nav,32.400,0.5000
amr1,unloaded,nav,32.421,0.5000
amr1,unloaded,nav,32.441,0.5000
amr1,unloaded,nav,32.460,0.5000
amr1,unloaded,nav,32.480,0.5000
amr1,unloaded,nav,32.500,0.5000
amr1,unloaded,nav,32.521,0.5000
amr1,unloaded,nav,32.541,0.5000
amr1,unloaded,nav,32.562,0.5000
amr1,unloaded,nav,32.581,0.5000
amr1,unloaded,nav,32.602,0.5000
amr1,unloaded,nav,32.621,0.5000
amr1,unloaded,nav,32.641,0.5000
amr1,unloaded,nav,32.661,0.5000
amr1,unloaded,nav,32.680,0.5000
amr1,unloaded,nav,32.700,0.5000
amr1,unloaded,nav,32.720,0.5000
amr1,unloaded,nav,32.741,0.5000
amr1,unloaded,nav,32.763,0.5000
amr1,unloaded,nav,32.781,0.5000
amr1,unloaded,nav,32.800,0.5000
amr1,unloaded,nav,32.822,0.5000
amr1,unloaded,nav,32.841,0.5000
amr1,unloaded,nav,32.861,0.5000
amr1,unloaded,nav,32.881,0.5000
amr1,unloaded,nav,32.900,0.5000
amr1,unloaded,nav,32.920,0.5000
amr1,unloaded,nav,32.940,0.5000
amr1,unloaded,nav,32.960,0.5000
amr1,unloaded,nav,32.981,0.5000
amr1,unloaded,nav,33.000,0.5000
amr1,unloaded,nav,33.020,0.5000
amr1,unloaded,nav,33.040,0.5000
amr1,unloaded,nav,33.061,0.5000
amr1,unloaded,nav,33.080,0.5000
amr1,unloaded,nav,33.100,0.5000
amr1,unloaded,nav,33.121,0.5000
amr1,unloaded,nav,33.140,0.5000
amr1,unloaded,nav,33.161,0.5000
amr1,unloaded,nav,33.180,0.5000
amr1,unloaded,nav,33.201,0.5000
amr1,unloaded,nav,33.221,0.5000
amr1,unloaded,nav,33.241,0.5000
amr1,unloaded,nav,33.261,0.5000
amr1,unloaded,nav,33.281,0.5000
amr1,unloaded,nav,33.300,0.5000
amr1,unloaded,nav,33.320,0.5000
amr1,unloaded,nav,33.340,0.5000
amr1,unloaded,nav,33.360,0.5000
amr1,unloaded,nav,33.380,0.5000
amr1,unloaded,nav,33.402,0.5000
amr1,unloaded,nav,33.421,0.5000
amr1,unloaded,nav,33.441,0.5000
amr1,unloaded,nav,33.460,0.5000
amr1,unloaded,nav,33.480,0.5000
amr1,unloaded,nav,33.500,0.5000
amr1,unloaded,nav,33.521,0.5000
amr1,unloaded,nav,33.541,0.5000
amr1,unloaded,nav,33.563,0.5000
amr1,unloaded,nav,33.582,0.5000
amr1,unloaded,nav,33.600,0.5000
amr1,unloaded,nav,33.620,0.5000
amr1,unloaded,nav,33.641,0.5000
amr1,unloaded,nav,33.660,0.5000
amr1,unloaded,nav,33.681,0.5000
amr1,unloaded,nav,33.702,0.5000
amr1,unloaded,nav,33.720,0.5000
amr1,unloaded,nav,33.741,0.5000
amr1,unloaded,nav,33.760,0.5000
amr1,unloaded,nav,33.781,0.5000
amr1,unloaded,nav,33.800,0.5000
amr1,unloaded,nav,33.822,0.5000
amr1,unloaded,nav,33.841,0.5000
amr1,unloaded,nav,33.860,0.5000
amr1,unloaded,nav,33.880,0.5000
amr1,unloaded,nav,33.901,0.5000
amr1,unloaded,nav,33.920,0.5000
amr1,unloaded,nav,33.941,0.5000
amr1,unloaded,nav,33.962,0.5000
amr1,unloaded,nav,33.981,0.5000
amr1,unloaded,nav,34.000,0.5000
amr1,unloaded,nav,34.020,0.5000
amr1,unloaded,nav,34.041,0.5000
amr1,unloaded,nav,34.061,0.5000
amr1,unloaded,nav,34.081,0.5000
amr1,unloaded,nav,34.101,0.0000
amr1,unloaded,nav,34.121,0.0000
amr1,unloaded,nav,34.142,0.0000
amr1,unloaded,nav,34.161,0.0000
amr1,unloaded,nav,34.180,0.0000
amr1,unloaded,nav,34.201,0.0000
amr1,unloaded,nav,34.222,0.0000
amr1,unloaded,nav,34.240,0.0000
amr1,unloaded,nav,34.260,0.0000
amr1,unloaded,nav,34.282,0.0000
amr1,unloaded,nav,34.300,0.0000
amr1,unloaded,nav,34.320,0.0000
amr1,unloaded,nav,34.340,0.0000
amr1,unloaded,nav,34.361,0.0000
amr1,unloaded,nav,34.381,0.0000
amr1,unloaded,nav,34.404,0.0000
amr1,unloaded,nav,34.421,0.0000
amr1,unloaded,nav,34.440,0.0000
amr1,unloaded,nav,34.460,0.0000
amr1,unloaded,nav,34.480,0.0000
amr1,unloaded,nav,34.502,0.0000
amr1,unloaded,nav,34.520,0.0000
amr1,unloaded,nav,34.540,0.0000
amr1,unloaded,nav,34.561,0.0000
amr1,unloaded,nav,34.580,0.0000
amr1,unloaded,nav,34.601,0.0000
amr1,unloaded,nav,34.620,0.0000
amr1,unloaded,nav,34.640,0.0000
amr1,unloaded,nav,34.662,0.0000
amr1,unloaded,nav,34.680,0.0000
amr1,unloaded,nav,34.701,0.0000
amr1,unloaded,nav,34.720,0.0000
amr1,unloaded,nav,34.741,0.0000
amr1,unloaded,nav,34.761,0.0000
amr1,unloaded,nav,34.781,0.0000
amr1,unloaded,nav,34.800,0.0000
amr1,unloaded,nav,34.821,0.0000
amr1,unloaded,nav,34.841,0.0000
amr1,unloaded,nav,34.861,0.0000
amr1,unloaded,nav,34.881,0.0000
amr1,unloaded,nav,34.901,0.0000
amr1,unloaded,nav,34.920,0.0000
amr1,unloaded,nav,34.941,0.0000
amr1,unloaded,nav,34.960,0.0000
amr1,unloaded,nav,34.985,0.0000
amr1,unloaded,nav,35.000,0.0000
amr1,unloaded,nav,35.020,0.0000
amr1,unloaded,nav,35.040,0.0000
amr1,unloaded,nav,35.060,0.0000
amr1,unloaded,nav,35.081,0.0000
amr1,unloaded,nav,35.104,0.0000
amr1,unloaded,nav,35.129,0.0000
amr1,unloaded,nav,35.142,0.0000
amr1,unloaded,nav,35.160,0.0000
amr1,unloaded,nav,35.181,0.0000
amr1,unloaded,nav,35.200,0.0000
amr1,unloaded,nav,35.221,0.0000
amr1,unloaded,nav,35.242,0.0000
amr1,unloaded,nav,35.261,0.0000
amr1,unloaded,nav,35.283,0.0000
amr1,unloaded,nav,35.300,0.0000
amr1,unloaded,nav,35.322,0.0000
amr1,unloaded,nav,35.340,0.0000
amr1,unloaded,nav,35.360,0.0000
amr1,unloaded,nav,35.380,0.0000
amr1,unloaded,nav,35.400,0.0000
amr1,unloaded,nav,35.420,0.0000
amr1,unloaded,nav,35.441,0.0000
amr1,unloaded,nav,35.463,0.0000
amr1,unloaded,nav,35.480,0.0000
amr1,unloaded,nav,35.501,0.0000
amr1,unloaded,nav,35.520,0.0000
amr1,unloaded,nav,35.547,0.0000
amr1,unloaded,nav,35.564,0.0000
amr1,unloaded,nav,35.581,0.0000
amr1,unloaded,nav,35.601,0.0000
amr1,unloaded,nav,35.629,0.0000
amr1,unloaded,nav,35.641,0.0000
amr1,unloaded,nav,35.662,0.0000
amr1,unloaded,nav,35.680,0.0000
amr1,unloaded,nav,35.701,0.0000
amr1,unloaded,nav,35.721,0.0000
amr1,unloaded,nav,35.741,0.0000
amr1,unloaded,nav,35.761,0.0000
amr1,unloaded,nav,35.780,0.0000
amr1,unloaded,nav,35.802,0.0000
amr1,unloaded,nav,35.820,0.0000
amr1,unloaded,nav,35.840,0.0000
amr1,unloaded,nav,35.861,0.0000
amr1,unloaded,nav,35.880,0.0000
amr1,unloaded,nav,35.902,0.0000
amr1,unloaded,nav,35.921,0.0000
amr1,unloaded,nav,35.940,0.0000
amr1,unloaded,nav,35.962,0.0000
amr1,unloaded,nav,35.981,0.0000
amr1,unloaded,nav,36.001,0.0000
amr1,unloaded,nav,36.020,0.0000
amr1,unloaded,nav,36.040,0.0000
amr1,unloaded,nav,36.061,0.0000
amr1,unloaded,nav,36.080,0.0000
amr1,unloaded,nav,36.100,0.0000
amr1,unloaded,nav,36.121,0.0000
amr1,unloaded,nav,36.140,0.0000
amr1,unloaded,nav,36.161,0.0000
amr1,unloaded,nav,36.180,0.0000
amr1,unloaded,nav,36.202,0.0000
amr1,unloaded,nav,36.220,0.0000
amr1,unloaded,nav,36.240,0.0000
amr1,unloaded,nav,36.261,0.0000
amr1,unloaded,nav,36.281,0.0000
amr1,unloaded,nav,36.300,0.0000
amr1,unloaded,nav,36.321,0.0000
amr1,unloaded,nav,36.341,0.0000
amr1,unloaded,nav,36.361,0.0000
amr1,unloaded,nav,36.381,0.0000
amr1,unloaded,nav,36.400,0.0000
amr1,unloaded,nav,36.421,0.0000
amr1,unloaded,nav,36.441,0.0000
amr1,unloaded,nav,36.461,0.0000
amr1,unloaded,nav,36.481,0.0000
amr1,unloaded,nav,36.502,0.0000
amr1,unloaded,nav,36.521,0.0000
amr1,unloaded,nav,36.540,0.0000
amr1,unloaded,nav,36.562,0.0000
amr1,unloaded,nav,36.580,0.0000
amr1,unloaded,nav,36.601,0.0000
amr1,unloaded,nav,36.620,0.0000
amr1,unloaded,nav,36.641,0.0000
amr1,unloaded,nav,36.663,0.0000
amr1,unloaded,nav,36.681,0.0000
amr1,unloaded,nav,36.700,0.0000
amr1,unloaded,nav,36.721,0.0000
amr1,unloaded,nav,36.741,0.0000
amr1,unloaded,nav,36.761,0.0000
amr1,unloaded,nav,36.781,0.0000
amr1,unloaded,nav,36.801,0.0000
amr1,unloaded,nav,36.822,0.0000
amr1,unloaded,nav,36.841,0.0000
amr1,unloaded,nav,36.860,0.0000
amr1,unloaded,nav,36.883,0.0000
amr1,unloaded,nav,36.901,0.0000
amr1,unloaded,nav,36.920,0.0000
amr1,unloaded,nav,36.940,0.0000
amr1,unloaded,nav,36.961,0.0000
amr1,unloaded,nav,36.980,0.0000
amr1,unloaded,nav,37.000,0.0000
amr1,unloaded,nav,37.020,0.0000
amr1,unloaded,nav,37.042,0.0000
amr1,unloaded,nav,37.060,0.0000
amr1,unloaded,nav,37.080,0.0000
amr1,unloaded,nav,37.101,0.0000
amr1,unloaded,nav,37.120,0.0000
amr1,unloaded,nav,37.141,0.0000
amr1,unloaded,nav,37.162,0.0000
amr1,unloaded,nav,37.183,0.0000
amr1,unloaded,nav,37.201,0.0000
amr1,unloaded,nav,37.220,0.0000
amr1,unloaded,nav,37.242,0.0000
amr1,unloaded,nav,37.262,0.0000
amr1,unloaded,nav,37.285,0.0000
amr1,unloaded,nav,37.300,0.0000
amr1,unloaded,nav,37.325,0.0000
amr1,unloaded,nav,37.347,0.0000
amr1,unloaded,nav,37.360,0.0000
amr1,unloaded,nav,37.380,0.0000
amr1,unloaded,nav,37.400,0.0000
amr1,unloaded,nav,37.420,0.0000
amr1,unloaded,nav,37.440,0.0000
amr1,unloaded,nav,37.460,0.0000
amr1,unloaded,nav,37.481,0.0000
amr1,unloaded,nav,37.500,0.0000
amr1,unloaded,nav,37.522,0.0000
amr1,unloaded,nav,37.541,0.0000
amr1,unloaded,nav,37.561,0.0000
amr1,unloaded,nav,37.580,0.0000
amr1,unloaded,nav,37.600,0.0000
amr1,unloaded,nav,37.620,0.0000
amr1,unloaded,nav,37.640,0.0000
amr1,unloaded,nav,37.663,0.0000
amr1,unloaded,nav,37.680,0.0000
amr1,unloaded,nav,37.700,0.0000
amr1,unloaded,nav,37.720,0.0000
amr1,unloaded,nav,37.740,0.0000
amr1,unloaded,nav,37.763,0.0000
amr1,unloaded,nav,37.781,0.0000
amr1,unloaded,nav,37.802,0.0000
amr1,unloaded,nav,37.822,0.0000
amr1,unloaded,nav,37.842,0.0000
amr1,unloaded,nav,37.869,0.0000
amr1,unloaded,nav,37.882,0.0000
amr1,unloaded,nav,37.900,0.0000
amr1,unloaded,nav,37.921,0.0000
amr1,unloaded,nav,37.940,0.0000
amr1,unloaded,nav,37.961,0.0000
amr1,unloaded,nav,37.982,0.0000
amr1,unloaded,nav,38.001,0.0000
amr1,unloaded,nav,38.021,0.0000
amr1,unloaded,nav,38.043,0.0000
amr1,unloaded,nav,38.061,0.0000
amr1,unloaded,nav,38.080,0.0000
amr1,unloaded,nav,38.100,0.0000
amr1,unloaded,nav,38.121,0.0000
amr1,unloaded,nav,38.140,0.0000
amr1,unloaded,nav,38.162,0.0000
amr1,unloaded,nav,38.181,0.0000
amr1,unloaded,nav,38.200,0.0000
amr1,unloaded,nav,38.222,0.0000
amr1,unloaded,nav,38.240,0.0000
amr1,unloaded,nav,38.262,0.0000
amr1,unloaded,nav,38.281,0.0000
amr1,unloaded,nav,38.300,0.0000
amr1,unloaded,nav,38.321,0.0000
amr1,unloaded,nav,38.340,0.0000
amr1,unloaded,nav,38.360,0.0000
amr1,unloaded,nav,38.382,0.0000
amr1,unloaded,nav,38.403,0.0000
amr1,unloaded,nav,38.420,0.0000
amr1,unloaded,nav,38.441,0.0000
amr1,unloaded,nav,38.461,0.0000
amr1,unloaded,nav,38.481,0.0000
amr1,unloaded,nav,38.502,0.0000
amr1,unloaded,nav,38.521,0.0000
amr1,unloaded,nav,38.541,0.0000
amr1,unloaded,nav,38.561,0.0000
amr1,unloaded,nav,38.581,0.0000
amr1,unloaded,nav,38.600,0.0000
amr1,unloaded,nav,38.622,0.0000
amr1,unloaded,nav,38.641,0.0000
amr1,unloaded,nav,38.661,0.0000
amr1,unloaded,nav,38.682,0.0000
amr1,unloaded,nav,38.700,0.0000
amr1,unloaded,nav,38.721,0.0000
amr1,unloaded,nav,38.741,0.0000
amr1,unloaded,nav,38.763,0.0000
amr1,unloaded,nav,38.782,0.0000
amr1,unloaded,nav,38.805,0.0000
amr1,unloaded,nav,38.820,0.0000
amr1,unloaded,nav,38.842,0.0000
amr1,unloaded,nav,38.861,0.0000
amr1,unloaded,nav,38.880,0.0000
amr1,unloaded,nav,38.901,0.0000
amr1,unloaded,nav,38.921,0.0000
amr1,unloaded,nav,38.941,0.0000
amr1,unloaded,nav,38.960,0.0000
amr1,unloaded,nav,38.980,0.0000
amr1,unloaded,nav,39.001,0.0000
amr1,unloaded,nav,39.020,0.0000
amr1,unloaded,nav,39.041,0.0000
amr1,unloaded,nav,39.061,0.0000
amr1,unloaded,nav,39.081,0.0000
amr1,unloaded,nav,39.100,0.0000
amr1,unloaded,smoothed,27.108,0.0200
amr1,unloaded,smoothed,27.138,0.0400
amr1,unloaded,smoothed,27.163,0.0600
amr1,unloaded,smoothed,27.194,0.0800
amr1,unloaded,smoothed,27.232,0.1000
amr1,unloaded,smoothed,27.263,0.1200
amr1,unloaded,smoothed,27.290,0.1400
amr1,unloaded,smoothed,27.318,0.1600
amr1,unloaded,smoothed,27.345,0.1800
amr1,unloaded,smoothed,27.372,0.2000
amr1,unloaded,smoothed,27.401,0.2200
amr1,unloaded,smoothed,27.427,0.2400
amr1,unloaded,smoothed,27.457,0.2600
amr1,unloaded,smoothed,27.485,0.2800
amr1,unloaded,smoothed,27.515,0.3000
amr1,unloaded,smoothed,27.542,0.3200
amr1,unloaded,smoothed,27.568,0.3400
amr1,unloaded,smoothed,27.592,0.3600
amr1,unloaded,smoothed,27.616,0.3800
amr1,unloaded,smoothed,27.650,0.4000
amr1,unloaded,smoothed,27.679,0.4200
amr1,unloaded,smoothed,27.705,0.4400
amr1,unloaded,smoothed,27.729,0.4600
amr1,unloaded,smoothed,27.758,0.4800
amr1,unloaded,smoothed,27.783,0.5000
amr1,unloaded,smoothed,27.805,0.5000
amr1,unloaded,smoothed,27.828,0.5000
amr1,unloaded,smoothed,27.853,0.5000
amr1,unloaded,smoothed,27.884,0.5000
amr1,unloaded,smoothed,27.909,0.5000
amr1,unloaded,smoothed,27.932,0.5000
amr1,unloaded,smoothed,27.957,0.5000
amr1,unloaded,smoothed,27.985,0.5000
amr1,unloaded,smoothed,28.013,0.5000
amr1,unloaded,smoothed,28.042,0.5000
amr1,unloaded,smoothed,28.066,0.5000
amr1,unloaded,smoothed,28.098,0.5000
amr1,unloaded,smoothed,28.125,0.5000
amr1,unloaded,smoothed,28.152,0.5000
amr1,unloaded,smoothed,28.181,0.5000
amr1,unloaded,smoothed,28.211,0.5000
amr1,unloaded,smoothed,28.242,0.5000
amr1,unloaded,smoothed,28.268,0.5000
amr1,unloaded,smoothed,28.295,0.5000
amr1,unloaded,smoothed,28.321,0.5000
amr1,unloaded,smoothed,28.347,0.5000
amr1,unloaded,smoothed,28.376,0.5000
amr1,unloaded,smoothed,28.400,0.5000
amr1,unloaded,smoothed,28.421,0.5000
amr1,unloaded,smoothed,28.447,0.5000
amr1,unloaded,smoothed,28.475,0.5000
amr1,unloaded,smoothed,28.506,0.5000
amr1,unloaded,smoothed,28.532,0.5000
amr1,unloaded,smoothed,28.558,0.5000
amr1,unloaded,smoothed,28.588,0.5000
amr1,unloaded,smoothed,28.615,0.5000
amr1,unloaded,smoothed,28.642,0.5000
amr1,unloaded,smoothed,28.669,0.5000
amr1,unloaded,smoothed,28.698,0.5000
amr1,unloaded,smoothed,28.727,0.5000
amr1,unloaded,smoothed,28.754,0.5000
amr1,unloaded,smoothed,28.780,0.5000
amr1,unloaded,smoothed,28.807,0.5000
amr1,unloaded,smoothed,28.843,0.5000
amr1,unloaded,smoothed,28.870,0.5000
amr1,unloaded,smoothed,28.897,0.5000
amr1,unloaded,smoothed,28.924,0.5000
amr1,unloaded,smoothed,28.953,0.5000
amr1,unloaded,smoothed,28.983,0.5000
amr1,unloaded,smoothed,29.011,0.5000
amr1,unloaded,smoothed,29.041,0.5000
amr1,unloaded,smoothed,29.067,0.5000
amr1,unloaded,smoothed,29.096,0.5000
amr1,unloaded,smoothed,29.129,0.5000
amr1,unloaded,smoothed,29.158,0.5000
amr1,unloaded,smoothed,29.186,0.5000
amr1,unloaded,smoothed,29.213,0.5000
amr1,unloaded,smoothed,29.244,0.5000
amr1,unloaded,smoothed,29.278,0.5000
amr1,unloaded,smoothed,29.310,0.5000
amr1,unloaded,smoothed,29.337,0.5000
amr1,unloaded,smoothed,29.369,0.5000
amr1,unloaded,smoothed,29.394,0.5000
amr1,unloaded,smoothed,29.423,0.5000
amr1,unloaded,smoothed,29.451,0.5000
amr1,unloaded,smoothed,29.478,0.5000
amr1,unloaded,smoothed,29.504,0.5000
amr1,unloaded,smoothed,29.539,0.5000
amr1,unloaded,smoothed,29.569,0.5000
amr1,unloaded,smoothed,29.596,0.5000
amr1,unloaded,smoothed,29.620,0.5000
amr1,unloaded,smoothed,29.652,0.5000
amr1,unloaded,smoothed,29.680,0.5000
amr1,unloaded,smoothed,29.709,0.5000
amr1,unloaded,smoothed,29.737,0.5000
amr1,unloaded,smoothed,29.765,0.5000
amr1,unloaded,smoothed,29.795,0.5000
amr1,unloaded,smoothed,29.819,0.5000
amr1,unloaded,smoothed,29.848,0.5000
amr1,unloaded,smoothed,29.881,0.5000
amr1,unloaded,smoothed,29.909,0.5000
amr1,unloaded,smoothed,29.938,0.5000
amr1,unloaded,smoothed,29.962,0.5000
amr1,unloaded,smoothed,29.990,0.5000
amr1,unloaded,smoothed,30.016,0.5000
amr1,unloaded,smoothed,30.040,0.5000
amr1,unloaded,smoothed,30.070,0.5000
amr1,unloaded,smoothed,30.098,0.5000
amr1,unloaded,smoothed,30.125,0.5000
amr1,unloaded,smoothed,30.151,0.5000
amr1,unloaded,smoothed,30.179,0.5000
amr1,unloaded,smoothed,30.208,0.5000
amr1,unloaded,smoothed,30.238,0.5000
amr1,unloaded,smoothed,30.268,0.5000
amr1,unloaded,smoothed,30.295,0.5000
amr1,unloaded,smoothed,30.325,0.5000
amr1,unloaded,smoothed,30.355,0.5000
amr1,unloaded,smoothed,30.382,0.5000
amr1,unloaded,smoothed,30.410,0.5000
amr1,unloaded,smoothed,30.441,0.5000
amr1,unloaded,smoothed,30.470,0.5000
amr1,unloaded,smoothed,30.503,0.5000
amr1,unloaded,smoothed,30.533,0.5000
amr1,unloaded,smoothed,30.562,0.5000
amr1,unloaded,smoothed,30.587,0.5000
amr1,unloaded,smoothed,30.612,0.5000
amr1,unloaded,smoothed,30.638,0.5000
amr1,unloaded,smoothed,30.667,0.5000
amr1,unloaded,smoothed,30.691,0.5000
amr1,unloaded,smoothed,30.717,0.5000
amr1,unloaded,smoothed,30.744,0.5000
amr1,unloaded,smoothed,30.773,0.5000
amr1,unloaded,smoothed,30.803,0.5000
amr1,unloaded,smoothed,30.831,0.5000
amr1,unloaded,smoothed,30.859,0.5000
amr1,unloaded,smoothed,30.888,0.5000
amr1,unloaded,smoothed,30.912,0.5000
amr1,unloaded,smoothed,30.935,0.5000
amr1,unloaded,smoothed,30.952,0.5000
amr1,unloaded,smoothed,30.977,0.5000
amr1,unloaded,smoothed,31.006,0.5000
amr1,unloaded,smoothed,31.030,0.5000
amr1,unloaded,smoothed,31.057,0.5000
amr1,unloaded,smoothed,31.082,0.5000
amr1,unloaded,smoothed,31.107,0.5000
amr1,unloaded,smoothed,31.127,0.5000
amr1,unloaded,smoothed,31.152,0.5000
amr1,unloaded,smoothed,31.177,0.5000
amr1,unloaded,smoothed,31.205,0.5000
amr1,unloaded,smoothed,31.232,0.5000
amr1,unloaded,smoothed,31.256,0.5000
amr1,unloaded,smoothed,31.284,0.5000
amr1,unloaded,smoothed,31.315,0.5000
amr1,unloaded,smoothed,31.345,0.5000
amr1,unloaded,smoothed,31.370,0.5000
amr1,unloaded,smoothed,31.399,0.5000
amr1,unloaded,smoothed,31.428,0.5000
amr1,unloaded,smoothed,31.459,0.5000
amr1,unloaded,smoothed,31.488,0.5000
amr1,unloaded,smoothed,31.516,0.5000
amr1,unloaded,smoothed,31.542,0.5000
amr1,unloaded,smoothed,31.569,0.5000
amr1,unloaded,smoothed,31.597,0.5000
amr1,unloaded,smoothed,31.623,0.5000
amr1,unloaded,smoothed,31.648,0.5000
amr1,unloaded,smoothed,31.674,0.5000
amr1,unloaded,smoothed,31.695,0.5000
amr1,unloaded,smoothed,31.720,0.5000
amr1,unloaded,smoothed,31.745,0.5000
amr1,unloaded,smoothed,31.772,0.5000
amr1,unloaded,smoothed,31.796,0.5000
amr1,unloaded,smoothed,31.821,0.5000
amr1,unloaded,smoothed,31.845,0.5000
amr1,unloaded,smoothed,31.872,0.5000
amr1,unloaded,smoothed,31.895,0.5000
amr1,unloaded,smoothed,31.918,0.5000
amr1,unloaded,smoothed,31.946,0.5000
amr1,unloaded,smoothed,31.975,0.5000
amr1,unloaded,smoothed,32.001,0.5000
amr1,unloaded,smoothed,32.027,0.5000
amr1,unloaded,smoothed,32.055,0.5000
amr1,unloaded,smoothed,32.080,0.5000
amr1,unloaded,smoothed,32.106,0.5000
amr1,unloaded,smoothed,32.135,0.5000
amr1,unloaded,smoothed,32.161,0.5000
amr1,unloaded,smoothed,32.185,0.5000
amr1,unloaded,smoothed,32.205,0.5000
amr1,unloaded,smoothed,32.230,0.5000
amr1,unloaded,smoothed,32.261,0.5000
amr1,unloaded,smoothed,32.287,0.5000
amr1,unloaded,smoothed,32.308,0.5000
amr1,unloaded,smoothed,32.336,0.5000
amr1,unloaded,smoothed,32.367,0.5000
amr1,unloaded,smoothed,32.396,0.5000
amr1,unloaded,smoothed,32.421,0.5000
amr1,unloaded,smoothed,32.446,0.5000
amr1,unloaded,smoothed,32.477,0.5000
amr1,unloaded,smoothed,32.501,0.5000
amr1,unloaded,smoothed,32.529,0.5000
amr1,unloaded,smoothed,32.561,0.5000
amr1,unloaded,smoothed,32.589,0.5000
amr1,unloaded,smoothed,32.620,0.5000
amr1,unloaded,smoothed,32.643,0.5000
amr1,unloaded,smoothed,32.668,0.5000
amr1,unloaded,smoothed,32.698,0.5000
amr1,unloaded,smoothed,32.722,0.5000
amr1,unloaded,smoothed,32.748,0.5000
amr1,unloaded,smoothed,32.773,0.5000
amr1,unloaded,smoothed,32.801,0.5000
amr1,unloaded,smoothed,32.826,0.5000
amr1,unloaded,smoothed,32.856,0.5000
amr1,unloaded,smoothed,32.884,0.5000
amr1,unloaded,smoothed,32.909,0.5000
amr1,unloaded,smoothed,32.939,0.5000
amr1,unloaded,smoothed,32.968,0.5000
amr1,unloaded,smoothed,32.990,0.5000
amr1,unloaded,smoothed,33.016,0.5000
amr1,unloaded,smoothed,33.042,0.5000
amr1,unloaded,smoothed,33.072,0.5000
amr1,unloaded,smoothed,33.103,0.5000
amr1,unloaded,smoothed,33.132,0.5000
amr1,unloaded,smoothed,33.157,0.5000
amr1,unloaded,smoothed,33.187,0.5000
amr1,unloaded,smoothed,33.214,0.5000
amr1,unloaded,smoothed,33.239,0.5000
amr1,unloaded,smoothed,33.264,0.5000
amr1,unloaded,smoothed,33.293,0.5000
amr1,unloaded,smoothed,33.322,0.5000
amr1,unloaded,smoothed,33.347,0.5000
amr1,unloaded,smoothed,33.368,0.5000
amr1,unloaded,smoothed,33.394,0.5000
amr1,unloaded,smoothed,33.423,0.5000
amr1,unloaded,smoothed,33.446,0.5000
amr1,unloaded,smoothed,33.474,0.5000
amr1,unloaded,smoothed,33.497,0.5000
amr1,unloaded,smoothed,33.526,0.5000
amr1,unloaded,smoothed,33.551,0.5000
amr1,unloaded,smoothed,33.577,0.5000
amr1,unloaded,smoothed,33.603,0.5000
amr1,unloaded,smoothed,33.627,0.5000
amr1,unloaded,smoothed,33.655,0.5000
amr1,unloaded,smoothed,33.688,0.5000
amr1,unloaded,smoothed,33.716,0.5000
amr1,unloaded,smoothed,33.748,0.5000
amr1,unloaded,smoothed,33.773,0.5000
amr1,unloaded,smoothed,33.801,0.5000
amr1,unloaded,smoothed,33.826,0.5000
amr1,unloaded,smoothed,33.859,0.5000
amr1,unloaded,smoothed,33.887,0.5000
amr1,unloaded,smoothed,33.916,0.5000
amr1,unloaded,smoothed,33.941,0.5000
amr1,unloaded,smoothed,33.974,0.5000
amr1,unloaded,smoothed,34.001,0.5000
amr1,unloaded,smoothed,34.025,0.5000
amr1,unloaded,smoothed,34.054,0.5000
amr1,unloaded,smoothed,34.085,0.5000
amr1,unloaded,smoothed,34.112,0.4600
amr1,unloaded,smoothed,34.140,0.4200
amr1,unloaded,smoothed,34.170,0.3800
amr1,unloaded,smoothed,34.201,0.3400
amr1,unloaded,smoothed,34.229,0.3000
amr1,unloaded,smoothed,34.253,0.2600
amr1,unloaded,smoothed,34.279,0.2200
amr1,unloaded,smoothed,34.304,0.1800
amr1,unloaded,smoothed,34.327,0.1400
amr1,unloaded,smoothed,34.351,0.1000
amr1,unloaded,smoothed,34.377,0.0600
amr1,unloaded,smoothed,34.411,0.0200
amr1,unloaded,smoothed,34.439,0.0000
amr1,unloaded,smoothed,34.464,0.0000
amr1,unloaded,smoothed,34.490,0.0000
amr1,unloaded,smoothed,34.518,0.0000
amr1,unloaded,smoothed,34.546,0.0000
amr1,unloaded,smoothed,34.570,0.0000
amr1,unloaded,smoothed,34.593,0.0000
amr1,unloaded,smoothed,34.617,0.0000
amr1,unloaded,smoothed,34.643,0.0000
amr1,unloaded,smoothed,34.669,0.0000
amr1,unloaded,smoothed,34.695,0.0000
amr1,unloaded,smoothed,34.722,0.0000
amr1,unloaded,smoothed,34.754,0.0000
amr1,unloaded,smoothed,34.785,0.0000
amr1,unloaded,smoothed,34.810,0.0000
amr1,unloaded,smoothed,34.837,0.0000
amr1,unloaded,smoothed,34.865,0.0000
amr1,unloaded,smoothed,34.889,0.0000
amr1,unloaded,smoothed,34.914,0.0000
amr1,unloaded,smoothed,34.940,0.0000
amr1,unloaded,smoothed,34.965,0.0000
amr1,unloaded,smoothed,34.995,0.0000
amr1,unloaded,smoothed,35.019,0.0000
amr1,unloaded,smoothed,35.048,0.0000
amr1,unloaded,smoothed,35.075,0.0000
amr1,unloaded,smoothed,35.110,0.0000
amr1,unloaded,smoothed,35.146,0.0000
amr1,unloaded,smoothed,35.171,0.0000
amr1,unloaded,smoothed,35.199,0.0000
amr1,unloaded,smoothed,35.225,0.0000
amr1,unloaded,smoothed,35.258,0.0000
amr1,unloaded,smoothed,35.286,0.0000
amr1,unloaded,smoothed,35.322,0.0000
amr1,unloaded,smoothed,35.349,0.0000
amr1,unloaded,smoothed,35.376,0.0000
amr1,unloaded,smoothed,35.406,0.0000
amr1,unloaded,smoothed,35.429,0.0000
amr1,unloaded,smoothed,35.455,0.0000
amr1,unloaded,smoothed,35.482,0.0000
amr1,unloaded,smoothed,35.507,0.0000
amr1,unloaded,smoothed,35.547,0.0000
amr1,unloaded,smoothed,35.584,0.0000
amr1,unloaded,smoothed,35.619,0.0000
amr1,unloaded,smoothed,35.648,0.0000
amr1,unloaded,smoothed,35.674,0.0000
amr1,unloaded,smoothed,35.700,0.0000
amr1,unloaded,smoothed,35.728,0.0000
amr1,unloaded,smoothed,35.756,0.0000
amr1,unloaded,smoothed,35.784,0.0000
amr1,unloaded,smoothed,35.812,0.0000
amr1,unloaded,smoothed,35.838,0.0000
amr1,unloaded,smoothed,35.866,0.0000
amr1,unloaded,smoothed,35.901,0.0000
amr1,unloaded,smoothed,35.926,0.0000
amr1,unloaded,smoothed,35.953,0.0000
amr1,unloaded,smoothed,35.983,0.0000
amr1,unloaded,smoothed,36.008,0.0000
amr1,unloaded,smoothed,36.029,0.0000
amr1,unloaded,smoothed,36.058,0.0000
amr1,unloaded,smoothed,36.083,0.0000
amr1,unloaded,smoothed,36.110,0.0000
amr1,unloaded,smoothed,36.131,0.0000
amr1,unloaded,smoothed,36.153,0.0000
amr1,unloaded,smoothed,36.178,0.0000
amr1,unloaded,smoothed,36.202,0.0000
amr1,unloaded,smoothed,36.233,0.0000
amr1,unloaded,smoothed,36.262,0.0000
amr1,unloaded,smoothed,36.287,0.0000
amr1,unloaded,smoothed,36.312,0.0000
amr1,unloaded,smoothed,36.343,0.0000
amr1,unloaded,smoothed,36.371,0.0000
amr1,unloaded,smoothed,36.400,0.0000
amr1,unloaded,smoothed,36.428,0.0000
amr1,unloaded,smoothed,36.455,0.0000
amr1,unloaded,smoothed,36.481,0.0000
amr1,unloaded,smoothed,36.514,0.0000
amr1,unloaded,smoothed,36.542,0.0000
amr1,unloaded,smoothed,36.568,0.0000
amr1,unloaded,smoothed,36.594,0.0000
amr1,unloaded,smoothed,36.618,0.0000
amr1,unloaded,smoothed,36.650,0.0000
amr1,unloaded,smoothed,36.681,0.0000
amr1,unloaded,smoothed,36.711,0.0000
amr1,unloaded,smoothed,36.737,0.0000
amr1,unloaded,smoothed,36.753,0.0000
amr1,unloaded,smoothed,36.777,0.0000
amr1,unloaded,smoothed,36.802,0.0000
amr1,unloaded,smoothed,36.832,0.0000
amr1,unloaded,smoothed,36.862,0.0000
amr1,unloaded,smoothed,36.894,0.0000
amr1,unloaded,smoothed,36.920,0.0000
amr1,unloaded,smoothed,36.946,0.0000
amr1,unloaded,smoothed,36.971,0.0000
amr1,unloaded,smoothed,36.998,0.0000
amr1,unloaded,smoothed,37.022,0.0000
amr1,unloaded,smoothed,37.050,0.0000
amr1,unloaded,smoothed,37.077,0.0000
amr1,unloaded,smoothed,37.102,0.0000
amr1,unloaded,smoothed,37.130,0.0000
amr1,unloaded,smoothed,37.159,0.0000
amr1,unloaded,smoothed,37.194,0.0000
amr1,unloaded,smoothed,37.219,0.0000
amr1,unloaded,smoothed,37.244,0.0000
amr1,unloaded,smoothed,37.265,0.0000
amr1,unloaded,smoothed,37.294,0.0000
amr1,unloaded,smoothed,37.314,0.0000
amr1,unloaded,smoothed,37.345,0.0000
amr1,unloaded,smoothed,37.375,0.0000
amr1,unloaded,smoothed,37.403,0.0000
amr1,unloaded,smoothed,37.436,0.0000
amr1,unloaded,smoothed,37.463,0.0000
amr1,unloaded,smoothed,37.496,0.0000
amr1,unloaded,smoothed,37.520,0.0000
amr1,unloaded,smoothed,37.550,0.0000
amr1,unloaded,smoothed,37.580,0.0000
amr1,unloaded,smoothed,37.607,0.0000
amr1,unloaded,smoothed,37.632,0.0000
amr1,unloaded,smoothed,37.656,0.0000
amr1,unloaded,smoothed,37.678,0.0000
amr1,unloaded,smoothed,37.702,0.0000
amr1,unloaded,smoothed,37.731,0.0000
amr1,unloaded,smoothed,37.766,0.0000
amr1,unloaded,smoothed,37.797,0.0000
amr1,unloaded,smoothed,37.827,0.0000
amr1,unloaded,smoothed,37.869,0.0000
amr1,unloaded,smoothed,37.899,0.0000
amr1,unloaded,smoothed,37.927,0.0000
amr1,unloaded,smoothed,37.954,0.0000
amr1,unloaded,smoothed,37.984,0.0000
amr1,unloaded,smoothed,38.012,0.0000
amr1,unloaded,smoothed,38.040,0.0000
amr1,unloaded,smoothed,38.071,0.0000
amr1,unloaded,smoothed,38.096,0.0000
amr1,unloaded,smoothed,38.123,0.0000
amr1,unloaded,smoothed,38.153,0.0000
amr1,unloaded,smoothed,38.180,0.0000
amr1,unloaded,smoothed,38.208,0.0000
amr1,unloaded,smoothed,38.232,0.0000
amr1,unloaded,smoothed,38.261,0.0000
amr1,unloaded,smoothed,38.289,0.0000
amr1,unloaded,smoothed,38.316,0.0000
amr1,unloaded,smoothed,38.344,0.0000
amr1,unloaded,smoothed,38.374,0.0000
amr1,unloaded,smoothed,38.403,0.0000
amr1,unloaded,smoothed,38.428,0.0000
amr1,unloaded,smoothed,38.453,0.0000
amr1,unloaded,smoothed,38.486,0.0000
amr1,unloaded,smoothed,38.522,0.0000
amr1,unloaded,smoothed,38.549,0.0000
amr1,unloaded,smoothed,38.579,0.0000
amr1,unloaded,smoothed,38.610,0.0000
amr1,unloaded,smoothed,38.639,0.0000
amr1,unloaded,smoothed,38.670,0.0000
amr1,unloaded,smoothed,38.698,0.0000
amr1,unloaded,smoothed,38.725,0.0000
amr1,unloaded,smoothed,38.756,0.0000
amr1,unloaded,smoothed,38.789,0.0000
amr1,unloaded,smoothed,38.815,0.0000
amr1,unloaded,smoothed,38.843,0.0000
amr1,unloaded,smoothed,38.872,0.0000
amr1,unloaded,smoothed,38.901,0.0000
amr1,unloaded,smoothed,38.931,0.0000
amr1,unloaded,smoothed,38.961,0.0000
amr1,unloaded,smoothed,38.987,0.0000
amr1,unloaded,smoothed,39.014,0.0000
amr1,unloaded,smoothed,39.043,0.0000
amr1,unloaded,smoothed,39.070,0.0000
amr1,unloaded,smoothed,39.098,0.0000
amr1,unloaded,shaped,27.150,0.0025
amr1,unloaded,shaped,27.202,0.0075
amr1,unloaded,shaped,27.251,0.0150
amr1,unloaded,shaped,27.300,0.0250
amr1,unloaded,shaped,27.350,0.0375
amr1,unloaded,shaped,27.401,0.0525
amr1,unloaded,shaped,27.450,0.0700
amr1,unloaded,shaped,27.502,0.0900
amr1,unloaded,shaped,27.550,0.1100
amr1,unloaded,shaped,27.601,0.1300
amr1,unloaded,shaped,27.650,0.1500
amr1,unloaded,shaped,27.700,0.1700
amr1,unloaded,shaped,27.750,0.1900
amr1,unloaded,shaped,27.800,0.2100
amr1,unloaded,shaped,27.850,0.2300
amr1,unloaded,shaped,27.902,0.2500
amr1,unloaded,shaped,27.951,0.2700
amr1,unloaded,shaped,28.000,0.2900
amr1,unloaded,shaped,28.050,0.3100
amr1,unloaded,shaped,28.101,0.3300
amr1,unloaded,shaped,28.151,0.3500
amr1,unloaded,shaped,28.201,0.3700
amr1,unloaded,shaped,28.250,0.3900
amr1,unloaded,shaped,28.300,0.4100
amr1,unloaded,shaped,28.350,0.4300
amr1,unloaded,shaped,28.400,0.4475
amr1,unloaded,shaped,28.453,0.4625
amr1,unloaded,shaped,28.502,0.4750
amr1,unloaded,shaped,28.550,0.4850
amr1,unloaded,shaped,28.600,0.4925
amr1,unloaded,shaped,28.650,0.4975
amr1,unloaded,shaped,28.701,0.5000
amr1,unloaded,shaped,28.751,0.5000
amr1,unloaded,shaped,28.800,0.5000
amr1,unloaded,shaped,28.851,0.5000
amr1,unloaded,shaped,28.901,0.5000
amr1,unloaded,shaped,28.950,0.5000
amr1,unloaded,shaped,29.000,0.5000
amr1,unloaded,shaped,29.051,0.5000
amr1,unloaded,shaped,29.100,0.5000
amr1,unloaded,shaped,29.151,0.5000
amr1,unloaded,shaped,29.201,0.5000
amr1,unloaded,shaped,29.252,0.5000
amr1,unloaded,shaped,29.300,0.5000
amr1,unloaded,shaped,29.350,0.5000
amr1,unloaded,shaped,29.401,0.5000
amr1,unloaded,shaped,29.451,0.5000
amr1,unloaded,shaped,29.501,0.5000
amr1,unloaded,shaped,29.550,0.5000
amr1,unloaded,shaped,29.601,0.5000
amr1,unloaded,shaped,29.652,0.5000
amr1,unloaded,shaped,29.700,0.5000
amr1,unloaded,shaped,29.751,0.5000
amr1,unloaded,shaped,29.800,0.5000
amr1,unloaded,shaped,29.850,0.5000
amr1,unloaded,shaped,29.900,0.5000
amr1,unloaded,shaped,29.950,0.5000
amr1,unloaded,shaped,30.001,0.5000
amr1,unloaded,shaped,30.051,0.5000
amr1,unloaded,shaped,30.100,0.5000
amr1,unloaded,shaped,30.150,0.5000
amr1,unloaded,shaped,30.200,0.5000
amr1,unloaded,shaped,30.250,0.5000
amr1,unloaded,shaped,30.300,0.5000
amr1,unloaded,shaped,30.351,0.5000
amr1,unloaded,shaped,30.400,0.5000
amr1,unloaded,shaped,30.450,0.5000
amr1,unloaded,shaped,30.501,0.5000
amr1,unloaded,shaped,30.551,0.5000
amr1,unloaded,shaped,30.600,0.5000
amr1,unloaded,shaped,30.650,0.5000
amr1,unloaded,shaped,30.701,0.5000
amr1,unloaded,shaped,30.751,0.5000
amr1,unloaded,shaped,30.800,0.5000
amr1,unloaded,shaped,30.851,0.5000
amr1,unloaded,shaped,30.900,0.5000
amr1,unloaded,shaped,30.950,0.5000
amr1,unloaded,shaped,31.002,0.5000
amr1,unloaded,shaped,31.051,0.5000
amr1,unloaded,shaped,31.100,0.5000
amr1,unloaded,shaped,31.152,0.5000
amr1,unloaded,shaped,31.200,0.5000
amr1,unloaded,shaped,31.250,0.5000
amr1,unloaded,shaped,31.302,0.5000
amr1,unloaded,shaped,31.350,0.5000
amr1,unloaded,shaped,31.401,0.5000
amr1,unloaded,shaped,31.450,0.5000
amr1,unloaded,shaped,31.500,0.5000
amr1,unloaded,shaped,31.551,0.5000
amr1,unloaded,shaped,31.600,0.5000
amr1,unloaded,shaped,31.652,0.5000
amr1,unloaded,shaped,31.700,0.5000
amr1,unloaded,shaped,31.753,0.5000
amr1,unloaded,shaped,31.803,0.5000
amr1,unloaded,shaped,31.851,0.5000
amr1,unloaded,shaped,31.900,0.5000
amr1,unloaded,shaped,31.950,0.5000
amr1,unloaded,shaped,32.001,0.5000
amr1,unloaded,shaped,32.051,0.5000
amr1,unloaded,shaped,32.101,0.5000
amr1,unloaded,shaped,32.150,0.5000
amr1,unloaded,shaped,32.200,0.5000
amr1,unloaded,shaped,32.250,0.5000
amr1,unloaded,shaped,32.304,0.5000
amr1,unloaded,shaped,32.351,0.5000
amr1,unloaded,shaped,32.400,0.5000
amr1,unloaded,shaped,32.450,0.5000
amr1,unloaded,shaped,32.501,0.5000
amr1,unloaded,shaped,32.553,0.5000
amr1,unloaded,shaped,32.602,0.5000
amr1,unloaded,shaped,32.650,0.5000
amr1,unloaded,shaped,32.701,0.5000
amr1,unloaded,shaped,32.750,0.5000
amr1,unloaded,shaped,32.801,0.5000
amr1,unloaded,shaped,32.850,0.5000
amr1,unloaded,shaped,32.900,0.5000
amr1,unloaded,shaped,32.950,0.5000
amr1,unloaded,shaped,33.001,0.5000
amr1,unloaded,shaped,33.050,0.5000
amr1,unloaded,shaped,33.100,0.5000
amr1,unloaded,shaped,33.151,0.5000
amr1,unloaded,shaped,33.200,0.5000
amr1,unloaded,shaped,33.251,0.5000
amr1,unloaded,shaped,33.300,0.5000
amr1,unloaded,shaped,33.350,0.5000
amr1,unloaded,shaped,33.403,0.5000
amr1,unloaded,shaped,33.452,0.5000
amr1,unloaded,shaped,33.501,0.5000
amr1,unloaded,shaped,33.550,0.5000
amr1,unloaded,shaped,33.600,0.5000
amr1,unloaded,shaped,33.651,0.5000
amr1,unloaded,shaped,33.700,0.5000
amr1,unloaded,shaped,33.753,0.5000
amr1,unloaded,shaped,33.801,0.5000
amr1,unloaded,shaped,33.851,0.5000
amr1,unloaded,shaped,33.901,0.5000
amr1,unloaded,shaped,33.950,0.5000
amr1,unloaded,shaped,34.000,0.5000
amr1,unloaded,shaped,34.052,0.5000
amr1,unloaded,shaped,34.101,0.5000
amr1,unloaded,shaped,34.151,0.4975
amr1,unloaded,shaped,34.202,0.4925
amr1,unloaded,shaped,34.250,0.4850
amr1,unloaded,shaped,34.300,0.4750
amr1,unloaded,shaped,34.350,0.4625
amr1,unloaded,shaped,34.401,0.4475
amr1,unloaded,shaped,34.451,0.4300
amr1,unloaded,shaped,34.500,0.4100
amr1,unloaded,shaped,34.550,0.3875
amr1,unloaded,shaped,34.601,0.3625
amr1,unloaded,shaped,34.650,0.3350
amr1,unloaded,shaped,34.701,0.3050
amr1,unloaded,shaped,34.752,0.2725
amr1,unloaded,shaped,34.800,0.2375
amr1,unloaded,shaped,34.850,0.2043
amr1,unloaded,shaped,34.901,0.1735
amr1,unloaded,shaped,34.951,0.1453
amr1,unloaded,shaped,35.000,0.1196
amr1,unloaded,shaped,35.051,0.0963
amr1,unloaded,shaped,35.104,0.0756
amr1,unloaded,shaped,35.151,0.0574
amr1,unloaded,shaped,35.200,0.0416
amr1,unloaded,shaped,35.250,0.0284
amr1,unloaded,shaped,35.300,0.0177
amr1,unloaded,shaped,35.351,0.0094
amr1,unloaded,shaped,35.400,0.0037
amr1,unloaded,shaped,35.450,0.0005
amr1,unloaded,shaped,35.503,0.0000
amr1,unloaded,shaped,35.553,0.0000
amr1,unloaded,shaped,35.602,0.0000
amr1,unloaded,shaped,35.651,0.0000
amr1,unloaded,shaped,35.701,0.0000
amr1,unloaded,shaped,35.751,0.0000
amr1,unloaded,shaped,35.802,0.0000
amr1,unloaded,shaped,35.850,0.0000
amr1,unloaded,shaped,35.901,0.0000
amr1,unloaded,shaped,35.951,0.0000
amr1,unloaded,shaped,36.002,0.0000
amr1,unloaded,shaped,36.051,0.0000
amr1,unloaded,shaped,36.100,0.0000
amr1,unloaded,shaped,36.150,0.0000
amr1,unloaded,shaped,36.201,0.0000
amr1,unloaded,shaped,36.250,0.0000
amr1,unloaded,shaped,36.301,0.0000
amr1,unloaded,shaped,36.352,0.0000
amr1,unloaded,shaped,36.401,0.0000
amr1,unloaded,shaped,36.450,0.0000
amr1,unloaded,shaped,36.506,0.0000
amr1,unloaded,shaped,36.551,0.0000
amr1,unloaded,shaped,36.600,0.0000
amr1,unloaded,shaped,36.650,0.0000
amr1,unloaded,shaped,36.703,0.0000
amr1,unloaded,shaped,36.752,0.0000
amr1,unloaded,shaped,36.801,0.0000
amr1,unloaded,shaped,36.851,0.0000
amr1,unloaded,shaped,36.901,0.0000
amr1,unloaded,shaped,36.950,0.0000
amr1,unloaded,shaped,37.000,0.0000
amr1,unloaded,shaped,37.051,0.0000
amr1,unloaded,shaped,37.100,0.0000
amr1,unloaded,shaped,37.150,0.0000
amr1,unloaded,shaped,37.201,0.0000
amr1,unloaded,shaped,37.252,0.0000
amr1,unloaded,shaped,37.301,0.0000
amr1,unloaded,shaped,37.351,0.0000
amr1,unloaded,shaped,37.400,0.0000
amr1,unloaded,shaped,37.451,0.0000
amr1,unloaded,shaped,37.500,0.0000
amr1,unloaded,shaped,37.550,0.0000
amr1,unloaded,shaped,37.600,0.0000
amr1,unloaded,shaped,37.650,0.0000
amr1,unloaded,shaped,37.700,0.0000
amr1,unloaded,shaped,37.751,0.0000
amr1,unloaded,shaped,37.802,0.0000
amr1,unloaded,shaped,37.852,0.0000
amr1,unloaded,shaped,37.900,0.0000
amr1,unloaded,shaped,37.951,0.0000
amr1,unloaded,shaped,38.001,0.0000
amr1,unloaded,shaped,38.050,0.0000
amr1,unloaded,shaped,38.100,0.0000
amr1,unloaded,shaped,38.151,0.0000
amr1,unloaded,shaped,38.200,0.0000
amr1,unloaded,shaped,38.250,0.0000
amr1,unloaded,shaped,38.301,0.0000
amr1,unloaded,shaped,38.351,0.0000
amr1,unloaded,shaped,38.400,0.0000
amr1,unloaded,shaped,38.450,0.0000
amr1,unloaded,shaped,38.503,0.0000
amr1,unloaded,shaped,38.551,0.0000
amr1,unloaded,shaped,38.600,0.0000
amr1,unloaded,shaped,38.652,0.0000
amr1,unloaded,shaped,38.700,0.0000
amr1,unloaded,shaped,38.753,0.0000
amr1,unloaded,shaped,38.803,0.0000
amr1,unloaded,shaped,38.850,0.0000
amr1,unloaded,shaped,38.901,0.0000
amr1,unloaded,shaped,38.950,0.0000
amr1,unloaded,shaped,39.000,0.0000
amr1,unloaded,shaped,39.050,0.0000
amr1,unloaded,shaped,39.100,0.0000
amr1,unloaded,odom,27.100,0.0000
amr1,unloaded,odom,27.105,0.0000
amr1,unloaded,odom,27.125,0.0000
amr1,unloaded,odom,27.145,-0.0000
amr1,unloaded,odom,27.165,-0.0000
amr1,unloaded,odom,27.185,-0.0000
amr1,unloaded,odom,27.205,0.0000
amr1,unloaded,odom,27.224,0.0025
amr1,unloaded,odom,27.245,0.0025
amr1,unloaded,odom,27.265,0.0055
amr1,unloaded,odom,27.285,0.0075
amr1,unloaded,odom,27.304,0.0075
amr1,unloaded,odom,27.324,0.0133
amr1,unloaded,odom,27.345,0.0150
amr1,unloaded,odom,27.364,0.0176
amr1,unloaded,odom,27.385,0.0256
amr1,unloaded,odom,27.404,0.0336
amr1,unloaded,odom,27.424,0.0375
amr1,unloaded,odom,27.445,0.0375
amr1,unloaded,odom,27.463,0.0405
amr1,unloaded,odom,27.484,0.0485
amr1,unloaded,odom,27.505,0.0525
amr1,unloaded,odom,27.524,0.0591
amr1,unloaded,odom,27.544,0.0671
amr1,unloaded,odom,27.565,0.0734
amr1,unloaded,odom,27.585,0.0814
amr1,unloaded,odom,27.604,0.0893
amr1,unloaded,odom,27.625,0.0970
amr1,unloaded,odom,27.647,0.1050
amr1,unloaded,odom,27.664,0.1122
amr1,unloaded,odom,27.685,0.1202
amr1,unloaded,odom,27.705,0.1282
amr1,unloaded,odom,27.724,0.1362
amr1,unloaded,odom,27.744,0.1442
amr1,unloaded,odom,27.765,0.1522
amr1,unloaded,odom,27.785,0.1602
amr1,unloaded,odom,27.804,0.1682
amr1,unloaded,odom,27.825,0.1762
amr1,unloaded,odom,27.844,0.1842
amr1,unloaded,odom,27.864,0.1922
amr1,unloaded,odom,27.885,0.2002
amr1,unloaded,odom,27.904,0.2082
amr1,unloaded,odom,27.924,0.2162
amr1,unloaded,odom,27.944,0.2242
amr1,unloaded,odom,27.965,0.2322
amr1,unloaded,odom,27.985,0.2402
amr1,unloaded,odom,28.004,0.2482
amr1,unloaded,odom,28.024,0.2558
amr1,unloaded,odom,28.045,0.2638
amr1,unloaded,odom,28.064,0.2718
amr1,unloaded,odom,28.085,0.2798
amr1,unloaded,odom,28.104,0.2878
amr1,unloaded,odom,28.124,0.2946
amr1,unloaded,odom,28.145,0.3026
amr1,unloaded,odom,28.164,0.3106
amr1,unloaded,odom,28.185,0.3186
amr1,unloaded,odom,28.206,0.3266
amr1,unloaded,odom,28.224,0.3346
amr1,unloaded,odom,28.244,0.3426
amr1,unloaded,odom,28.265,0.3506
amr1,unloaded,odom,28.284,0.3586
amr1,unloaded,odom,28.304,0.3666
amr1,unloaded,odom,28.325,0.3746
amr1,unloaded,odom,28.345,0.3826
amr1,unloaded,odom,28.365,0.3906
amr1,unloaded,odom,28.385,0.3986
amr1,unloaded,odom,28.405,0.4066
amr1,unloaded,odom,28.425,0.4146
amr1,unloaded,odom,28.444,0.4226
amr1,unloaded,odom,28.464,0.4306
amr1,unloaded,odom,28.484,0.4386
amr1,unloaded,odom,28.505,0.4466
amr1,unloaded,odom,28.525,0.4545
amr1,unloaded,odom,28.545,0.4620
amr1,unloaded,odom,28.565,0.4643
amr1,unloaded,odom,28.584,0.4723
amr1,unloaded,odom,28.605,0.4751
amr1,unloaded,odom,28.624,0.4820
amr1,unloaded,odom,28.645,0.4900
amr1,unloaded,odom,28.665,0.4925
amr1,unloaded,odom,28.685,0.4925
amr1,unloaded,odom,28.704,0.4926
amr1,unloaded,odom,28.725,0.4975
amr1,unloaded,odom,28.744,0.4975
amr1,unloaded,odom,28.764,0.4995
amr1,unloaded,odom,28.785,0.5000
amr1,unloaded,odom,28.804,0.5000
amr1,unloaded,odom,28.823,0.5000
amr1,unloaded,odom,28.846,0.5000
amr1,unloaded,odom,28.864,0.5000
amr1,unloaded,odom,28.884,0.5000
amr1,unloaded,odom,28.905,0.5000
amr1,unloaded,odom,28.925,0.5000
amr1,unloaded,odom,28.944,0.5000
amr1,unloaded,odom,28.965,0.5000
amr1,unloaded,odom,28.987,0.5000
amr1,unloaded,odom,29.003,0.5000
amr1,unloaded,odom,29.026,0.5000
amr1,unloaded,odom,29.045,0.5000
amr1,unloaded,odom,29.065,0.5000
amr1,unloaded,odom,29.084,0.5000
amr1,unloaded,odom,29.105,0.5000
amr1,unloaded,odom,29.125,0.5000
amr1,unloaded,odom,29.145,0.5000
amr1,unloaded,odom,29.165,0.5000
amr1,unloaded,odom,29.185,0.5000
amr1,unloaded,odom,29.205,0.5000
amr1,unloaded,odom,29.224,0.5000
amr1,unloaded,odom,29.245,0.5000
amr1,unloaded,odom,29.265,0.5000
amr1,unloaded,odom,29.285,0.5000
amr1,unloaded,odom,29.305,0.5000
amr1,unloaded,odom,29.325,0.5000
amr1,unloaded,odom,29.344,0.5000
amr1,unloaded,odom,29.365,0.5000
amr1,unloaded,odom,29.385,0.5000
amr1,unloaded,odom,29.405,0.5000
amr1,unloaded,odom,29.425,0.5000
amr1,unloaded,odom,29.446,0.5000
amr1,unloaded,odom,29.464,0.5000
amr1,unloaded,odom,29.484,0.5000
amr1,unloaded,odom,29.505,0.5000
amr1,unloaded,odom,29.526,0.5000
amr1,unloaded,odom,29.545,0.5000
amr1,unloaded,odom,29.564,0.5000
amr1,unloaded,odom,29.586,0.5000
amr1,unloaded,odom,29.604,0.5000
amr1,unloaded,odom,29.625,0.5000
amr1,unloaded,odom,29.645,0.5000
amr1,unloaded,odom,29.665,0.5000
amr1,unloaded,odom,29.684,0.5000
amr1,unloaded,odom,29.706,0.5000
amr1,unloaded,odom,29.725,0.5000
amr1,unloaded,odom,29.745,0.5000
amr1,unloaded,odom,29.764,0.5000
amr1,unloaded,odom,29.785,0.5000
amr1,unloaded,odom,29.805,0.5000
amr1,unloaded,odom,29.825,0.5000
amr1,unloaded,odom,29.844,0.5000
amr1,unloaded,odom,29.864,0.5000
amr1,unloaded,odom,29.885,0.5000
amr1,unloaded,odom,29.904,0.5000
amr1,unloaded,odom,29.925,0.5000
amr1,unloaded,odom,29.944,0.5000
amr1,unloaded,odom,29.965,0.5000
amr1,unloaded,odom,29.985,0.5000
amr1,unloaded,odom,30.005,0.5000
amr1,unloaded,odom,30.024,0.5000
amr1,unloaded,odom,30.045,0.5000
amr1,unloaded,odom,30.066,0.5000
amr1,unloaded,odom,30.085,0.5000
amr1,unloaded,odom,30.104,0.5000
amr1,unloaded,odom,30.125,0.5000
amr1,unloaded,odom,30.145,0.5000
amr1,unloaded,odom,30.165,0.5000
amr1,unloaded,odom,30.185,0.5000
amr1,unloaded,odom,30.204,0.5000
amr1,unloaded,odom,30.224,0.5000
amr1,unloaded,odom,30.244,0.5000
amr1,unloaded,odom,30.266,0.5000
amr1,unloaded,odom,30.285,0.5000
amr1,unloaded,odom,30.305,0.5000
amr1,unloaded,odom,30.325,0.5000
amr1,unloaded,odom,30.344,0.5000
amr1,unloaded,odom,30.365,0.5000
amr1,unloaded,odom,30.385,0.5000
amr1,unloaded,odom,30.406,0.5000
amr1,unloaded,odom,30.424,0.5000
amr1,unloaded,odom,30.445,0.5000
amr1,unloaded,odom,30.464,0.5000
amr1,unloaded,odom,30.485,0.5000
amr1,unloaded,odom,30.504,0.5000
amr1,unloaded,odom,30.525,0.5000
amr1,unloaded,odom,30.545,0.5000
amr1,unloaded,odom,30.565,0.5000
amr1,unloaded,odom,30.584,0.5000
amr1,unloaded,odom,30.604,0.5000
amr1,unloaded,odom,30.624,0.5000
amr1,unloaded,odom,30.644,0.5000
amr1,unloaded,odom,30.664,0.5000
amr1,unloaded,odom,30.685,0.5000
amr1,unloaded,odom,30.705,0.5000
amr1,unloaded,odom,30.724,0.5000
amr1,unloaded,odom,30.744,0.5000
amr1,unloaded,odom,30.765,0.5000
amr1,unloaded,odom,30.785,0.5000
amr1,unloaded,odom,30.804,0.5000
amr1,unloaded,odom,30.825,0.5000
amr1,unloaded,odom,30.844,0.5000
amr1,unloaded,odom,30.864,0.5000
amr1,unloaded,odom,30.885,0.5000
amr1,unloaded,odom,30.905,0.5000
amr1,unloaded,odom,30.925,0.5000
amr1,unloaded,odom,30.945,0.5000
amr1,unloaded,odom,30.965,0.5000
amr1,unloaded,odom,30.985,0.5000
amr1,unloaded,odom,31.006,0.5000
amr1,unloaded,odom,31.025,0.5000
amr1,unloaded,odom,31.044,0.5000
amr1,unloaded,odom,31.066,0.5000
amr1,unloaded,odom,31.087,0.5000
amr1,unloaded,odom,31.105,0.5000
amr1,unloaded,odom,31.126,0.5000
amr1,unloaded,odom,31.146,0.5000
amr1,unloaded,odom,31.164,0.5000
amr1,unloaded,odom,31.186,0.5000
amr1,unloaded,odom,31.204,0.5000
amr1,unloaded,odom,31.224,0.5000
amr1,unloaded,odom,31.245,0.5000
amr1,unloaded,odom,31.265,0.5000
amr1,unloaded,odom,31.285,0.5000
amr1,unloaded,odom,31.305,0.5000
amr1,unloaded,odom,31.324,0.5000
amr1,unloaded,odom,31.345,0.5000
amr1,unloaded,odom,31.364,0.5000
amr1,unloaded,odom,31.385,0.5000
amr1,unloaded,odom,31.405,0.5000
amr1,unloaded,odom,31.425,0.5000
amr1,unloaded,odom,31.444,0.5000
amr1,unloaded,odom,31.465,0.5000
amr1,unloaded,odom,31.484,0.5000
amr1,unloaded,odom,31.505,0.5000
amr1,unloaded,odom,31.526,0.5000
amr1,unloaded,odom,31.545,0.5000
amr1,unloaded,odom,31.565,0.5000
amr1,unloaded,odom,31.584,0.5000
amr1,unloaded,odom,31.605,0.5000
amr1,unloaded,odom,31.625,0.5000
amr1,unloaded,odom,31.645,0.5000
amr1,unloaded,odom,31.664,0.5000
amr1,unloaded,odom,31.684,0.5000
amr1,unloaded,odom,31.705,0.5000
amr1,unloaded,odom,31.725,0.5000
amr1,unloaded,odom,31.745,0.5000
amr1,unloaded,odom,31.765,0.5000
amr1,unloaded,odom,31.784,0.5000
amr1,unloaded,odom,31.804,0.5000
amr1,unloaded,odom,31.825,0.5000
amr1,unloaded,odom,31.845,0.5000
amr1,unloaded,odom,31.865,0.5000
amr1,unloaded,odom,31.885,0.5000
amr1,unloaded,odom,31.904,0.5000
amr1,unloaded,odom,31.924,0.5000
amr1,unloaded,odom,31.945,0.5000
amr1,unloaded,odom,31.965,0.5000
amr1,unloaded,odom,31.985,0.5000
amr1,unloaded,odom,32.004,0.5000
amr1,unloaded,odom,32.024,0.5000
amr1,unloaded,odom,32.045,0.5000
amr1,unloaded,odom,32.065,0.5000
amr1,unloaded,odom,32.085,0.5000
amr1,unloaded,odom,32.105,0.5000
amr1,unloaded,odom,32.124,0.5000
amr1,unloaded,odom,32.144,0.5000
amr1,unloaded,odom,32.165,0.5000
amr1,unloaded,odom,32.184,0.5000
amr1,unloaded,odom,32.205,0.5000
amr1,unloaded,odom,32.224,0.5000
amr1,unloaded,odom,32.244,0.5000
amr1,unloaded,odom,32.265,0.5000
amr1,unloaded,odom,32.284,0.5000
amr1,unloaded,odom,32.305,0.5000
amr1,unloaded,odom,32.325,0.5000
amr1,unloaded,odom,32.344,0.5000
amr1,unloaded,odom,32.366,0.5000
amr1,unloaded,odom,32.385,0.5000
amr1,unloaded,odom,32.405,0.5000
amr1,unloaded,odom,32.424,0.5000
amr1,unloaded,odom,32.444,0.5000
amr1,unloaded,odom,32.465,0.5000
amr1,unloaded,odom,32.485,0.5000
amr1,unloaded,odom,32.505,0.5000
amr1,unloaded,odom,32.525,0.5000
amr1,unloaded,odom,32.544,0.5000
amr1,unloaded,odom,32.564,0.5000
amr1,unloaded,odom,32.585,0.5000
amr1,unloaded,odom,32.604,0.5000
amr1,unloaded,odom,32.624,0.5000
amr1,unloaded,odom,32.646,0.5000
amr1,unloaded,odom,32.665,0.5000
amr1,unloaded,odom,32.685,0.5000
amr1,unloaded,odom,32.704,0.5000
amr1,unloaded,odom,32.725,0.5000
amr1,unloaded,odom,32.745,0.5000
amr1,unloaded,odom,32.765,0.5000
amr1,unloaded,odom,32.784,0.5000
amr1,unloaded,odom,32.804,0.5000
amr1,unloaded,odom,32.824,0.5000
amr1,unloaded,odom,32.845,0.5000
amr1,unloaded,odom,32.864,0.5000
amr1,unloaded,odom,32.884,0.5000
amr1,unloaded,odom,32.906,0.5000
amr1,unloaded,odom,32.925,0.5000
amr1,unloaded,odom,32.945,0.5000
amr1,unloaded,odom,32.965,0.5000
amr1,unloaded,odom,32.984,0.5000
amr1,unloaded,odom,33.004,0.5000
amr1,unloaded,odom,33.025,0.5000
amr1,unloaded,odom,33.045,0.5000
amr1,unloaded,odom,33.065,0.5000
amr1,unloaded,odom,33.085,0.5000
amr1,unloaded,odom,33.104,0.5000
amr1,unloaded,odom,33.125,0.5000
amr1,unloaded,odom,33.144,0.5000
amr1,unloaded,odom,33.165,0.5000
amr1,unloaded,odom,33.185,0.5000
amr1,unloaded,odom,33.204,0.5000
amr1,unloaded,odom,33.225,0.5000
amr1,unloaded,odom,33.244,0.5000
amr1,unloaded,odom,33.264,0.5000
amr1,unloaded,odom,33.285,0.5000
amr1,unloaded,odom,33.304,0.5000
amr1,unloaded,odom,33.326,0.5000
amr1,unloaded,odom,33.345,0.5000
amr1,unloaded,odom,33.365,0.5000
amr1,unloaded,odom,33.385,0.5000
amr1,unloaded,odom,33.405,0.5000
amr1,unloaded,odom,33.424,0.5000
amr1,unloaded,odom,33.444,0.5000
amr1,unloaded,odom,33.464,0.5000
amr1,unloaded,odom,33.485,0.5000
amr1,unloaded,odom,33.505,0.5000
amr1,unloaded,odom,33.525,0.5000
amr1,unloaded,odom,33.544,0.5000
amr1,unloaded,odom,33.565,0.5000
amr1,unloaded,odom,33.584,0.5000
amr1,unloaded,odom,33.605,0.5000
amr1,unloaded,odom,33.625,0.5000
amr1,unloaded,odom,33.645,0.5000
amr1,unloaded,odom,33.664,0.5000
amr1,unloaded,odom,33.686,0.5000
amr1,unloaded,odom,33.705,0.5000
amr1,unloaded,odom,33.725,0.5000
amr1,unloaded,odom,33.745,0.5000
amr1,unloaded,odom,33.764,0.5000
amr1,unloaded,odom,33.784,0.5000
amr1,unloaded,odom,33.805,0.5000
amr1,unloaded,odom,33.825,0.5000
amr1,unloaded,odom,33.844,0.5000
amr1,unloaded,odom,33.865,0.5000
amr1,unloaded,odom,33.885,0.5000
amr1,unloaded,odom,33.904,0.5000
amr1,unloaded,odom,33.924,0.5000
amr1,unloaded,odom,33.945,0.5000
amr1,unloaded,odom,33.965,0.5000
amr1,unloaded,odom,33.985,0.5000
amr1,unloaded,odom,34.005,0.5000
amr1,unloaded,odom,34.025,0.5000
amr1,unloaded,odom,34.045,0.5000
amr1,unloaded,odom,34.065,0.5000
amr1,unloaded,odom,34.085,0.5000
amr1,unloaded,odom,34.105,0.5000
amr1,unloaded,odom,34.124,0.5000
amr1,unloaded,odom,34.144,0.5000
amr1,unloaded,odom,34.165,0.5000
amr1,unloaded,odom,34.185,0.5000
amr1,unloaded,odom,34.205,0.4998
amr1,unloaded,odom,34.225,0.4975
amr1,unloaded,odom,34.245,0.4975
amr1,unloaded,odom,34.264,0.4928
amr1,unloaded,odom,34.284,0.4925
amr1,unloaded,odom,34.304,0.4923
amr1,unloaded,odom,34.324,0.4850
amr1,unloaded,odom,34.345,0.4850
amr1,unloaded,odom,34.364,0.4790
amr1,unloaded,odom,34.385,0.4750
amr1,unloaded,odom,34.405,0.4750
amr1,unloaded,odom,34.425,0.4640
amr1,unloaded,odom,34.445,0.4625
amr1,unloaded,odom,34.464,0.4557
amr1,unloaded,odom,34.485,0.4475
amr1,unloaded,odom,34.504,0.4470
amr1,unloaded,odom,34.525,0.4328
amr1,unloaded,odom,34.545,0.4300
amr1,unloaded,odom,34.565,0.4232
amr1,unloaded,odom,34.584,0.4101
amr1,unloaded,odom,34.605,0.4098
amr1,unloaded,odom,34.625,0.3960
amr1,unloaded,odom,34.644,0.3875
amr1,unloaded,odom,34.665,0.3807
amr1,unloaded,odom,34.684,0.3649
amr1,unloaded,odom,34.704,0.3625
amr1,unloaded,odom,34.725,0.3501
amr1,unloaded,odom,34.744,0.3356
amr1,unloaded,odom,34.765,0.3290
amr1,unloaded,odom,34.786,0.3130
amr1,unloaded,odom,34.804,0.3048
amr1,unloaded,odom,34.824,0.2910
amr1,unloaded,odom,34.845,0.2751
amr1,unloaded,odom,34.865,0.2665
amr1,unloaded,odom,34.885,0.2505
amr1,unloaded,odom,34.904,0.2375
amr1,unloaded,odom,34.925,0.2243
amr1,unloaded,odom,34.945,0.2083
amr1,unloaded,odom,34.964,0.1999
amr1,unloaded,odom,34.985,0.1839
amr1,unloaded,odom,35.004,0.1735
amr1,unloaded,odom,35.026,0.1611
amr1,unloaded,odom,35.044,0.1462
amr1,unloaded,odom,35.065,0.1409
amr1,unloaded,odom,35.091,0.1249
amr1,unloaded,odom,35.104,0.1196
amr1,unloaded,odom,35.128,0.1112
amr1,unloaded,odom,35.144,0.0968
amr1,unloaded,odom,35.165,0.0911
amr1,unloaded,odom,35.184,0.0764
amr1,unloaded,odom,35.205,0.0755
amr1,unloaded,odom,35.225,0.0624
amr1,unloaded,odom,35.244,0.0464
amr1,unloaded,odom,35.265,0.0416
amr1,unloaded,odom,35.285,0.0416
amr1,unloaded,odom,35.305,0.0414
amr1,unloaded,odom,35.325,0.0291
amr1,unloaded,odom,35.345,0.0284
amr1,unloaded,odom,35.365,0.0224
amr1,unloaded,odom,35.383,0.0177
amr1,unloaded,odom,35.406,0.0176
amr1,unloaded,odom,35.425,0.0094
amr1,unloaded,odom,35.445,0.0094
amr1,unloaded,odom,35.465,0.0042
amr1,unloaded,odom,35.484,0.0037
amr1,unloaded,odom,35.505,0.0037
amr1,unloaded,odom,35.523,0.0005
amr1,unloaded,odom,35.547,0.0005
amr1,unloaded,odom,35.565,0.0000
amr1,unloaded,odom,35.585,0.0000
amr1,unloaded,odom,35.604,0.0000
amr1,unloaded,odom,35.629,0.0000
amr1,unloaded,odom,35.645,0.0000
amr1,unloaded,odom,35.665,0.0000
amr1,unloaded,odom,35.686,0.0000
amr1,unloaded,odom,35.705,0.0000
amr1,unloaded,odom,35.725,0.0000
amr1,unloaded,odom,35.744,0.0000
amr1,unloaded,odom,35.764,0.0000
amr1,unloaded,odom,35.784,0.0000
amr1,unloaded,odom,35.805,0.0000
amr1,unloaded,odom,35.824,0.0000
amr1,unloaded,odom,35.844,0.0000
amr1,unloaded,odom,35.864,0.0000
amr1,unloaded,odom,35.884,0.0000
amr1,unloaded,odom,35.905,0.0000
amr1,unloaded,odom,35.924,0.0000
amr1,unloaded,odom,35.944,0.0000
amr1,unloaded,odom,35.965,0.0000
amr1,unloaded,odom,35.985,0.0000
amr1,unloaded,odom,36.004,0.0000
amr1,unloaded,odom,36.025,0.0000
amr1,unloaded,odom,36.045,0.0000
amr1,unloaded,odom,36.064,0.0000
amr1,unloaded,odom,36.085,0.0000
amr1,unloaded,odom,36.107,0.0000
amr1,unloaded,odom,36.124,0.0000
amr1,unloaded,odom,36.145,0.0000
amr1,unloaded,odom,36.165,0.0000
amr1,unloaded,odom,36.185,0.0000
amr1,unloaded,odom,36.206,0.0000
amr1,unloaded,odom,36.224,0.0000
amr1,unloaded,odom,36.246,0.0000
amr1,unloaded,odom,36.266,0.0000
amr1,unloaded,odom,36.285,0.0000
amr1,unloaded,odom,36.304,0.0000
amr1,unloaded,odom,36.324,0.0000
amr1,unloaded,odom,36.344,0.0000
amr1,unloaded,odom,36.365,0.0000
amr1,unloaded,odom,36.384,0.0000
amr1,unloaded,odom,36.405,0.0000
amr1,unloaded,odom,36.425,0.0000
amr1,unloaded,odom,36.445,0.0000
amr1,unloaded,odom,36.465,0.0000
amr1,unloaded,odom,36.484,0.0000
amr1,unloaded,odom,36.506,0.0000
amr1,unloaded,odom,36.525,0.0000
amr1,unloaded,odom,36.544,0.0000
amr1,unloaded,odom,36.565,0.0000
amr1,unloaded,odom,36.584,0.0000
amr1,unloaded,odom,36.603,0.0000
amr1,unloaded,odom,36.624,0.0000
amr1,unloaded,odom,36.646,0.0000
amr1,unloaded,odom,36.665,0.0000
amr1,unloaded,odom,36.684,0.0000
amr1,unloaded,odom,36.704,0.0000
amr1,unloaded,odom,36.725,0.0000
amr1,unloaded,odom,36.745,0.0000
amr1,unloaded,odom,36.764,0.0000
amr1,unloaded,odom,36.784,0.0000
amr1,unloaded,odom,36.805,0.0000
amr1,unloaded,odom,36.826,0.0000
amr1,unloaded,odom,36.844,0.0000
amr1,unloaded,odom,36.865,0.0000
amr1,unloaded,odom,36.885,0.0000
amr1,unloaded,odom,36.905,0.0000
amr1,unloaded,odom,36.925,0.0000
amr1,unloaded,odom,36.944,0.0000
amr1,unloaded,odom,36.964,0.0000
amr1,unloaded,odom,36.985,0.0000
amr1,unloaded,odom,37.004,0.0000
amr1,unloaded,odom,37.025,0.0000
amr1,unloaded,odom,37.046,0.0000
amr1,unloaded,odom,37.065,0.0000
amr1,unloaded,odom,37.085,0.0000
amr1,unloaded,odom,37.105,0.0000
amr1,unloaded,odom,37.125,0.0000
amr1,unloaded,odom,37.145,0.0000
amr1,unloaded,odom,37.165,0.0000
amr1,unloaded,odom,37.185,0.0000
amr1,unloaded,odom,37.204,0.0000
amr1,unloaded,odom,37.225,0.0000
amr1,unloaded,odom,37.244,0.0000
amr1,unloaded,odom,37.265,0.0000
amr1,unloaded,odom,37.285,0.0000
amr1,unloaded,odom,37.306,0.0000
amr1,unloaded,odom,37.327,0.0000
amr1,unloaded,odom,37.345,0.0000
amr1,unloaded,odom,37.364,0.0000
amr1,unloaded,odom,37.386,0.0000
amr1,unloaded,odom,37.405,0.0000
amr1,unloaded,odom,37.425,0.0000
amr1,unloaded,odom,37.444,0.0000
amr1,unloaded,odom,37.464,0.0000
amr1,unloaded,odom,37.485,0.0000
amr1,unloaded,odom,37.505,0.0000
amr1,unloaded,odom,37.524,0.0000
amr1,unloaded,odom,37.546,0.0000
amr1,unloaded,odom,37.565,0.0000
amr1,unloaded,odom,37.585,0.0000
amr1,unloaded,odom,37.604,0.0000
amr1,unloaded,odom,37.624,0.0000
amr1,unloaded,odom,37.646,0.0000
amr1,unloaded,odom,37.665,0.0000
amr1,unloaded,odom,37.684,0.0000
amr1,unloaded,odom,37.705,0.0000
amr1,unloaded,odom,37.724,0.0000
amr1,unloaded,odom,37.745,0.0000
amr1,unloaded,odom,37.764,0.0000
amr1,unloaded,odom,37.785,0.0000
amr1,unloaded,odom,37.805,0.0000
amr1,unloaded,odom,37.824,0.0000
amr1,unloaded,odom,37.844,0.0000
amr1,unloaded,odom,37.866,0.0000
amr1,unloaded,odom,37.885,0.0000
amr1,unloaded,odom,37.904,0.0000
amr1,unloaded,odom,37.924,0.0000
amr1,unloaded,odom,37.945,0.0000
amr1,unloaded,odom,37.964,0.0000
amr1,unloaded,odom,37.985,0.0000
amr1,unloaded,odom,38.005,0.0000
amr1,unloaded,odom,38.024,0.0000
amr1,unloaded,odom,38.045,0.0000
amr1,unloaded,odom,38.064,0.0000
amr1,unloaded,odom,38.084,0.0000
amr1,unloaded,odom,38.105,0.0000
amr1,unloaded,odom,38.125,0.0000
amr1,unloaded,odom,38.145,0.0000
amr1,unloaded,odom,38.164,0.0000
amr1,unloaded,odom,38.185,0.0000
amr1,unloaded,odom,38.205,0.0000
amr1,unloaded,odom,38.223,0.0000
amr1,unloaded,odom,38.244,0.0000
amr1,unloaded,odom,38.265,0.0000
amr1,unloaded,odom,38.286,0.0000
amr1,unloaded,odom,38.304,0.0000
amr1,unloaded,odom,38.325,0.0000
amr1,unloaded,odom,38.345,0.0000
amr1,unloaded,odom,38.365,0.0000
amr1,unloaded,odom,38.384,0.0000
amr1,unloaded,odom,38.404,0.0000
amr1,unloaded,odom,38.425,0.0000
amr1,unloaded,odom,38.444,0.0000
amr1,unloaded,odom,38.466,0.0000
amr1,unloaded,odom,38.484,0.0000
amr1,unloaded,odom,38.503,0.0000
amr1,unloaded,odom,38.524,0.0000
amr1,unloaded,odom,38.544,0.0000
amr1,unloaded,odom,38.566,0.0000
amr1,unloaded,odom,38.584,0.0000
amr1,unloaded,odom,38.604,0.0000
amr1,unloaded,odom,38.624,0.0000
amr1,unloaded,odom,38.645,0.0000
amr1,unloaded,odom,38.665,0.0000
amr1,unloaded,odom,38.685,0.0000
amr1,unloaded,odom,38.705,0.0000
amr1,unloaded,odom,38.725,0.0000
amr1,unloaded,odom,38.745,0.0000
amr1,unloaded,odom,38.766,0.0000
amr1,unloaded,odom,38.785,0.0000
amr1,unloaded,odom,38.805,0.0000
amr1,unloaded,odom,38.826,0.0000
amr1,unloaded,odom,38.845,0.0000
amr1,unloaded,odom,38.865,0.0000
amr1,unloaded,odom,38.885,0.0000
amr1,unloaded,odom,38.904,0.0000
amr1,unloaded,odom,38.925,0.0000
amr1,unloaded,odom,38.944,0.0000
amr1,unloaded,odom,38.964,0.0000
amr1,unloaded,odom,38.986,0.0000
amr1,unloaded,odom,39.004,0.0000
amr1,unloaded,odom,39.025,0.0000
amr1,unloaded,odom,39.044,0.0000
amr1,unloaded,odom,39.065,0.0000
amr1,unloaded,odom,39.085,0.0000
amr1,loaded,nav,39.100,0.0000
amr1,loaded,nav,39.122,0.5000
amr1,loaded,nav,39.141,0.5000
amr1,loaded,nav,39.160,0.5000
amr1,loaded,nav,39.180,0.5000
amr1,loaded,nav,39.201,0.5000
amr1,loaded,nav,39.221,0.5000
amr1,loaded,nav,39.241,0.5000
amr1,loaded,nav,39.262,0.5000
amr1,loaded,nav,39.281,0.5000
amr1,loaded,nav,39.300,0.5000
amr1,loaded,nav,39.322,0.5000
amr1,loaded,nav,39.341,0.5000
amr1,loaded,nav,39.360,0.5000
amr1,loaded,nav,39.385,0.5000
amr1,loaded,nav,39.401,0.5000
amr1,loaded,nav,39.422,0.5000
amr1,loaded,nav,39.442,0.5000
amr1,loaded,nav,39.460,0.5000
amr1,loaded,nav,39.480,0.5000
amr1,loaded,nav,39.500,0.5000
amr1,loaded,nav,39.520,0.5000
amr1,loaded,nav,39.540,0.5000
amr1,loaded,nav,39.560,0.5000
amr1,loaded,nav,39.580,0.5000
amr1,loaded,nav,39.600,0.5000
amr1,loaded,nav,39.621,0.5000
amr1,loaded,nav,39.642,0.5000
amr1,loaded,nav,39.660,0.5000
amr1,loaded,nav,39.681,0.5000
amr1,loaded,nav,39.701,0.5000
amr1,loaded,nav,39.721,0.5000
amr1,loaded,nav,39.740,0.5000
amr1,loaded,nav,39.761,0.5000
amr1,loaded,nav,39.781,0.5000
amr1,loaded,nav,39.800,0.5000
amr1,loaded,nav,39.822,0.5000
amr1,loaded,nav,39.840,0.5000
amr1,loaded,nav,39.861,0.5000
amr1,loaded,nav,39.881,0.5000
amr1,loaded,nav,39.902,0.5000
amr1,loaded,nav,39.922,0.5000
amr1,loaded,nav,39.940,0.5000
amr1,loaded,nav,39.961,0.5000
amr1,loaded,nav,39.980,0.5000
amr1,loaded,nav,40.000,0.5000
amr1,loaded,nav,40.021,0.5000
amr1,loaded,nav,40.041,0.5000
amr1,loaded,nav,40.061,0.5000
amr1,loaded,nav,40.081,0.5000
amr1,loaded,nav,40.101,0.5000
amr1,loaded,nav,40.121,0.5000
amr1,loaded,nav,40.143,0.5000
amr1,loaded,nav,40.162,0.5000
amr1,loaded,nav,40.181,0.5000
amr1,loaded,nav,40.202,0.5000
amr1,loaded,nav,40.220,0.5000
amr1,loaded,nav,40.241,0.5000
amr1,loaded,nav,40.261,0.5000
amr1,loaded,nav,40.281,0.5000
amr1,loaded,nav,40.302,0.5000
amr1,loaded,nav,40.321,0.5000
amr1,loaded,nav,40.340,0.5000
amr1,loaded,nav,40.362,0.5000
amr1,loaded,nav,40.380,0.5000
amr1,loaded,nav,40.404,0.5000
amr1,loaded,nav,40.421,0.5000
amr1,loaded,nav,40.440,0.5000
amr1,loaded,nav,40.463,0.5000
amr1,loaded,nav,40.480,0.5000
amr1,loaded,nav,40.500,0.5000
amr1,loaded,nav,40.521,0.5000
amr1,loaded,nav,40.541,0.5000
amr1,loaded,nav,40.561,0.5000
amr1,loaded,nav,40.587,0.5000
amr1,loaded,nav,40.600,0.5000
amr1,loaded,nav,40.621,0.5000
amr1,loaded,nav,40.640,0.5000
amr1,loaded,nav,40.660,0.5000
amr1,loaded,nav,40.680,0.5000
amr1,loaded,nav,40.700,0.5000
amr1,loaded,nav,40.721,0.5000
amr1,loaded,nav,40.740,0.5000
amr1,loaded,nav,40.761,0.5000
amr1,loaded,nav,40.781,0.5000
amr1,loaded,nav,40.800,0.5000
amr1,loaded,nav,40.820,0.5000
amr1,loaded,nav,40.841,0.5000
amr1,loaded,nav,40.860,0.5000
amr1,loaded,nav,40.882,0.5000
amr1,loaded,nav,40.900,0.5000
amr1,loaded,nav,40.922,0.5000
amr1,loaded,nav,40.940,0.5000
amr1,loaded,nav,40.961,0.5000
amr1,loaded,nav,40.981,0.5000
amr1,loaded,nav,41.001,0.5000
amr1,loaded,nav,41.020,0.5000
amr1,loaded,nav,41.041,0.5000
amr1,loaded,nav,41.060,0.5000
amr1,loaded,nav,41.081,0.5000
amr1,loaded,nav,41.100,0.5000
amr1,loaded,nav,41.121,0.5000
amr1,loaded,nav,41.140,0.5000
amr1,loaded,nav,41.160,0.5000
amr1,loaded,nav,41.182,0.5000
amr1,loaded,nav,41.201,0.5000
amr1,loaded,nav,41.222,0.5000
amr1,loaded,nav,41.240,0.5000
amr1,loaded,nav,41.260,0.5000
amr1,loaded,nav,41.280,0.5000
amr1,loaded,nav,41.301,0.5000
amr1,loaded,nav,41.320,0.5000
amr1,loaded,nav,41.341,0.5000
amr1,loaded,nav,41.361,0.5000
amr1,loaded,nav,41.382,0.5000
amr1,loaded,nav,41.401,0.5000
amr1,loaded,nav,41.422,0.5000
amr1,loaded,nav,41.440,0.5000
amr1,loaded,nav,41.461,0.5000
amr1,loaded,nav,41.481,0.5000
amr1,loaded,nav,41.502,0.5000
amr1,loaded,nav,41.522,0.5000
amr1,loaded,nav,41.541,0.5000
amr1,loaded,nav,41.561,0.5000
amr1,loaded,nav,41.581,0.5000
amr1,loaded,nav,41.600,0.5000
amr1,loaded,nav,41.623,0.5000
amr1,loaded,nav,41.641,0.5000
amr1,loaded,nav,41.661,0.5000
amr1,loaded,nav,41.680,0.5000
amr1,loaded,nav,41.700,0.5000
amr1,loaded,nav,41.721,0.5000
amr1,loaded,nav,41.740,0.5000
amr1,loaded,nav,41.760,0.5000
amr1,loaded,nav,41.781,0.5000
amr1,loaded,nav,41.800,0.5000
amr1,loaded,nav,41.820,0.5000
amr1,loaded,nav,41.842,0.5000
amr1,loaded,nav,41.860,0.5000
amr1,loaded,nav,41.880,0.5000
amr1,loaded,nav,41.900,0.5000
amr1,loaded,nav,41.921,0.5000
amr1,loaded,nav,41.941,0.5000
amr1,loaded,nav,41.960,0.5000
amr1,loaded,nav,41.986,0.5000
amr1,loaded,nav,42.005,0.5000
amr1,loaded,nav,42.022,0.5000
amr1,loaded,nav,42.041,0.5000
amr1,loaded,nav,42.061,0.5000
amr1,loaded,nav,42.081,0.5000
amr1,loaded,nav,42.100,0.5000
amr1,loaded,nav,42.122,0.5000
amr1,loaded,nav,42.140,0.5000
amr1,loaded,nav,42.160,0.5000
amr1,loaded,nav,42.181,0.5000
amr1,loaded,nav,42.202,0.5000
amr1,loaded,nav,42.220,0.5000
amr1,loaded,nav,42.240,0.5000
amr1,loaded,nav,42.261,0.5000
amr1,loaded,nav,42.280,0.5000
amr1,loaded,nav,42.300,0.5000
amr1,loaded,nav,42.320,0.5000
amr1,loaded,nav,42.341,0.5000
amr1,loaded,nav,42.360,0.5000
amr1,loaded,nav,42.380,0.5000
amr1,loaded,nav,42.400,0.5000
amr1,loaded,nav,42.420,0.5000
amr1,loaded,nav,42.441,0.5000
amr1,loaded,nav,42.461,0.5000
amr1,loaded,nav,42.481,0.5000
amr1,loaded,nav,42.500,0.5000
amr1,loaded,nav,42.521,0.5000
amr1,loaded,nav,42.541,0.5000
amr1,loaded,nav,42.560,0.5000
amr1,loaded,nav,42.581,0.5000
amr1,loaded,nav,42.600,0.5000
amr1,loaded,nav,42.620,0.5000
amr1,loaded,nav,42.641,0.5000
amr1,loaded,nav,42.660,0.5000
amr1,loaded,nav,42.680,0.5000
amr1,loaded,nav,42.700,0.5000
amr1,loaded,nav,42.720,0.5000
amr1,loaded,nav,42.740,0.5000
amr1,loaded,nav,42.760,0.5000
amr1,loaded,nav,42.781,0.5000
amr1,loaded,nav,42.800,0.5000
amr1,loaded,nav,42.820,0.5000
amr1,loaded,nav,42.841,0.5000
amr1,loaded,nav,42.860,0.5000
amr1,loaded,nav,42.880,0.5000
amr1,loaded,nav,42.902,0.5000
amr1,loaded,nav,42.921,0.5000
amr1,loaded,nav,42.940,0.5000
amr1,loaded,nav,42.961,0.5000
amr1,loaded,nav,42.981,0.5000
amr1,loaded,nav,43.000,0.5000
amr1,loaded,nav,43.020,0.5000
amr1,loaded,nav,43.042,0.5000
amr1,loaded,nav,43.060,0.5000
amr1,loaded,nav,43.081,0.5000
amr1,loaded,nav,43.101,0.5000
amr1,loaded,nav,43.120,0.5000
amr1,loaded,nav,43.140,0.5000
amr1,loaded,nav,43.160,0.5000
amr1,loaded,nav,43.181,0.5000
amr1,loaded,nav,43.200,0.5000
amr1,loaded,nav,43.220,0.5000
amr1,loaded,nav,43.240,0.5000
amr1,loaded,nav,43.261,0.5000
amr1,loaded,nav,43.280,0.5000
amr1,loaded,nav,43.300,0.5000
amr1,loaded,nav,43.321,0.5000
amr1,loaded,nav,43.342,0.5000
amr1,loaded,nav,43.361,0.5000
amr1,loaded,nav,43.380,0.5000
amr1,loaded,nav,43.400,0.5000
amr1,loaded,nav,43.420,0.5000
amr1,loaded,nav,43.441,0.5000
amr1,loaded,nav,43.460,0.5000
amr1,loaded,nav,43.481,0.5000
amr1,loaded,nav,43.503,0.5000
amr1,loaded,nav,43.521,0.5000
amr1,loaded,nav,43.542,0.5000
amr1,loaded,nav,43.561,0.5000
amr1,loaded,nav,43.580,0.5000
amr1,loaded,nav,43.600,0.5000
amr1,loaded,nav,43.621,0.5000
amr1,loaded,nav,43.640,0.5000
amr1,loaded,nav,43.662,0.5000
amr1,loaded,nav,43.681,0.5000
amr1,loaded,nav,43.700,0.5000
amr1,loaded,nav,43.721,0.5000
amr1,loaded,nav,43.741,0.5000
amr1,loaded,nav,43.761,0.5000
amr1,loaded,nav,43.782,0.5000
amr1,loaded,nav,43.800,0.5000
amr1,loaded,nav,43.820,0.5000
amr1,loaded,nav,43.840,0.5000
amr1,loaded,nav,43.861,0.5000
amr1,loaded,nav,43.880,0.5000
amr1,loaded,nav,43.900,0.5000
amr1,loaded,nav,43.920,0.5000
amr1,loaded,nav,43.940,0.5000
amr1,loaded,nav,43.960,0.5000
amr1,loaded,nav,43.980,0.5000
amr1,loaded,nav,44.000,0.5000
amr1,loaded,nav,44.020,0.5000
amr1,loaded,nav,44.040,0.5000
amr1,loaded,nav,44.060,0.5000
amr1,loaded,nav,44.080,0.5000
amr1,loaded,nav,44.100,0.5000
amr1,loaded,nav,44.121,0.5000
amr1,loaded,nav,44.140,0.5000
amr1,loaded,nav,44.162,0.5000
amr1,loaded,nav,44.181,0.5000
amr1,loaded,nav,44.200,0.5000
amr1,loaded,nav,44.220,0.5000
amr1,loaded,nav,44.241,0.5000
amr1,loaded,nav,44.261,0.5000
amr1,loaded,nav,44.280,0.5000
amr1,loaded,nav,44.300,0.5000
amr1,loaded,nav,44.321,0.5000
amr1,loaded,nav,44.340,0.5000
amr1,loaded,nav,44.361,0.5000
amr1,loaded,nav,44.380,0.5000
amr1,loaded,nav,44.401,0.5000
amr1,loaded,nav,44.421,0.5000
amr1,loaded,nav,44.442,0.5000
amr1,loaded,nav,44.460,0.5000
amr1,loaded,nav,44.485,0.5000
amr1,loaded,nav,44.502,0.5000
amr1,loaded,nav,44.520,0.5000
amr1,loaded,nav,44.542,0.5000
amr1,loaded,nav,44.562,0.5000
amr1,loaded,nav,44.581,0.5000
amr1,loaded,nav,44.600,0.5000
amr1,loaded,nav,44.620,0.5000
amr1,loaded,nav,44.640,0.5000
amr1,loaded,nav,44.660,0.5000
amr1,loaded,nav,44.680,0.5000
amr1,loaded,nav,44.700,0.5000
amr1,loaded,nav,44.721,0.5000
amr1,loaded,nav,44.740,0.5000
amr1,loaded,nav,44.761,0.5000
amr1,loaded,nav,44.780,0.5000
amr1,loaded,nav,44.800,0.5000
amr1,loaded,nav,44.820,0.5000
amr1,loaded,nav,44.840,0.5000
amr1,loaded,nav,44.860,0.5000
amr1,loaded,nav,44.881,0.5000
amr1,loaded,nav,44.900,0.5000
amr1,loaded,nav,44.922,0.5000
amr1,loaded,nav,44.941,0.5000
amr1,loaded,nav,44.961,0.5000
amr1,loaded,nav,44.980,0.5000
amr1,loaded,nav,45.000,0.5000
amr1,loaded,nav,45.020,0.5000
amr1,loaded,nav,45.040,0.5000
amr1,loaded,nav,45.061,0.5000
amr1,loaded,nav,45.080,0.5000
amr1,loaded,nav,45.101,0.5000
amr1,loaded,nav,45.121,0.5000
amr1,loaded,nav,45.140,0.5000
amr1,loaded,nav,45.160,0.5000
amr1,loaded,nav,45.181,0.5000
amr1,loaded,nav,45.201,0.5000
amr1,loaded,nav,45.221,0.5000
amr1,loaded,nav,45.241,0.5000
amr1,loaded,nav,45.260,0.5000
amr1,loaded,nav,45.280,0.5000
amr1,loaded,nav,45.300,0.5000
amr1,loaded,nav,45.321,0.5000
amr1,loaded,nav,45.341,0.5000
amr1,loaded,nav,45.361,0.5000
amr1,loaded,nav,45.380,0.5000
amr1,loaded,nav,45.401,0.5000
amr1,loaded,nav,45.423,0.5000
amr1,loaded,nav,45.441,0.5000
amr1,loaded,nav,45.460,0.5000
amr1,loaded,nav,45.481,0.5000
amr1,loaded,nav,45.501,0.5000
amr1,loaded,nav,45.520,0.5000
amr1,loaded,nav,45.541,0.5000
amr1,loaded,nav,45.560,0.5000
amr1,loaded,nav,45.580,0.5000
amr1,loaded,nav,45.601,0.5000
amr1,loaded,nav,45.620,0.5000
amr1,loaded,nav,45.645,0.5000
amr1,loaded,nav,45.660,0.5000
amr1,loaded,nav,45.681,0.5000
amr1,loaded,nav,45.701,0.5000
amr1,loaded,nav,45.720,0.5000
amr1,loaded,nav,45.741,0.5000
amr1,loaded,nav,45.762,0.5000
amr1,loaded,nav,45.780,0.5000
amr1,loaded,nav,45.801,0.5000
amr1,loaded,nav,45.820,0.5000
amr1,loaded,nav,45.840,0.5000
amr1,loaded,nav,45.860,0.5000
amr1,loaded,nav,45.880,0.5000
amr1,loaded,nav,45.900,0.5000
amr1,loaded,nav,45.920,0.5000
amr1,loaded,nav,45.941,0.5000
amr1,loaded,nav,45.960,0.5000
amr1,loaded,nav,45.981,0.5000
amr1,loaded,nav,46.001,0.5000
amr1,loaded,nav,46.021,0.5000
amr1,loaded,nav,46.042,0.5000
amr1,loaded,nav,46.060,0.5000
amr1,loaded,nav,46.084,0.5000
amr1,loaded,nav,46.100,0.0000
amr1,loaded,nav,46.121,0.0000
amr1,loaded,nav,46.140,0.0000
amr1,loaded,nav,46.161,0.0000
amr1,loaded,nav,46.180,0.0000
amr1,loaded,nav,46.200,0.0000
amr1,loaded,nav,46.221,0.0000
amr1,loaded,nav,46.241,0.0000
amr1,loaded,nav,46.260,0.0000
amr1,loaded,nav,46.281,0.0000
amr1,loaded,nav,46.302,0.0000
amr1,loaded,nav,46.321,0.0000
amr1,loaded,nav,46.340,0.0000
amr1,loaded,nav,46.360,0.0000
amr1,loaded,nav,46.381,0.0000
amr1,loaded,nav,46.401,0.0000
amr1,loaded,nav,46.421,0.0000
amr1,loaded,nav,46.441,0.0000
amr1,loaded,nav,46.460,0.0000
amr1,loaded,nav,46.481,0.0000
amr1,loaded,nav,46.500,0.0000
amr1,loaded,nav,46.520,0.0000
amr1,loaded,nav,46.541,0.0000
amr1,loaded,nav,46.563,0.0000
amr1,loaded,nav,46.580,0.0000
amr1,loaded,nav,46.602,0.0000
amr1,loaded,nav,46.621,0.0000
amr1,loaded,nav,46.641,0.0000
amr1,loaded,nav,46.660,0.0000
amr1,loaded,nav,46.681,0.0000
amr1,loaded,nav,46.703,0.0000
amr1,loaded,nav,46.720,0.0000
amr1,loaded,nav,46.741,0.0000
amr1,loaded,nav,46.760,0.0000
amr1,loaded,nav,46.780,0.0000
amr1,loaded,nav,46.802,0.0000
amr1,loaded,nav,46.820,0.0000
amr1,loaded,nav,46.841,0.0000
amr1,loaded,nav,46.860,0.0000
amr1,loaded,nav,46.881,0.0000
amr1,loaded,nav,46.901,0.0000
amr1,loaded,nav,46.920,0.0000
amr1,loaded,nav,46.941,0.0000
amr1,loaded,nav,46.960,0.0000
amr1,loaded,nav,46.981,0.0000
amr1,loaded,nav,47.002,0.0000
amr1,loaded,nav,47.020,0.0000
amr1,loaded,nav,47.042,0.0000
amr1,loaded,nav,47.060,0.0000
amr1,loaded,nav,47.080,0.0000
amr1,loaded,nav,47.100,0.0000
amr1,loaded,nav,47.120,0.0000
amr1,loaded,nav,47.140,0.0000
amr1,loaded,nav,47.160,0.0000
amr1,loaded,nav,47.180,0.0000
amr1,loaded,nav,47.200,0.0000
amr1,loaded,nav,47.222,0.0000
amr1,loaded,nav,47.240,0.0000
amr1,loaded,nav,47.261,0.0000
amr1,loaded,nav,47.281,0.0000
amr1,loaded,nav,47.301,0.0000
amr1,loaded,nav,47.320,0.0000
amr1,loaded,nav,47.340,0.0000
amr1,loaded,nav,47.362,0.0000
amr1,loaded,nav,47.381,0.0000
amr1,loaded,nav,47.401,0.0000
amr1,loaded,nav,47.421,0.0000
amr1,loaded,nav,47.440,0.0000
amr1,loaded,nav,47.461,0.0000
amr1,loaded,nav,47.481,0.0000
amr1,loaded,nav,47.501,0.0000
amr1,loaded,nav,47.521,0.0000
amr1,loaded,nav,47.542,0.0000
amr1,loaded,nav,47.560,0.0000
amr1,loaded,nav,47.581,0.0000
amr1,loaded,nav,47.600,0.0000
amr1,loaded,nav,47.621,0.0000
amr1,loaded,nav,47.640,0.0000
amr1,loaded,nav,47.660,0.0000
amr1,loaded,nav,47.681,0.0000
amr1,loaded,nav,47.700,0.0000
amr1,loaded,nav,47.720,0.0000
amr1,loaded,nav,47.741,0.0000
amr1,loaded,nav,47.761,0.0000
amr1,loaded,nav,47.782,0.0000
amr1,loaded,nav,47.801,0.0000
amr1,loaded,nav,47.820,0.0000
amr1,loaded,nav,47.841,0.0000
amr1,loaded,nav,47.860,0.0000
amr1,loaded,nav,47.880,0.0000
amr1,loaded,nav,47.902,0.0000
amr1,loaded,nav,47.921,0.0000
amr1,loaded,nav,47.941,0.0000
amr1,loaded,nav,47.961,0.0000
amr1,loaded,nav,47.980,0.0000
amr1,loaded,nav,48.001,0.0000
amr1,loaded,nav,48.020,0.0000
amr1,loaded,nav,48.048,0.0000
amr1,loaded,nav,48.060,0.0000
amr1,loaded,nav,48.081,0.0000
amr1,loaded,nav,48.101,0.0000
amr1,loaded,nav,48.121,0.0000
amr1,loaded,nav,48.140,0.0000
amr1,loaded,nav,48.161,0.0000
amr1,loaded,nav,48.180,0.0000
amr1,loaded,nav,48.200,0.0000
amr1,loaded,nav,48.221,0.0000
amr1,loaded,nav,48.242,0.0000
amr1,loaded,nav,48.260,0.0000
amr1,loaded,nav,48.280,0.0000
amr1,loaded,nav,48.302,0.0000
amr1,loaded,nav,48.320,0.0000
amr1,loaded,nav,48.341,0.0000
amr1,loaded,nav,48.360,0.0000
amr1,loaded,nav,48.382,0.0000
amr1,loaded,nav,48.401,0.0000
amr1,loaded,nav,48.420,0.0000
amr1,loaded,nav,48.440,0.0000
amr1,loaded,nav,48.460,0.0000
amr1,loaded,nav,48.481,0.0000
amr1,loaded,nav,48.501,0.0000
amr1,loaded,nav,48.523,0.0000
amr1,loaded,nav,48.540,0.0000
amr1,loaded,nav,48.561,0.0000
amr1,loaded,nav,48.581,0.0000
amr1,loaded,nav,48.600,0.0000
amr1,loaded,nav,48.622,0.0000
amr1,loaded,nav,48.641,0.0000
amr1,loaded,nav,48.660,0.0000
amr1,loaded,nav,48.680,0.0000
amr1,loaded,nav,48.700,0.0000
amr1,loaded,nav,48.720,0.0000
amr1,loaded,nav,48.741,0.0000
amr1,loaded,nav,48.760,0.0000
amr1,loaded,nav,48.781,0.0000
amr1,loaded,nav,48.800,0.0000
amr1,loaded,nav,48.821,0.0000
amr1,loaded,nav,48.840,0.0000
amr1,loaded,nav,48.861,0.0000
amr1,loaded,nav,48.881,0.0000
amr1,loaded,nav,48.900,0.0000
amr1,loaded,nav,48.921,0.0000
amr1,loaded,nav,48.942,0.0000
amr1,loaded,nav,48.960,0.0000
amr1,loaded,nav,48.980,0.0000
amr1,loaded,nav,49.000,0.0000
amr1,loaded,nav,49.023,0.0000
amr1,loaded,nav,49.040,0.0000
amr1,loaded,nav,49.061,0.0000
amr1,loaded,nav,49.081,0.0000
amr1,loaded,nav,49.102,0.0000
amr1,loaded,nav,49.122,0.0000
amr1,loaded,nav,49.140,0.0000
amr1,loaded,nav,49.161,0.0000
amr1,loaded,nav,49.181,0.0000
amr1,loaded,nav,49.200,0.0000
amr1,loaded,nav,49.220,0.0000
amr1,loaded,nav,49.241,0.0000
amr1,loaded,nav,49.260,0.0000
amr1,loaded,nav,49.280,0.0000
amr1,loaded,nav,49.301,0.0000
amr1,loaded,nav,49.323,0.0000
amr1,loaded,nav,49.341,0.0000
amr1,loaded,nav,49.360,0.0000
amr1,loaded,nav,49.382,0.0000
amr1,loaded,nav,49.400,0.0000
amr1,loaded,nav,49.421,0.0000
amr1,loaded,nav,49.440,0.0000
amr1,loaded,nav,49.463,0.0000
amr1,loaded,nav,49.480,0.0000
amr1,loaded,nav,49.500,0.0000
amr1,loaded,nav,49.521,0.0000
amr1,loaded,nav,49.540,0.0000
amr1,loaded,nav,49.561,0.0000
amr1,loaded,nav,49.581,0.0000
amr1,loaded,nav,49.601,0.0000
amr1,loaded,nav,49.620,0.0000
amr1,loaded,nav,49.644,0.0000
amr1,loaded,nav,49.661,0.0000
amr1,loaded,nav,49.680,0.0000
amr1,loaded,nav,49.701,0.0000
amr1,loaded,nav,49.721,0.0000
amr1,loaded,nav,49.740,0.0000
amr1,loaded,nav,49.761,0.0000
amr1,loaded,nav,49.781,0.0000
amr1,loaded,nav,49.801,0.0000
amr1,loaded,nav,49.823,0.0000
amr1,loaded,nav,49.841,0.0000
amr1,loaded,nav,49.860,0.0000
amr1,loaded,nav,49.880,0.0000
amr1,loaded,nav,49.905,0.0000
amr1,loaded,nav,49.922,0.0000
amr1,loaded,nav,49.940,0.0000
amr1,loaded,nav,49.960,0.0000
amr1,loaded,nav,49.982,0.0000
amr1,loaded,nav,50.001,0.0000
amr1,loaded,nav,50.021,0.0000
amr1,loaded,nav,50.040,0.0000
amr1,loaded,nav,50.062,0.0000
amr1,loaded,nav,50.080,0.0000
amr1,loaded,nav,50.100,0.0000
amr1,loaded,nav,50.123,0.0000
amr1,loaded,nav,50.141,0.0000
amr1,loaded,nav,50.162,0.0000
amr1,loaded,nav,50.181,0.0000
amr1,loaded,nav,50.201,0.0000
amr1,loaded,nav,50.222,0.0000
amr1,loaded,nav,50.241,0.0000
amr1,loaded,nav,50.260,0.0000
amr1,loaded,nav,50.281,0.0000
amr1,loaded,nav,50.302,0.0000
amr1,loaded,nav,50.321,0.0000
amr1,loaded,nav,50.340,0.0000
amr1,loaded,nav,50.360,0.0000
amr1,loaded,nav,50.383,0.0000
amr1,loaded,nav,50.404,0.0000
amr1,loaded,nav,50.420,0.0000
amr1,loaded,nav,50.440,0.0000
amr1,loaded,nav,50.460,0.0000
amr1,loaded,nav,50.480,0.0000
amr1,loaded,nav,50.503,0.0000
amr1,loaded,nav,50.520,0.0000
amr1,loaded,nav,50.541,0.0000
amr1,loaded,nav,50.560,0.0000
amr1,loaded,nav,50.580,0.0000
amr1,loaded,nav,50.601,0.0000
amr1,loaded,nav,50.622,0.0000
amr1,loaded,nav,50.641,0.0000
amr1,loaded,nav,50.661,0.0000
amr1,loaded,nav,50.683,0.0000
amr1,loaded,nav,50.705,0.0000
amr1,loaded,nav,50.720,0.0000
amr1,loaded,nav,50.740,0.0000
amr1,loaded,nav,50.760,0.0000
amr1,loaded,nav,50.780,0.0000
amr1,loaded,nav,50.802,0.0000
amr1,loaded,nav,50.822,0.0000
amr1,loaded,nav,50.841,0.0000
amr1,loaded,nav,50.862,0.0000
amr1,loaded,nav,50.881,0.0000
amr1,loaded,nav,50.902,0.0000
amr1,loaded,nav,50.922,0.0000
amr1,loaded,nav,50.940,0.0000
amr1,loaded,nav,50.963,0.0000
amr1,loaded,nav,50.981,0.0000
amr1,loaded,nav,51.001,0.0000
amr1,loaded,nav,51.020,0.0000
amr1,loaded,nav,51.040,0.0000
amr1,loaded,nav,51.062,0.0000
amr1,loaded,nav,51.080,0.0000
amr1,loaded,smoothed,39.126,0.0200
amr1,loaded,smoothed,39.155,0.0400
amr1,loaded,smoothed,39.183,0.0600
amr1,loaded,smoothed,39.207,0.0800
amr1,loaded,smoothed,39.238,0.1000
amr1,loaded,smoothed,39.274,0.1200
amr1,loaded,smoothed,39.303,0.1400
amr1,loaded,smoothed,39.331,0.1600
amr1,loaded,smoothed,39.363,0.1800
amr1,loaded,smoothed,39.388,0.2000
amr1,loaded,smoothed,39.414,0.2200
amr1,loaded,smoothed,39.448,0.2400
amr1,loaded,smoothed,39.478,0.2600
amr1,loaded,smoothed,39.509,0.2800
amr1,loaded,smoothed,39.537,0.3000
amr1,loaded,smoothed,39.567,0.3200
amr1,loaded,smoothed,39.596,0.3400
amr1,loaded,smoothed,39.623,0.3600
amr1,loaded,smoothed,39.653,0.3800
amr1,loaded,smoothed,39.681,0.4000
amr1,loaded,smoothed,39.709,0.4200
amr1,loaded,smoothed,39.735,0.4400
amr1,loaded,smoothed,39.764,0.4600
amr1,loaded,smoothed,39.792,0.4800
amr1,loaded,smoothed,39.820,0.5000
amr1,loaded,smoothed,39.849,0.5000
amr1,loaded,smoothed,39.875,0.5000
amr1,loaded,smoothed,39.906,0.5000
amr1,loaded,smoothed,39.938,0.5000
amr1,loaded,smoothed,39.965,0.5000
amr1,loaded,smoothed,39.993,0.5000
amr1,loaded,smoothed,40.021,0.5000
amr1,loaded,smoothed,40.049,0.5000
amr1,loaded,smoothed,40.078,0.5000
amr1,loaded,smoothed,40.108,0.5000
amr1,loaded,smoothed,40.135,0.5000
amr1,loaded,smoothed,40.172,0.5000
amr1,loaded,smoothed,40.199,0.5000
amr1,loaded,smoothed,40.228,0.5000
amr1,loaded,smoothed,40.254,0.5000
amr1,loaded,smoothed,40.281,0.5000
amr1,loaded,smoothed,40.311,0.5000
amr1,loaded,smoothed,40.338,0.5000
amr1,loaded,smoothed,40.368,0.5000
amr1,loaded,smoothed,40.401,0.5000
amr1,loaded,smoothed,40.423,0.5000
amr1,loaded,smoothed,40.461,0.5000
amr1,loaded,smoothed,40.490,0.5000
amr1,loaded,smoothed,40.519,0.5000
amr1,loaded,smoothed,40.548,0.5000
amr1,loaded,smoothed,40.578,0.5000
amr1,loaded,smoothed,40.610,0.5000
amr1,loaded,smoothed,40.642,0.5000
amr1,loaded,smoothed,40.670,0.5000
amr1,loaded,smoothed,40.695,0.5000
amr1,loaded,smoothed,40.723,0.5000
amr1,loaded,smoothed,40.753,0.5000
amr1,loaded,smoothed,40.787,0.5000
amr1,loaded,smoothed,40.819,0.5000
amr1,loaded,smoothed,40.850,0.5000
amr1,loaded,smoothed,40.879,0.5000
amr1,loaded,smoothed,40.909,0.5000
amr1,loaded,smoothed,40.939,0.5000
amr1,loaded,smoothed,40.971,0.5000
amr1,loaded,smoothed,41.002,0.5000
amr1,loaded,smoothed,41.032,0.5000
amr1,loaded,smoothed,41.066,0.5000
amr1,loaded,smoothed,41.100,0.5000
amr1,loaded,smoothed,41.132,0.5000
amr1,loaded,smoothed,41.163,0.5000
amr1,loaded,smoothed,41.196,0.5000
amr1,loaded,smoothed,41.228,0.5000
amr1,loaded,smoothed,41.259,0.5000
amr1,loaded,smoothed,41.288,0.5000
amr1,loaded,smoothed,41.313,0.5000
amr1,loaded,smoothed,41.343,0.5000
amr1,loaded,smoothed,41.371,0.5000
amr1,loaded,smoothed,41.400,0.5000
amr1,loaded,smoothed,41.427,0.5000
amr1,loaded,smoothed,41.452,0.5000
amr1,loaded,smoothed,41.484,0.5000
amr1,loaded,smoothed,41.507,0.5000
amr1,loaded,smoothed,41.538,0.5000
amr1,loaded,smoothed,41.568,0.5000
amr1,loaded,smoothed,41.604,0.5000
amr1,loaded,smoothed,41.631,0.5000
amr1,loaded,smoothed,41.661,0.5000
amr1,loaded,smoothed,41.689,0.5000
amr1,loaded,smoothed,41.721,0.5000
amr1,loaded,smoothed,41.750,0.5000
amr1,loaded,smoothed,41.783,0.5000
amr1,loaded,smoothed,41.811,0.5000
amr1,loaded,smoothed,41.840,0.5000
amr1,loaded,smoothed,41.873,0.5000
amr1,loaded,smoothed,41.901,0.5000
amr1,loaded,smoothed,41.931,0.5000
amr1,loaded,smoothed,41.960,0.5000
amr1,loaded,smoothed,41.980,0.5000
amr1,loaded,smoothed,42.011,0.5000
amr1,loaded,smoothed,42.032,0.5000
amr1,loaded,smoothed,42.055,0.5000
amr1,loaded,smoothed,42.084,0.5000
amr1,loaded,smoothed,42.109,0.5000
amr1,loaded,smoothed,42.139,0.5000
amr1,loaded,smoothed,42.167,0.5000
amr1,loaded,smoothed,42.197,0.5000
amr1,loaded,smoothed,42.226,0.5000
amr1,loaded,smoothed,42.258,0.5000
amr1,loaded,smoothed,42.289,0.5000
amr1,loaded,smoothed,42.323,0.5000
amr1,loaded,smoothed,42.354,0.5000
amr1,loaded,smoothed,42.383,0.5000
amr1,loaded,smoothed,42.414,0.5000
amr1,loaded,smoothed,42.446,0.5000
amr1,loaded,smoothed,42.477,0.5000
amr1,loaded,smoothed,42.509,0.5000
amr1,loaded,smoothed,42.543,0.5000
amr1,loaded,smoothed,42.577,0.5000
amr1,loaded,smoothed,42.611,0.5000
amr1,loaded,smoothed,42.643,0.5000
amr1,loaded,smoothed,42.675,0.5000
amr1,loaded,smoothed,42.705,0.5000
amr1,loaded,smoothed,42.737,0.5000
amr1,loaded,smoothed,42.768,0.5000
amr1,loaded,smoothed,42.800,0.5000
amr1,loaded,smoothed,42.826,0.5000
amr1,loaded,smoothed,42.858,0.5000
amr1,loaded,smoothed,42.893,0.5000
amr1,loaded,smoothed,42.926,0.5000
amr1,loaded,smoothed,42.962,0.5000
amr1,loaded,smoothed,42.992,0.5000
amr1,loaded,smoothed,43.022,0.5000
amr1,loaded,smoothed,43.056,0.5000
amr1,loaded,smoothed,43.086,0.5000
amr1,loaded,smoothed,43.121,0.5000
amr1,loaded,smoothed,43.152,0.5000
amr1,loaded,smoothed,43.181,0.5000
amr1,loaded,smoothed,43.214,0.5000
amr1,loaded,smoothed,43.245,0.5000
amr1,loaded,smoothed,43.278,0.5000
amr1,loaded,smoothed,43.311,0.5000
amr1,loaded,smoothed,43.346,0.5000
amr1,loaded,smoothed,43.381,0.5000
amr1,loaded,smoothed,43.411,0.5000
amr1,loaded,smoothed,43.439,0.5000
amr1,loaded,smoothed,43.471,0.5000
amr1,loaded,smoothed,43.500,0.5000
amr1,loaded,smoothed,43.535,0.5000
amr1,loaded,smoothed,43.566,0.5000
amr1,loaded,smoothed,43.598,0.5000
amr1,loaded,smoothed,43.631,0.5000
amr1,loaded,smoothed,43.668,0.5000
amr1,loaded,smoothed,43.701,0.5000
amr1,loaded,smoothed,43.736,0.5000
amr1,loaded,smoothed,43.766,0.5000
amr1,loaded,smoothed,43.796,0.5000
amr1,loaded,smoothed,43.826,0.5000
amr1,loaded,smoothed,43.856,0.5000
amr1,loaded,smoothed,43.893,0.5000
amr1,loaded,smoothed,43.926,0.5000
amr1,loaded,smoothed,43.962,0.5000
amr1,loaded,smoothed,43.997,0.5000
amr1,loaded,smoothed,44.028,0.5000
amr1,loaded,smoothed,44.055,0.5000
amr1,loaded,smoothed,44.085,0.5000
amr1,loaded,smoothed,44.115,0.5000
amr1,loaded,smoothed,44.145,0.5000
amr1,loaded,smoothed,44.176,0.5000
amr1,loaded,smoothed,44.204,0.5000
amr1,loaded,smoothed,44.234,0.5000
amr1,loaded,smoothed,44.262,0.5000
amr1,loaded,smoothed,44.293,0.5000
amr1,loaded,smoothed,44.324,0.5000
amr1,loaded,smoothed,44.353,0.5000
amr1,loaded,smoothed,44.382,0.5000
amr1,loaded,smoothed,44.407,0.5000
amr1,loaded,smoothed,44.439,0.5000
amr1,loaded,smoothed,44.471,0.5000
amr1,loaded,smoothed,44.498,0.5000
amr1,loaded,smoothed,44.515,0.5000
amr1,loaded,smoothed,44.536,0.5000
amr1,loaded,smoothed,44.562,0.5000
amr1,loaded,smoothed,44.586,0.5000
amr1,loaded,smoothed,44.614,0.5000
amr1,loaded,smoothed,44.641,0.5000
amr1,loaded,smoothed,44.668,0.5000
amr1,loaded,smoothed,44.698,0.5000
amr1,loaded,smoothed,44.728,0.5000
amr1,loaded,smoothed,44.757,0.5000
amr1,loaded,smoothed,44.789,0.5000
amr1,loaded,smoothed,44.818,0.5000
amr1,loaded,smoothed,44.844,0.5000
amr1,loaded,smoothed,44.876,0.5000
amr1,loaded,smoothed,44.907,0.5000
amr1,loaded,smoothed,44.940,0.5000
amr1,loaded,smoothed,44.970,0.5000
amr1,loaded,smoothed,45.003,0.5000
amr1,loaded,smoothed,45.035,0.5000
amr1,loaded,smoothed,45.069,0.5000
amr1,loaded,smoothed,45.099,0.5000
amr1,loaded,smoothed,45.129,0.5000
amr1,loaded,smoothed,45.164,0.5000
amr1,loaded,smoothed,45.198,0.5000
amr1,loaded,smoothed,45.229,0.5000
amr1,loaded,smoothed,45.261,0.5000
amr1,loaded,smoothed,45.295,0.5000
amr1,loaded,smoothed,45.329,0.5000
amr1,loaded,smoothed,45.364,0.5000
amr1,loaded,smoothed,45.398,0.5000
amr1,loaded,smoothed,45.431,0.5000
amr1,loaded,smoothed,45.462,0.5000
amr1,loaded,smoothed,45.497,0.5000
amr1,loaded,smoothed,45.531,0.5000
amr1,loaded,smoothed,45.565,0.5000
amr1,loaded,smoothed,45.597,0.5000
amr1,loaded,smoothed,45.626,0.5000
amr1,loaded,smoothed,45.659,0.5000
amr1,loaded,smoothed,45.690,0.5000
amr1,loaded,smoothed,45.722,0.5000
amr1,loaded,smoothed,45.759,0.5000
amr1,loaded,smoothed,45.794,0.5000
amr1,loaded,smoothed,45.826,0.5000
amr1,loaded,smoothed,45.859,0.5000
amr1,loaded,smoothed,45.892,0.5000
amr1,loaded,smoothed,45.928,0.5000
amr1,loaded,smoothed,45.962,0.5000
amr1,loaded,smoothed,45.996,0.5000
amr1,loaded,smoothed,46.033,0.5000
amr1,loaded,smoothed,46.066,0.5000
amr1,loaded,smoothed,46.101,0.4600
amr1,loaded,smoothed,46.134,0.4200
amr1,loaded,smoothed,46.165,0.3800
amr1,loaded,smoothed,46.200,0.3400
amr1,loaded,smoothed,46.232,0.3000
amr1,loaded,smoothed,46.265,0.2600
amr1,loaded,smoothed,46.298,0.2200
amr1,loaded,smoothed,46.327,0.1800
amr1,loaded,smoothed,46.355,0.1400
amr1,loaded,smoothed,46.379,0.1000
amr1,loaded,smoothed,46.408,0.0600
amr1,loaded,smoothed,46.433,0.0200
amr1,loaded,smoothed,46.459,0.0000
amr1,loaded,smoothed,46.489,0.0000
amr1,loaded,smoothed,46.518,0.0000
amr1,loaded,smoothed,46.550,0.0000
amr1,loaded,smoothed,46.576,0.0000
amr1,loaded,smoothed,46.602,0.0000
amr1,loaded,smoothed,46.628,0.0000
amr1,loaded,smoothed,46.656,0.0000
amr1,loaded,smoothed,46.682,0.0000
amr1,loaded,smoothed,46.713,0.0000
amr1,loaded,smoothed,46.739,0.0000
amr1,loaded,smoothed,46.767,0.0000
amr1,loaded,smoothed,46.794,0.0000
amr1,loaded,smoothed,46.824,0.0000
amr1,loaded,smoothed,46.850,0.0000
amr1,loaded,smoothed,46.883,0.0000
amr1,loaded,smoothed,46.913,0.0000
amr1,loaded,smoothed,46.947,0.0000
amr1,loaded,smoothed,46.982,0.0000
amr1,loaded,smoothed,47.012,0.0000
amr1,loaded,smoothed,47.042,0.0000
amr1,loaded,smoothed,47.069,0.0000
amr1,loaded,smoothed,47.098,0.0000
amr1,loaded,smoothed,47.125,0.0000
amr1,loaded,smoothed,47.154,0.0000
amr1,loaded,smoothed,47.188,0.0000
amr1,loaded,smoothed,47.222,0.0000
amr1,loaded,smoothed,47.253,0.0000
amr1,loaded,smoothed,47.282,0.0000
amr1,loaded,smoothed,47.311,0.0000
amr1,loaded,smoothed,47.337,0.0000
amr1,loaded,smoothed,47.369,0.0000
amr1,loaded,smoothed,47.403,0.0000
amr1,loaded,smoothed,47.436,0.0000
amr1,loaded,smoothed,47.464,0.0000
amr1,loaded,smoothed,47.493,0.0000
amr1,loaded,smoothed,47.524,0.0000
amr1,loaded,smoothed,47.555,0.0000
amr1,loaded,smoothed,47.585,0.0000
amr1,loaded,smoothed,47.616,0.0000
amr1,loaded,smoothed,47.648,0.0000
amr1,loaded,smoothed,47.681,0.0000
amr1,loaded,smoothed,47.714,0.0000
amr1,loaded,smoothed,47.746,0.0000
amr1,loaded,smoothed,47.783,0.0000
amr1,loaded,smoothed,47.802,0.0000
amr1,loaded,smoothed,47.827,0.0000
amr1,loaded,smoothed,47.860,0.0000
amr1,loaded,smoothed,47.891,0.0000
amr1,loaded,smoothed,47.927,0.0000
amr1,loaded,smoothed,47.960,0.0000
amr1,loaded,smoothed,47.987,0.0000
amr1,loaded,smoothed,48.011,0.0000
amr1,loaded,smoothed,48.041,0.0000
amr1,loaded,smoothed,48.070,0.0000
amr1,loaded,smoothed,48.094,0.0000
amr1,loaded,smoothed,48.120,0.0000
amr1,loaded,smoothed,48.147,0.0000
amr1,loaded,smoothed,48.175,0.0000
amr1,loaded,smoothed,48.200,0.0000
amr1,loaded,smoothed,48.230,0.0000
amr1,loaded,smoothed,48.254,0.0000
amr1,loaded,smoothed,48.284,0.0000
amr1,loaded,smoothed,48.308,0.0000
amr1,loaded,smoothed,48.336,0.0000
amr1,loaded,smoothed,48.362,0.0000
amr1,loaded,smoothed,48.392,0.0000
amr1,loaded,smoothed,48.417,0.0000
amr1,loaded,smoothed,48.446,0.0000
amr1,loaded,smoothed,48.479,0.0000
amr1,loaded,smoothed,48.510,0.0000
amr1,loaded,smoothed,48.540,0.0000
amr1,loaded,smoothed,48.573,0.0000
amr1,loaded,smoothed,48.597,0.0000
amr1,loaded,smoothed,48.624,0.0000
amr1,loaded,smoothed,48.646,0.0000
amr1,loaded,smoothed,48.674,0.0000
amr1,loaded,smoothed,48.701,0.0000
amr1,loaded,smoothed,48.731,0.0000
amr1,loaded,smoothed,48.761,0.0000
amr1,loaded,smoothed,48.790,0.0000
amr1,loaded,smoothed,48.825,0.0000
amr1,loaded,smoothed,48.854,0.0000
amr1,loaded,smoothed,48.883,0.0000
amr1,loaded,smoothed,48.901,0.0000
amr1,loaded,smoothed,48.920,0.0000
amr1,loaded,smoothed,48.951,0.0000
amr1,loaded,smoothed,48.981,0.0000
amr1,loaded,smoothed,49.009,0.0000
amr1,loaded,smoothed,49.035,0.0000
amr1,loaded,smoothed,49.059,0.0000
amr1,loaded,smoothed,49.086,0.0000
amr1,loaded,smoothed,49.111,0.0000
amr1,loaded,smoothed,49.138,0.0000
amr1,loaded,smoothed,49.172,0.0000
amr1,loaded,smoothed,49.200,0.0000
amr1,loaded,smoothed,49.227,0.0000
amr1,loaded,smoothed,49.254,0.0000
amr1,loaded,smoothed,49.283,0.0000
amr1,loaded,smoothed,49.317,0.0000
amr1,loaded,smoothed,49.351,0.0000
amr1,loaded,smoothed,49.385,0.0000
amr1,loaded,smoothed,49.411,0.0000
amr1,loaded,smoothed,49.439,0.0000
amr1,loaded,smoothed,49.466,0.0000
amr1,loaded,smoothed,49.490,0.0000
amr1,loaded,smoothed,49.520,0.0000
amr1,loaded,smoothed,49.548,0.0000
amr1,loaded,smoothed,49.574,0.0000
amr1,loaded,smoothed,49.606,0.0000
amr1,loaded,smoothed,49.637,0.0000
amr1,loaded,smoothed,49.669,0.0000
amr1,loaded,smoothed,49.688,0.0000
amr1,loaded,smoothed,49.718,0.0000
amr1,loaded,smoothed,49.746,0.0000
amr1,loaded,smoothed,49.771,0.0000
amr1,loaded,smoothed,49.798,0.0000
amr1,loaded,smoothed,49.826,0.0000
amr1,loaded,smoothed,49.853,0.0000
amr1,loaded,smoothed,49.880,0.0000
amr1,loaded,smoothed,49.905,0.0000
amr1,loaded,smoothed,49.931,0.0000
amr1,loaded,smoothed,49.958,0.0000
amr1,loaded,smoothed,49.987,0.0000
amr1,loaded,smoothed,50.016,0.0000
amr1,loaded,smoothed,50.042,0.0000
amr1,loaded,smoothed,50.068,0.0000
amr1,loaded,smoothed,50.098,0.0000
amr1,loaded,smoothed,50.127,0.0000
amr1,loaded,smoothed,50.158,0.0000
amr1,loaded,smoothed,50.182,0.0000
amr1,loaded,smoothed,50.222,0.0000
amr1,loaded,smoothed,50.253,0.0000
amr1,loaded,smoothed,50.284,0.0000
amr1,loaded,smoothed,50.318,0.0000
amr1,loaded,smoothed,50.345,0.0000
amr1,loaded,smoothed,50.373,0.0000
amr1,loaded,smoothed,50.406,0.0000
amr1,loaded,smoothed,50.433,0.0000
amr1,loaded,smoothed,50.461,0.0000
amr1,loaded,smoothed,50.490,0.0000
amr1,loaded,smoothed,50.526,0.0000
amr1,loaded,smoothed,50.561,0.0000
amr1,loaded,smoothed,50.594,0.0000
amr1,loaded,smoothed,50.623,0.0000
amr1,loaded,smoothed,50.658,0.0000
amr1,loaded,smoothed,50.677,0.0000
amr1,loaded,smoothed,50.706,0.0000
amr1,loaded,smoothed,50.735,0.0000
amr1,loaded,smoothed,50.764,0.0000
amr1,loaded,smoothed,50.788,0.0000
amr1,loaded,smoothed,50.814,0.0000
amr1,loaded,smoothed,50.841,0.0000
amr1,loaded,smoothed,50.867,0.0000
amr1,loaded,smoothed,50.891,0.0000
amr1,loaded,smoothed,50.919,0.0000
amr1,loaded,smoothed,50.945,0.0000
amr1,loaded,smoothed,50.971,0.0000
amr1,loaded,smoothed,51.007,0.0000
amr1,loaded,smoothed,51.028,0.0000
amr1,loaded,smoothed,51.058,0.0000
amr1,loaded,smoothed,51.084,0.0000
amr1,loaded,shaped,39.100,0.0000
amr1,loaded,shaped,39.150,0.0008
amr1,loaded,shaped,39.201,0.0025
amr1,loaded,shaped,39.251,0.0050
amr1,loaded,shaped,39.303,0.0083
amr1,loaded,shaped,39.352,0.0125
amr1,loaded,shaped,39.401,0.0175
amr1,loaded,shaped,39.450,0.0233
amr1,loaded,shaped,39.502,0.0300
amr1,loaded,shaped,39.551,0.0367
amr1,loaded,shaped,39.600,0.0433
amr1,loaded,shaped,39.651,0.0500
amr1,loaded,shaped,39.701,0.0567
amr1,loaded,shaped,39.750,0.0633
amr1,loaded,shaped,39.800,0.0700
amr1,loaded,shaped,39.851,0.0767
amr1,loaded,shaped,39.902,0.0833
amr1,loaded,shaped,39.950,0.0900
amr1,loaded,shaped,40.000,0.0967
amr1,loaded,shaped,40.051,0.1033
amr1,loaded,shaped,40.101,0.1100
amr1,loaded,shaped,40.152,0.1167
amr1,loaded,shaped,40.201,0.1233
amr1,loaded,shaped,40.250,0.1300
amr1,loaded,shaped,40.300,0.1367
amr1,loaded,shaped,40.351,0.1433
amr1,loaded,shaped,40.401,0.1500
amr1,loaded,shaped,40.451,0.1567
amr1,loaded,shaped,40.501,0.1633
amr1,loaded,shaped,40.550,0.1700
amr1,loaded,shaped,40.600,0.1767
amr1,loaded,shaped,40.651,0.1833
amr1,loaded,shaped,40.700,0.1900
amr1,loaded,shaped,40.751,0.1967
amr1,loaded,shaped,40.801,0.2033
amr1,loaded,shaped,40.850,0.2100
amr1,loaded,shaped,40.900,0.2167
amr1,loaded,shaped,40.953,0.2233
amr1,loaded,shaped,41.001,0.2300
amr1,loaded,shaped,41.050,0.2367
amr1,loaded,shaped,41.101,0.2433
amr1,loaded,shaped,41.152,0.2500
amr1,loaded,shaped,41.201,0.2567
amr1,loaded,shaped,41.252,0.2633
amr1,loaded,shaped,41.301,0.2700
amr1,loaded,shaped,41.350,0.2767
amr1,loaded,shaped,41.401,0.2833
amr1,loaded,shaped,41.451,0.2900
amr1,loaded,shaped,41.502,0.2967
amr1,loaded,shaped,41.551,0.3033
amr1,loaded,shaped,41.604,0.3100
amr1,loaded,shaped,41.650,0.3167
amr1,loaded,shaped,41.700,0.3233
amr1,loaded,shaped,41.752,0.3300
amr1,loaded,shaped,41.800,0.3367
amr1,loaded,shaped,41.851,0.3433
amr1,loaded,shaped,41.900,0.3500
amr1,loaded,shaped,41.951,0.3567
amr1,loaded,shaped,42.005,0.3633
amr1,loaded,shaped,42.052,0.3700
amr1,loaded,shaped,42.101,0.3767
amr1,loaded,shaped,42.150,0.3833
amr1,loaded,shaped,42.202,0.3900
amr1,loaded,shaped,42.250,0.3967
amr1,loaded,shaped,42.301,0.4033
amr1,loaded,shaped,42.350,0.4100
amr1,loaded,shaped,42.400,0.4167
amr1,loaded,shaped,42.450,0.4233
amr1,loaded,shaped,42.501,0.4300
amr1,loaded,shaped,42.551,0.4367
amr1,loaded,shaped,42.600,0.4433
amr1,loaded,shaped,42.652,0.4500
amr1,loaded,shaped,42.701,0.4567
amr1,loaded,shaped,42.750,0.4633
amr1,loaded,shaped,42.800,0.4700
amr1,loaded,shaped,42.851,0.4767
amr1,loaded,shaped,42.901,0.4825
amr1,loaded,shaped,42.952,0.4875
amr1,loaded,shaped,43.000,0.4917
amr1,loaded,shaped,43.050,0.4950
amr1,loaded,shaped,43.101,0.4975
amr1,loaded,shaped,43.151,0.4992
amr1,loaded,shaped,43.200,0.5000
amr1,loaded,shaped,43.250,0.5000
amr1,loaded,shaped,43.300,0.5000
amr1,loaded,shaped,43.350,0.5000
amr1,loaded,shaped,43.401,0.5000
amr1,loaded,shaped,43.450,0.5000
amr1,loaded,shaped,43.500,0.5000
amr1,loaded,shaped,43.550,0.5000
amr1,loaded,shaped,43.600,0.5000
amr1,loaded,shaped,43.651,0.5000
amr1,loaded,shaped,43.701,0.5000
amr1,loaded,shaped,43.751,0.5000
amr1,loaded,shaped,43.800,0.5000
amr1,loaded,shaped,43.851,0.5000
amr1,loaded,shaped,43.900,0.5000
amr1,loaded,shaped,43.951,0.5000
amr1,loaded,shaped,44.000,0.5000
amr1,loaded,shaped,44.050,0.5000
amr1,loaded,shaped,44.100,0.5000
amr1,loaded,shaped,44.151,0.5000
amr1,loaded,shaped,44.200,0.5000
amr1,loaded,shaped,44.251,0.5000
amr1,loaded,shaped,44.300,0.5000
amr1,loaded,shaped,44.352,0.5000
amr1,loaded,shaped,44.401,0.5000
amr1,loaded,shaped,44.450,0.5000
amr1,loaded,shaped,44.502,0.5000
amr1,loaded,shaped,44.553,0.5000
amr1,loaded,shaped,44.600,0.5000
amr1,loaded,shaped,44.652,0.5000
amr1,loaded,shaped,44.700,0.5000
amr1,loaded,shaped,44.751,0.5000
amr1,loaded,shaped,44.800,0.5000
amr1,loaded,shaped,44.852,0.5000
amr1,loaded,shaped,44.900,0.5000
amr1,loaded,shaped,44.950,0.5000
amr1,loaded,shaped,45.000,0.5000
amr1,loaded,shaped,45.052,0.5000
amr1,loaded,shaped,45.100,0.5000
amr1,loaded,shaped,45.151,0.5000
amr1,loaded,shaped,45.200,0.5000
amr1,loaded,shaped,45.251,0.5000
amr1,loaded,shaped,45.300,0.5000
amr1,loaded,shaped,45.350,0.5000
amr1,loaded,shaped,45.401,0.5000
amr1,loaded,shaped,45.450,0.5000
amr1,loaded,shaped,45.500,0.5000
amr1,loaded,shaped,45.550,0.5000
amr1,loaded,shaped,45.601,0.5000
amr1,loaded,shaped,45.650,0.5000
amr1,loaded,shaped,45.700,0.5000
amr1,loaded,shaped,45.752,0.5000
amr1,loaded,shaped,45.801,0.5000
amr1,loaded,shaped,45.850,0.5000
amr1,loaded,shaped,45.901,0.5000
amr1,loaded,shaped,45.951,0.5000
amr1,loaded,shaped,46.001,0.5000
amr1,loaded,shaped,46.051,0.5000
amr1,loaded,shaped,46.100,0.5000
amr1,loaded,shaped,46.150,0.4992
amr1,loaded,shaped,46.200,0.4975
amr1,loaded,shaped,46.250,0.4950
amr1,loaded,shaped,46.301,0.4917
amr1,loaded,shaped,46.350,0.4875
amr1,loaded,shaped,46.400,0.4825
amr1,loaded,shaped,46.451,0.4767
amr1,loaded,shaped,46.501,0.4700
amr1,loaded,shaped,46.550,0.4625
amr1,loaded,shaped,46.603,0.4542
amr1,loaded,shaped,46.651,0.4450
amr1,loaded,shaped,46.700,0.4350
amr1,loaded,shaped,46.750,0.4242
amr1,loaded,shaped,46.801,0.4125
amr1,loaded,shaped,46.850,0.4000
amr1,loaded,shaped,46.901,0.3867
amr1,loaded,shaped,46.950,0.3733
amr1,loaded,shaped,47.000,0.3600
amr1,loaded,shaped,47.051,0.3467
amr1,loaded,shaped,47.100,0.3333
amr1,loaded,shaped,47.150,0.3200
amr1,loaded,shaped,47.200,0.3067
amr1,loaded,shaped,47.250,0.2933
amr1,loaded,shaped,47.301,0.2800
amr1,loaded,shaped,47.351,0.2667
amr1,loaded,shaped,47.402,0.2533
amr1,loaded,shaped,47.451,0.2400
amr1,loaded,shaped,47.500,0.2267
amr1,loaded,shaped,47.550,0.2133
amr1,loaded,shaped,47.600,0.2000
amr1,loaded,shaped,47.651,0.1867
amr1,loaded,shaped,47.700,0.1733
amr1,loaded,shaped,47.750,0.1600
amr1,loaded,shaped,47.800,0.1467
amr1,loaded,shaped,47.850,0.1333
amr1,loaded,shaped,47.900,0.1200
amr1,loaded,shaped,47.952,0.1067
amr1,loaded,shaped,48.000,0.0937
amr1,loaded,shaped,48.051,0.0817
amr1,loaded,shaped,48.101,0.0704
amr1,loaded,shaped,48.150,0.0600
amr1,loaded,shaped,48.200,0.0504
amr1,loaded,shaped,48.250,0.0416
amr1,loaded,shaped,48.300,0.0337
amr1,loaded,shaped,48.350,0.0266
amr1,loaded,shaped,48.401,0.0204
amr1,loaded,shaped,48.450,0.0149
amr1,loaded,shaped,48.500,0.0103
amr1,loaded,shaped,48.551,0.0066
amr1,loaded,shaped,48.601,0.0037
amr1,loaded,shaped,48.650,0.0016
amr1,loaded,shaped,48.700,0.0003
amr1,loaded,shaped,48.750,0.0000
amr1,loaded,shaped,48.800,0.0000
amr1,loaded,shaped,48.851,0.0000
amr1,loaded,shaped,48.901,0.0000
amr1,loaded,shaped,48.953,0.0000
amr1,loaded,shaped,49.001,0.0000
amr1,loaded,shaped,49.050,0.0000
amr1,loaded,shaped,49.102,0.0000
amr1,loaded,shaped,49.150,0.0000
amr1,loaded,shaped,49.200,0.0000
amr1,loaded,shaped,49.251,0.0000
amr1,loaded,shaped,49.303,0.0000
amr1,loaded,shaped,49.350,0.0000
amr1,loaded,shaped,49.401,0.0000
amr1,loaded,shaped,49.451,0.0000
amr1,loaded,shaped,49.500,0.0000
amr1,loaded,shaped,49.550,0.0000
amr1,loaded,shaped,49.600,0.0000
amr1,loaded,shaped,49.651,0.0000
amr1,loaded,shaped,49.701,0.0000
amr1,loaded,shaped,49.751,0.0000
amr1,loaded,shaped,49.801,0.0000
amr1,loaded,shaped,49.850,0.0000
amr1,loaded,shaped,49.901,0.0000
amr1,loaded,shaped,49.950,0.0000
amr1,loaded,shaped,50.001,0.0000
amr1,loaded,shaped,50.050,0.0000
amr1,loaded,shaped,50.102,0.0000
amr1,loaded,shaped,50.151,0.0000
amr1,loaded,shaped,50.201,0.0000
amr1,loaded,shaped,50.253,0.0000
amr1,loaded,shaped,50.302,0.0000
amr1,loaded,shaped,50.351,0.0000
amr1,loaded,shaped,50.404,0.0000
amr1,loaded,shaped,50.451,0.0000
amr1,loaded,shaped,50.503,0.0000
amr1,loaded,shaped,50.551,0.0000
amr1,loaded,shaped,50.600,0.0000
amr1,loaded,shaped,50.651,0.0000
amr1,loaded,shaped,50.705,0.0000
amr1,loaded,shaped,50.750,0.0000
amr1,loaded,shaped,50.802,0.0000
amr1,loaded,shaped,50.854,0.0000
amr1,loaded,shaped,50.902,0.0000
amr1,loaded,shaped,50.950,0.0000
amr1,loaded,shaped,51.001,0.0000
amr1,loaded,shaped,51.051,0.0000
amr1,loaded,odom,39.104,0.0000
amr1,loaded,odom,39.125,0.0000
amr1,loaded,odom,39.145,0.0000
amr1,loaded,odom,39.164,0.0000
amr1,loaded,odom,39.184,0.0000
amr1,loaded,odom,39.205,0.0002
amr1,loaded,odom,39.225,0.0008
amr1,loaded,odom,39.244,0.0008
amr1,loaded,odom,39.266,0.0022
amr1,loaded,odom,39.285,0.0025
amr1,loaded,odom,39.304,0.0025
amr1,loaded,odom,39.325,0.0050
amr1,loaded,odom,39.346,0.0050
amr1,loaded,odom,39.365,0.0074
amr1,loaded,odom,39.385,0.0083
amr1,loaded,odom,39.404,0.0085
amr1,loaded,odom,39.425,0.0125
amr1,loaded,odom,39.444,0.0125
amr1,loaded,odom,39.465,0.0159
amr1,loaded,odom,39.484,0.0175
amr1,loaded,odom,39.505,0.0177
amr1,loaded,odom,39.524,0.0233
amr1,loaded,odom,39.545,0.0233
amr1,loaded,odom,39.564,0.0263
amr1,loaded,odom,39.585,0.0300
amr1,loaded,odom,39.605,0.0302
amr1,loaded,odom,39.624,0.0365
amr1,loaded,odom,39.644,0.0367
amr1,loaded,odom,39.665,0.0393
amr1,loaded,odom,39.684,0.0433
amr1,loaded,odom,39.704,0.0435
amr1,loaded,odom,39.724,0.0497
amr1,loaded,odom,39.745,0.0500
amr1,loaded,odom,39.764,0.0534
amr1,loaded,odom,39.784,0.0567
amr1,loaded,odom,39.804,0.0567
amr1,loaded,odom,39.824,0.0628
amr1,loaded,odom,39.845,0.0633
amr1,loaded,odom,39.865,0.0663
amr1,loaded,odom,39.885,0.0700
amr1,loaded,odom,39.904,0.0700
amr1,loaded,odom,39.925,0.0766
amr1,loaded,odom,39.944,0.0833
amr1,loaded,odom,39.965,0.0833
amr1,loaded,odom,39.984,0.0833
amr1,loaded,odom,40.004,0.0836
amr1,loaded,odom,40.025,0.0898
amr1,loaded,odom,40.045,0.0900
amr1,loaded,odom,40.065,0.0926
amr1,loaded,odom,40.084,0.1006
amr1,loaded,odom,40.105,0.1033
amr1,loaded,odom,40.126,0.1033
amr1,loaded,odom,40.143,0.1033
amr1,loaded,odom,40.165,0.1051
amr1,loaded,odom,40.184,0.1100
amr1,loaded,odom,40.205,0.1100
amr1,loaded,odom,40.226,0.1156
amr1,loaded,odom,40.245,0.1167
amr1,loaded,odom,40.264,0.1197
amr1,loaded,odom,40.285,0.1233
amr1,loaded,odom,40.305,0.1235
amr1,loaded,odom,40.325,0.1297
amr1,loaded,odom,40.345,0.1300
amr1,loaded,odom,40.365,0.1330
amr1,loaded,odom,40.385,0.1367
amr1,loaded,odom,40.404,0.1367
amr1,loaded,odom,40.423,0.1426
amr1,loaded,odom,40.444,0.1433
amr1,loaded,odom,40.465,0.1459
amr1,loaded,odom,40.485,0.1500
amr1,loaded,odom,40.505,0.1502
amr1,loaded,odom,40.525,0.1565
amr1,loaded,odom,40.544,0.1567
amr1,loaded,odom,40.565,0.1597
amr1,loaded,odom,40.587,0.1633
amr1,loaded,odom,40.606,0.1635
amr1,loaded,odom,40.625,0.1697
amr1,loaded,odom,40.644,0.1700
amr1,loaded,odom,40.665,0.1718
amr1,loaded,odom,40.684,0.1767
amr1,loaded,odom,40.705,0.1769
amr1,loaded,odom,40.724,0.1831
amr1,loaded,odom,40.744,0.1833
amr1,loaded,odom,40.765,0.1855
amr1,loaded,odom,40.785,0.1900
amr1,loaded,odom,40.804,0.1900
amr1,loaded,odom,40.824,0.1961
amr1,loaded,odom,40.844,0.1967
amr1,loaded,odom,40.865,0.2005
amr1,loaded,odom,40.884,0.2033
amr1,loaded,odom,40.905,0.2034
amr1,loaded,odom,40.925,0.2095
amr1,loaded,odom,40.945,0.2100
amr1,loaded,odom,40.965,0.2130
amr1,loaded,odom,40.984,0.2167
amr1,loaded,odom,41.005,0.2167
amr1,loaded,odom,41.024,0.2228
amr1,loaded,odom,41.045,0.2233
amr1,loaded,odom,41.065,0.2267
amr1,loaded,odom,41.085,0.2300
amr1,loaded,odom,41.105,0.2300
amr1,loaded,odom,41.125,0.2361
amr1,loaded,odom,41.145,0.2367
amr1,loaded,odom,41.165,0.2397
amr1,loaded,odom,41.184,0.2433
amr1,loaded,odom,41.205,0.2434
amr1,loaded,odom,41.224,0.2495
amr1,loaded,odom,41.244,0.2500
amr1,loaded,odom,41.265,0.2530
amr1,loaded,odom,41.286,0.2567
amr1,loaded,odom,41.305,0.2568
amr1,loaded,odom,41.324,0.2630
amr1,loaded,odom,41.344,0.2633
amr1,loaded,odom,41.365,0.2659
amr1,loaded,odom,41.385,0.2700
amr1,loaded,odom,41.405,0.2700
amr1,loaded,odom,41.424,0.2761
amr1,loaded,odom,41.444,0.2767
amr1,loaded,odom,41.465,0.2797
amr1,loaded,odom,41.484,0.2833
amr1,loaded,odom,41.506,0.2833
amr1,loaded,odom,41.524,0.2887
amr1,loaded,odom,41.544,0.2900
amr1,loaded,odom,41.565,0.2934
amr1,loaded,odom,41.586,0.2967
amr1,loaded,odom,41.605,0.2967
amr1,loaded,odom,41.624,0.3028
amr1,loaded,odom,41.644,0.3033
amr1,loaded,odom,41.665,0.3059
amr1,loaded,odom,41.685,0.3100
amr1,loaded,odom,41.704,0.3101
amr1,loaded,odom,41.724,0.3163
amr1,loaded,odom,41.744,0.3167
amr1,loaded,odom,41.764,0.3189
amr1,loaded,odom,41.785,0.3233
amr1,loaded,odom,41.804,0.3236
amr1,loaded,odom,41.824,0.3298
amr1,loaded,odom,41.845,0.3300
amr1,loaded,odom,41.865,0.3326
amr1,loaded,odom,41.884,0.3367
amr1,loaded,odom,41.904,0.3369
amr1,loaded,odom,41.925,0.3431
amr1,loaded,odom,41.946,0.3433
amr1,loaded,odom,41.964,0.3467
amr1,loaded,odom,41.986,0.3500
amr1,loaded,odom,42.005,0.3500
amr1,loaded,odom,42.024,0.3553
amr1,loaded,odom,42.044,0.3567
amr1,loaded,odom,42.065,0.3597
amr1,loaded,odom,42.085,0.3633
amr1,loaded,odom,42.104,0.3635
amr1,loaded,odom,42.124,0.3697
amr1,loaded,odom,42.144,0.3700
amr1,loaded,odom,42.165,0.3730
amr1,loaded,odom,42.185,0.3767
amr1,loaded,odom,42.206,0.3768
amr1,loaded,odom,42.224,0.3830
amr1,loaded,odom,42.245,0.3833
amr1,loaded,odom,42.265,0.3867
amr1,loaded,odom,42.285,0.3900
amr1,loaded,odom,42.305,0.3900
amr1,loaded,odom,42.324,0.3956
amr1,loaded,odom,42.345,0.3967
amr1,loaded,odom,42.364,0.3997
amr1,loaded,odom,42.385,0.4033
amr1,loaded,odom,42.405,0.4035
amr1,loaded,odom,42.424,0.4097
amr1,loaded,odom,42.444,0.4100
amr1,loaded,odom,42.465,0.4126
amr1,loaded,odom,42.485,0.4167
amr1,loaded,odom,42.504,0.4168
amr1,loaded,odom,42.525,0.4230
amr1,loaded,odom,42.544,0.4233
amr1,loaded,odom,42.564,0.4255
amr1,loaded,odom,42.585,0.4300
amr1,loaded,odom,42.604,0.4300
amr1,loaded,odom,42.625,0.4358
amr1,loaded,odom,42.646,0.4430
amr1,loaded,odom,42.664,0.4445
amr1,loaded,odom,42.685,0.4500
amr1,loaded,odom,42.705,0.4500
amr1,loaded,odom,42.725,0.4500
amr1,loaded,odom,42.744,0.4500
amr1,loaded,odom,42.765,0.4526
amr1,loaded,odom,42.787,0.4567
amr1,loaded,odom,42.804,0.4569
amr1,loaded,odom,42.826,0.4641
amr1,loaded,odom,42.845,0.4700
amr1,loaded,odom,42.864,0.4700
amr1,loaded,odom,42.885,0.4700
amr1,loaded,odom,42.904,0.4701
amr1,loaded,odom,42.925,0.4763
amr1,loaded,odom,42.945,0.4767
amr1,loaded,odom,42.965,0.4793
amr1,loaded,odom,42.984,0.4825
amr1,loaded,odom,43.004,0.4827
amr1,loaded,odom,43.025,0.4875
amr1,loaded,odom,43.045,0.4875
amr1,loaded,odom,43.065,0.4901
amr1,loaded,odom,43.085,0.4917
amr1,loaded,odom,43.105,0.4918
amr1,loaded,odom,43.125,0.4950
amr1,loaded,odom,43.145,0.4950
amr1,loaded,odom,43.165,0.4970
amr1,loaded,odom,43.185,0.4975
amr1,loaded,odom,43.204,0.4977
amr1,loaded,odom,43.225,0.4992
amr1,loaded,odom,43.244,0.4992
amr1,loaded,odom,43.265,0.5000
amr1,loaded,odom,43.284,0.5000
amr1,loaded,odom,43.304,0.5000
amr1,loaded,odom,43.325,0.5000
amr1,loaded,odom,43.345,0.5000
amr1,loaded,odom,43.365,0.5000
amr1,loaded,odom,43.384,0.5000
amr1,loaded,odom,43.405,0.5000
amr1,loaded,odom,43.424,0.5000
amr1,loaded,odom,43.445,0.5000
amr1,loaded,odom,43.465,0.5000
amr1,loaded,odom,43.484,0.5000
amr1,loaded,odom,43.504,0.5000
amr1,loaded,odom,43.524,0.5000
amr1,loaded,odom,43.545,0.5000
amr1,loaded,odom,43.566,0.5000
amr1,loaded,odom,43.584,0.5000
amr1,loaded,odom,43.604,0.5000
amr1,loaded,odom,43.625,0.5000
amr1,loaded,odom,43.644,0.5000
amr1,loaded,odom,43.665,0.5000
amr1,loaded,odom,43.685,0.5000
amr1,loaded,odom,43.705,0.5000
amr1,loaded,odom,43.725,0.5000
amr1,loaded,odom,43.744,0.5000
amr1,loaded,odom,43.765,0.5000
amr1,loaded,odom,43.784,0.5000
amr1,loaded,odom,43.804,0.5000
amr1,loaded,odom,43.824,0.5000
amr1,loaded,odom,43.845,0.5000
amr1,loaded,odom,43.864,0.5000
amr1,loaded,odom,43.885,0.5000
amr1,loaded,odom,43.904,0.5000
amr1,loaded,odom,43.925,0.5000
amr1,loaded,odom,43.944,0.5000
amr1,loaded,odom,43.964,0.5000
amr1,loaded,odom,43.985,0.5000
amr1,loaded,odom,44.005,0.5000
amr1,loaded,odom,44.024,0.5000
amr1,loaded,odom,44.045,0.5000
amr1,loaded,odom,44.064,0.5000
amr1,loaded,odom,44.084,0.5000
amr1,loaded,odom,44.104,0.5000
amr1,loaded,odom,44.124,0.5000
amr1,loaded,odom,44.145,0.5000
amr1,loaded,odom,44.165,0.5000
amr1,loaded,odom,44.185,0.5000
amr1,loaded,odom,44.204,0.5000
amr1,loaded,odom,44.223,0.5000
amr1,loaded,odom,44.245,0.5000
amr1,loaded,odom,44.265,0.5000
amr1,loaded,odom,44.284,0.5000
amr1,loaded,odom,44.305,0.5000
amr1,loaded,odom,44.325,0.5000
amr1,loaded,odom,44.344,0.5000
amr1,loaded,odom,44.365,0.5000
amr1,loaded,odom,44.384,0.5000
amr1,loaded,odom,44.404,0.5000
amr1,loaded,odom,44.426,0.5000
amr1,loaded,odom,44.445,0.5000
amr1,loaded,odom,44.464,0.5000
amr1,loaded,odom,44.485,0.5000
amr1,loaded,odom,44.504,0.5000
amr1,loaded,odom,44.524,0.5000
amr1,loaded,odom,44.544,0.5000
amr1,loaded,odom,44.565,0.5000
amr1,loaded,odom,44.585,0.5000
amr1,loaded,odom,44.606,0.5000
amr1,loaded,odom,44.624,0.5000
amr1,loaded,odom,44.645,0.5000
amr1,loaded,odom,44.665,0.5000
amr1,loaded,odom,44.684,0.5000
amr1,loaded,odom,44.704,0.5000
amr1,loaded,odom,44.725,0.5000
amr1,loaded,odom,44.745,0.5000
amr1,loaded,odom,44.765,0.5000
amr1,loaded,odom,44.784,0.5000
amr1,loaded,odom,44.804,0.5000
amr1,loaded,odom,44.825,0.5000
amr1,loaded,odom,44.845,0.5000
amr1,loaded,odom,44.865,0.5000
amr1,loaded,odom,44.885,0.5000
amr1,loaded,odom,44.904,0.5000
amr1,loaded,odom,44.924,0.5000
amr1,loaded,odom,44.944,0.5000
amr1,loaded,odom,44.965,0.5000
amr1,loaded,odom,44.985,0.5000
amr1,loaded,odom,45.005,0.5000
amr1,loaded,odom,45.024,0.5000
amr1,loaded,odom,45.044,0.5000
amr1,loaded,odom,45.065,0.5000
amr1,loaded,odom,45.085,0.5000
amr1,loaded,odom,45.105,0.5000
amr1,loaded,odom,45.124,0.5000
amr1,loaded,odom,45.145,0.5000
amr1,loaded,odom,45.164,0.5000
amr1,loaded,odom,45.185,0.5000
amr1,loaded,odom,45.205,0.5000
amr1,loaded,odom,45.225,0.5000
amr1,loaded,odom,45.244,0.5000
amr1,loaded,odom,45.265,0.5000
amr1,loaded,odom,45.285,0.5000
amr1,loaded,odom,45.305,0.5000
amr1,loaded,odom,45.325,0.5000
amr1,loaded,odom,45.344,0.5000
amr1,loaded,odom,45.364,0.5000
amr1,loaded,odom,45.384,0.5000
amr1,loaded,odom,45.405,0.5000
amr1,loaded,odom,45.425,0.5000
amr1,loaded,odom,45.444,0.5000
amr1,loaded,odom,45.464,0.5000
amr1,loaded,odom,45.484,0.5000
amr1,loaded,odom,45.504,0.5000
amr1,loaded,odom,45.524,0.5000
amr1,loaded,odom,45.545,0.5000
amr1,loaded,odom,45.565,0.5000
amr1,loaded,odom,45.584,0.5000
amr1,loaded,odom,45.604,0.5000
amr1,loaded,odom,45.624,0.5000
amr1,loaded,odom,45.645,0.5000
amr1,loaded,odom,45.664,0.5000
amr1,loaded,odom,45.685,0.5000
amr1,loaded,odom,45.704,0.5000
amr1,loaded,odom,45.725,0.5000
amr1,loaded,odom,45.746,0.5000
amr1,loaded,odom,45.765,0.5000
amr1,loaded,odom,45.785,0.5000
amr1,loaded,odom,45.805,0.5000
amr1,loaded,odom,45.825,0.5000
amr1,loaded,odom,45.844,0.5000
amr1,loaded,odom,45.865,0.5000
amr1,loaded,odom,45.885,0.5000
amr1,loaded,odom,45.906,0.5000
amr1,loaded,odom,45.924,0.5000
amr1,loaded,odom,45.944,0.5000
amr1,loaded,odom,45.965,0.5000
amr1,loaded,odom,45.985,0.5000
amr1,loaded,odom,46.004,0.5000
amr1,loaded,odom,46.024,0.5000
amr1,loaded,odom,46.044,0.5000
amr1,loaded,odom,46.065,0.5000
amr1,loaded,odom,46.085,0.5000
amr1,loaded,odom,46.105,0.5000
amr1,loaded,odom,46.125,0.5000
amr1,loaded,odom,46.145,0.5000
amr1,loaded,odom,46.164,0.5000
amr1,loaded,odom,46.184,0.5000
amr1,loaded,odom,46.205,0.4998
amr1,loaded,odom,46.225,0.4992
amr1,loaded,odom,46.245,0.4992
amr1,loaded,odom,46.263,0.4975
amr1,loaded,odom,46.286,0.4975
amr1,loaded,odom,46.304,0.4970
amr1,loaded,odom,46.324,0.4950
amr1,loaded,odom,46.345,0.4950
amr1,loaded,odom,46.364,0.4918
amr1,loaded,odom,46.385,0.4917
amr1,loaded,odom,46.404,0.4914
amr1,loaded,odom,46.425,0.4825
amr1,loaded,odom,46.445,0.4825
amr1,loaded,odom,46.464,0.4825
amr1,loaded,odom,46.484,0.4825
amr1,loaded,odom,46.505,0.4823
amr1,loaded,odom,46.524,0.4767
amr1,loaded,odom,46.545,0.4767
amr1,loaded,odom,46.565,0.4714
amr1,loaded,odom,46.584,0.4700
amr1,loaded,odom,46.605,0.4700
amr1,loaded,odom,46.625,0.4625
amr1,loaded,odom,46.644,0.4625
amr1,loaded,odom,46.664,0.4573
amr1,loaded,odom,46.684,0.4542
amr1,loaded,odom,46.705,0.4542
amr1,loaded,odom,46.724,0.4450
amr1,loaded,odom,46.744,0.4450
amr1,loaded,odom,46.764,0.4382
amr1,loaded,odom,46.785,0.4350
amr1,loaded,odom,46.805,0.4345
amr1,loaded,odom,46.824,0.4242
amr1,loaded,odom,46.845,0.4242
amr1,loaded,odom,46.866,0.4174
amr1,loaded,odom,46.884,0.4125
amr1,loaded,odom,46.904,0.4123
amr1,loaded,odom,46.925,0.4004
amr1,loaded,odom,46.945,0.4000
amr1,loaded,odom,46.965,0.3940
amr1,loaded,odom,46.984,0.3867
amr1,loaded,odom,47.004,0.3867
amr1,loaded,odom,47.025,0.3791
amr1,loaded,odom,47.044,0.3631
amr1,loaded,odom,47.065,0.3600
amr1,loaded,odom,47.085,0.3600
amr1,loaded,odom,47.107,0.3595
amr1,loaded,odom,47.124,0.3471
amr1,loaded,odom,47.144,0.3467
amr1,loaded,odom,47.165,0.3407
amr1,loaded,odom,47.184,0.3333
amr1,loaded,odom,47.204,0.3333
amr1,loaded,odom,47.225,0.3211
amr1,loaded,odom,47.244,0.3200
amr1,loaded,odom,47.264,0.3132
amr1,loaded,odom,47.283,0.3067
amr1,loaded,odom,47.304,0.3062
amr1,loaded,odom,47.325,0.2937
amr1,loaded,odom,47.344,0.2933
amr1,loaded,odom,47.365,0.2881
amr1,loaded,odom,47.385,0.2800
amr1,loaded,odom,47.405,0.2798
amr1,loaded,odom,47.425,0.2674
amr1,loaded,odom,47.445,0.2667
amr1,loaded,odom,47.465,0.2623
amr1,loaded,odom,47.485,0.2533
amr1,loaded,odom,47.504,0.2531
amr1,loaded,odom,47.525,0.2407
amr1,loaded,odom,47.545,0.2400
amr1,loaded,odom,47.564,0.2348
amr1,loaded,odom,47.584,0.2267
amr1,loaded,odom,47.605,0.2262
amr1,loaded,odom,47.624,0.2137
amr1,loaded,odom,47.645,0.2133
amr1,loaded,odom,47.665,0.2073
amr1,loaded,odom,47.685,0.2000
amr1,loaded,odom,47.704,0.1995
amr1,loaded,odom,47.725,0.1871
amr1,loaded,odom,47.744,0.1867
amr1,loaded,odom,47.765,0.1815
amr1,loaded,odom,47.785,0.1655
amr1,loaded,odom,47.805,0.1600
amr1,loaded,odom,47.825,0.1600
amr1,loaded,odom,47.845,0.1600
amr1,loaded,odom,47.866,0.1556
amr1,loaded,odom,47.884,0.1396
amr1,loaded,odom,47.904,0.1333
amr1,loaded,odom,47.924,0.1333
amr1,loaded,odom,47.945,0.1333
amr1,loaded,odom,47.965,0.1273
amr1,loaded,odom,47.986,0.1200
amr1,loaded,odom,48.004,0.1198
amr1,loaded,odom,48.024,0.1060
amr1,loaded,odom,48.046,0.0937
amr1,loaded,odom,48.065,0.0937
amr1,loaded,odom,48.084,0.0937
amr1,loaded,odom,48.104,0.0937
amr1,loaded,odom,48.124,0.0822
amr1,loaded,odom,48.145,0.0817
amr1,loaded,odom,48.165,0.0781
amr1,loaded,odom,48.185,0.0704
amr1,loaded,odom,48.202,0.0703
amr1,loaded,odom,48.225,0.0601
amr1,loaded,odom,48.244,0.0600
amr1,loaded,odom,48.265,0.0540
amr1,loaded,odom,48.285,0.0504
amr1,loaded,odom,48.304,0.0499
amr1,loaded,odom,48.324,0.0416
amr1,loaded,odom,48.344,0.0416
amr1,loaded,odom,48.366,0.0359
amr1,loaded,odom,48.385,0.0337
amr1,loaded,odom,48.404,0.0335
amr1,loaded,odom,48.424,0.0266
amr1,loaded,odom,48.445,0.0266
amr1,loaded,odom,48.464,0.0215
amr1,loaded,odom,48.484,0.0204
amr1,loaded,odom,48.503,0.0201
amr1,loaded,odom,48.525,0.0149
amr1,loaded,odom,48.545,0.0149
amr1,loaded,odom,48.564,0.0111
amr1,loaded,odom,48.586,0.0103
amr1,loaded,odom,48.605,0.0101
amr1,loaded,odom,48.625,0.0066
amr1,loaded,odom,48.646,0.0066
amr1,loaded,odom,48.665,0.0041
amr1,loaded,odom,48.684,0.0037
amr1,loaded,odom,48.704,0.0032
amr1,loaded,odom,48.725,0.0016
amr1,loaded,odom,48.745,0.0016
amr1,loaded,odom,48.764,0.0003
amr1,loaded,odom,48.784,0.0003
amr1,loaded,odom,48.805,0.0002
amr1,loaded,odom,48.826,0.0000
amr1,loaded,odom,48.845,0.0000
amr1,loaded,odom,48.864,0.0000
amr1,loaded,odom,48.885,0.0000
amr1,loaded,odom,48.904,0.0000
amr1,loaded,odom,48.924,0.0000
amr1,loaded,odom,48.943,0.0000
amr1,loaded,odom,48.964,0.0000
amr1,loaded,odom,48.984,0.0000
amr1,loaded,odom,49.003,0.0000
amr1,loaded,odom,49.026,0.0000
amr1,loaded,odom,49.045,0.0000
amr1,loaded,odom,49.065,0.0000
amr1,loaded,odom,49.084,0.0000
amr1,loaded,odom,49.104,0.0000
amr1,loaded,odom,49.124,0.0000
amr1,loaded,odom,49.145,0.0000
amr1,loaded,odom,49.164,0.0000
amr1,loaded,odom,49.185,0.0000
amr1,loaded,odom,49.205,0.0000
amr1,loaded,odom,49.225,0.0000
amr1,loaded,odom,49.245,0.0000
amr1,loaded,odom,49.264,0.0000
amr1,loaded,odom,49.284,0.0000
amr1,loaded,odom,49.304,0.0000
amr1,loaded,odom,49.325,0.0000
amr1,loaded,odom,49.344,0.0000
amr1,loaded,odom,49.364,0.0000
amr1,loaded,odom,49.385,0.0000
amr1,loaded,odom,49.405,0.0000
amr1,loaded,odom,49.425,0.0000
amr1,loaded,odom,49.444,0.0000
amr1,loaded,odom,49.466,0.0000
amr1,loaded,odom,49.485,0.0000
amr1,loaded,odom,49.503,0.0000
amr1,loaded,odom,49.525,0.0000
amr1,loaded,odom,49.544,0.0000
amr1,loaded,odom,49.563,0.0000
amr1,loaded,odom,49.585,0.0000
amr1,loaded,odom,49.604,0.0000
amr1,loaded,odom,49.625,0.0000
amr1,loaded,odom,49.644,0.0000
amr1,loaded,odom,49.664,0.0000
amr1,loaded,odom,49.685,0.0000
amr1,loaded,odom,49.705,0.0000
amr1,loaded,odom,49.725,0.0000
amr1,loaded,odom,49.744,0.0000
amr1,loaded,odom,49.764,0.0000
amr1,loaded,odom,49.785,0.0000
amr1,loaded,odom,49.804,0.0000
amr1,loaded,odom,49.824,0.0000
amr1,loaded,odom,49.844,0.0000
amr1,loaded,odom,49.865,0.0000
amr1,loaded,odom,49.885,0.0000
amr1,loaded,odom,49.905,0.0000
amr1,loaded,odom,49.924,0.0000
amr1,loaded,odom,49.944,0.0000
amr1,loaded,odom,49.966,0.0000
amr1,loaded,odom,49.985,0.0000
amr1,loaded,odom,50.005,0.0000
amr1,loaded,odom,50.024,0.0000
amr1,loaded,odom,50.045,0.0000
amr1,loaded,odom,50.064,0.0000
amr1,loaded,odom,50.086,0.0000
amr1,loaded,odom,50.104,0.0000
amr1,loaded,odom,50.127,0.0000
amr1,loaded,odom,50.145,0.0000
amr1,loaded,odom,50.164,0.0000
amr1,loaded,odom,50.185,0.0000
amr1,loaded,odom,50.206,0.0000
amr1,loaded,odom,50.225,0.0000
amr1,loaded,odom,50.244,0.0000
amr1,loaded,odom,50.265,0.0000
amr1,loaded,odom,50.284,0.0000
amr1,loaded,odom,50.305,0.0000
amr1,loaded,odom,50.324,0.0000
amr1,loaded,odom,50.344,0.0000
amr1,loaded,odom,50.364,0.0000
amr1,loaded,odom,50.384,0.0000
amr1,loaded,odom,50.406,0.0000
amr1,loaded,odom,50.424,0.0000
amr1,loaded,odom,50.444,0.0000
amr1,loaded,odom,50.465,0.0000
amr1,loaded,odom,50.484,0.0000
amr1,loaded,odom,50.506,0.0000
amr1,loaded,odom,50.524,0.0000
amr1,loaded,odom,50.544,0.0000
amr1,loaded,odom,50.565,0.0000
amr1,loaded,odom,50.586,0.0000
amr1,loaded,odom,50.605,0.0000
amr1,loaded,odom,50.624,0.0000
amr1,loaded,odom,50.645,0.0000
amr1,loaded,odom,50.664,0.0000
amr1,loaded,odom,50.685,0.0000
amr1,loaded,odom,50.706,0.0000
amr1,loaded,odom,50.725,0.0000
amr1,loaded,odom,50.744,0.0000
amr1,loaded,odom,50.765,0.0000
amr1,loaded,odom,50.786,0.0000
amr1,loaded,odom,50.805,0.0000
amr1,loaded,odom,50.825,0.0000
amr1,loaded,odom,50.845,0.0000
amr1,loaded,odom,50.864,0.0000
amr1,loaded,odom,50.885,0.0000
amr1,loaded,odom,50.904,0.0000
amr1,loaded,odom,50.925,0.0000
amr1,loaded,odom,50.945,0.0000
amr1,loaded,odom,50.964,0.0000
amr1,loaded,odom,50.984,0.0000
amr1,loaded,odom,51.004,0.0000
amr1,loaded,odom,51.024,0.0000
amr1,loaded,odom,51.046,0.0000
amr1,loaded,odom,51.065,0.0000
amr1,loaded,odom,51.085,0.0000
amr2,unloaded,nav,27.102,0.5000
amr2,unloaded,nav,27.123,0.5000
amr2,unloaded,nav,27.142,0.5000
amr2,unloaded,nav,27.160,0.5000
amr2,unloaded,nav,27.180,0.5000
amr2,unloaded,nav,27.201,0.5000
amr2,unloaded,nav,27.224,0.5000
amr2,unloaded,nav,27.243,0.5000
amr2,unloaded,nav,27.260,0.5000
amr2,unloaded,nav,27.280,0.5000
amr2,unloaded,nav,27.301,0.5000
amr2,unloaded,nav,27.320,0.5000
amr2,unloaded,nav,27.341,0.5000
amr2,unloaded,nav,27.360,0.5000
amr2,unloaded,nav,27.380,0.5000
amr2,unloaded,nav,27.401,0.5000
amr2,unloaded,nav,27.422,0.5000
amr2,unloaded,nav,27.440,0.5000
amr2,unloaded,nav,27.461,0.5000
amr2,unloaded,nav,27.481,0.5000
amr2,unloaded,nav,27.501,0.5000
amr2,unloaded,nav,27.521,0.5000
amr2,unloaded,nav,27.541,0.5000
amr2,unloaded,nav,27.561,0.5000
amr2,unloaded,nav,27.581,0.5000
amr2,unloaded,nav,27.600,0.5000
amr2,unloaded,nav,27.623,0.5000
amr2,unloaded,nav,27.641,0.5000
amr2,unloaded,nav,27.661,0.5000
amr2,unloaded,nav,27.680,0.5000
amr2,unloaded,nav,27.700,0.5000
amr2,unloaded,nav,27.720,0.5000
amr2,unloaded,nav,27.742,0.5000
amr2,unloaded,nav,27.760,0.5000
amr2,unloaded,nav,27.780,0.5000
amr2,unloaded,nav,27.800,0.5000
amr2,unloaded,nav,27.821,0.5000
amr2,unloaded,nav,27.841,0.5000
amr2,unloaded,nav,27.860,0.5000
amr2,unloaded,nav,27.881,0.5000
amr2,unloaded,nav,27.900,0.5000
amr2,unloaded,nav,27.921,0.5000
amr2,unloaded,nav,27.941,0.5000
amr2,unloaded,nav,27.960,0.5000
amr2,unloaded,nav,27.983,0.5000
amr2,unloaded,nav,28.000,0.5000
amr2,unloaded,nav,28.021,0.5000
amr2,unloaded,nav,28.042,0.5000
amr2,unloaded,nav,28.061,0.5000
amr2,unloaded,nav,28.081,0.5000
amr2,unloaded,nav,28.103,0.5000
amr2,unloaded,nav,28.121,0.5000
amr2,unloaded,nav,28.140,0.5000
amr2,unloaded,nav,28.161,0.5000
amr2,unloaded,nav,28.180,0.5000
amr2,unloaded,nav,28.200,0.5000
amr2,unloaded,nav,28.221,0.5000
amr2,unloaded,nav,28.242,0.5000
amr2,unloaded,nav,28.261,0.5000
amr2,unloaded,nav,28.280,0.5000
amr2,unloaded,nav,28.300,0.5000
amr2,unloaded,nav,28.320,0.5000
amr2,unloaded,nav,28.340,0.5000
amr2,unloaded,nav,28.361,0.5000
amr2,unloaded,nav,28.380,0.5000
amr2,unloaded,nav,28.401,0.5000
amr2,unloaded,nav,28.420,0.5000
amr2,unloaded,nav,28.441,0.5000
amr2,unloaded,nav,28.463,0.5000
amr2,unloaded,nav,28.480,0.5000
amr2,unloaded,nav,28.500,0.5000
amr2,unloaded,nav,28.520,0.5000
amr2,unloaded,nav,28.543,0.5000
amr2,unloaded,nav,28.562,0.5000
amr2,unloaded,nav,28.581,0.5000
amr2,unloaded,nav,28.601,0.5000
amr2,unloaded,nav,28.620,0.5000
amr2,unloaded,nav,28.640,0.5000
amr2,unloaded,nav,28.662,0.5000
amr2,unloaded,nav,28.680,0.5000
amr2,unloaded,nav,28.701,0.5000
amr2,unloaded,nav,28.721,0.5000
amr2,unloaded,nav,28.741,0.5000
amr2,unloaded,nav,28.760,0.5000
amr2,unloaded,nav,28.781,0.5000
amr2,unloaded,nav,28.800,0.5000
amr2,unloaded,nav,28.821,0.5000
amr2,unloaded,nav,28.846,0.5000
amr2,unloaded,nav,28.861,0.5000
amr2,unloaded,nav,28.881,0.5000
amr2,unloaded,nav,28.900,0.5000
amr2,unloaded,nav,28.921,0.5000
amr2,unloaded,nav,28.940,0.5000
amr2,unloaded,nav,28.960,0.5000
amr2,unloaded,nav,28.981,0.5000
amr2,unloaded,nav,29.000,0.5000
amr2,unloaded,nav,29.024,0.5000
amr2,unloaded,nav,29.041,0.5000
amr2,unloaded,nav,29.060,0.5000
amr2,unloaded,nav,29.080,0.5000
amr2,unloaded,nav,29.101,0.5000
amr2,unloaded,nav,29.121,0.5000
amr2,unloaded,nav,29.140,0.5000
amr2,unloaded,nav,29.162,0.5000
amr2,unloaded,nav,29.180,0.5000
amr2,unloaded,nav,29.201,0.5000
amr2,unloaded,nav,29.221,0.5000
amr2,unloaded,nav,29.240,0.5000
amr2,unloaded,nav,29.261,0.5000
amr2,unloaded,nav,29.281,0.5000
amr2,unloaded,nav,29.300,0.5000
amr2,unloaded,nav,29.321,0.5000
amr2,unloaded,nav,29.340,0.5000
amr2,unloaded,nav,29.361,0.5000
amr2,unloaded,nav,29.381,0.5000
amr2,unloaded,nav,29.401,0.5000
amr2,unloaded,nav,29.421,0.5000
amr2,unloaded,nav,29.441,0.5000
amr2,unloaded,nav,29.461,0.5000
amr2,unloaded,nav,29.481,0.5000
amr2,unloaded,nav,29.501,0.5000
amr2,unloaded,nav,29.523,0.5000
amr2,unloaded,nav,29.542,0.5000
amr2,unloaded,nav,29.561,0.5000
amr2,unloaded,nav,29.582,0.5000
amr2,unloaded,nav,29.601,0.5000
amr2,unloaded,nav,29.620,0.5000
amr2,unloaded,nav,29.644,0.5000
amr2,unloaded,nav,29.661,0.5000
amr2,unloaded,nav,29.681,0.5000
amr2,unloaded,nav,29.700,0.5000
amr2,unloaded,nav,29.721,0.5000
amr2,unloaded,nav,29.740,0.5000
amr2,unloaded,nav,29.760,0.5000
amr2,unloaded,nav,29.780,0.5000
amr2,unloaded,nav,29.800,0.5000
amr2,unloaded,nav,29.822,0.5000
amr2,unloaded,nav,29.840,0.5000
amr2,unloaded,nav,29.861,0.5000
amr2,unloaded,nav,29.881,0.5000
amr2,unloaded,nav,29.900,0.5000
amr2,unloaded,nav,29.921,0.5000
amr2,unloaded,nav,29.940,0.5000
amr2,unloaded,nav,29.960,0.5000
amr2,unloaded,nav,29.980,0.5000
amr2,unloaded,nav,30.000,0.5000
amr2,unloaded,nav,30.022,0.5000
amr2,unloaded,nav,30.040,0.5000
amr2,unloaded,nav,30.061,0.5000
amr2,unloaded,nav,30.080,0.5000
amr2,unloaded,nav,30.100,0.5000
amr2,unloaded,nav,30.120,0.5000
amr2,unloaded,nav,30.140,0.5000
amr2,unloaded,nav,30.161,0.5000
amr2,unloaded,nav,30.181,0.5000
amr2,unloaded,nav,30.200,0.5000
amr2,unloaded,nav,30.221,0.5000
amr2,unloaded,nav,30.240,0.5000
amr2,unloaded,nav,30.261,0.5000
amr2,unloaded,nav,30.281,0.5000
amr2,unloaded,nav,30.300,0.5000
amr2,unloaded,nav,30.320,0.5000
amr2,unloaded,nav,30.342,0.5000
amr2,unloaded,nav,30.360,0.5000
amr2,unloaded,nav,30.380,0.5000
amr2,unloaded,nav,30.400,0.5000
amr2,unloaded,nav,30.420,0.5000
amr2,unloaded,nav,30.441,0.5000
amr2,unloaded,nav,30.461,0.5000
amr2,unloaded,nav,30.482,0.5000
amr2,unloaded,nav,30.500,0.5000
amr2,unloaded,nav,30.521,0.5000
amr2,unloaded,nav,30.540,0.5000
amr2,unloaded,nav,30.562,0.5000
amr2,unloaded,nav,30.581,0.5000
amr2,unloaded,nav,30.600,0.5000
amr2,unloaded,nav,30.620,0.5000
amr2,unloaded,nav,30.641,0.5000
amr2,unloaded,nav,30.661,0.5000
amr2,unloaded,nav,30.681,0.5000
amr2,unloaded,nav,30.701,0.5000
amr2,unloaded,nav,30.721,0.5000
amr2,unloaded,nav,30.741,0.5000
amr2,unloaded,nav,30.762,0.5000
amr2,unloaded,nav,30.782,0.5000
amr2,unloaded,nav,30.800,0.5000
amr2,unloaded,nav,30.820,0.5000
amr2,unloaded,nav,30.841,0.5000
amr2,unloaded,nav,30.861,0.5000
amr2,unloaded,nav,30.881,0.5000
amr2,unloaded,nav,30.901,0.5000
amr2,unloaded,nav,30.921,0.5000
amr2,unloaded,nav,30.940,0.5000
amr2,unloaded,nav,30.960,0.5000
amr2,unloaded,nav,30.984,0.5000
amr2,unloaded,nav,31.002,0.5000
amr2,unloaded,nav,31.020,0.5000
amr2,unloaded,nav,31.040,0.5000
amr2,unloaded,nav,31.061,0.5000
amr2,unloaded,nav,31.081,0.5000
amr2,unloaded,nav,31.100,0.5000
amr2,unloaded,nav,31.120,0.5000
amr2,unloaded,nav,31.140,0.5000
amr2,unloaded,nav,31.161,0.5000
amr2,unloaded,nav,31.181,0.5000
amr2,unloaded,nav,31.200,0.5000
amr2,unloaded,nav,31.222,0.5000
amr2,unloaded,nav,31.241,0.5000
amr2,unloaded,nav,31.261,0.5000
amr2,unloaded,nav,31.281,0.5000
amr2,unloaded,nav,31.301,0.5000
amr2,unloaded,nav,31.320,0.5000
amr2,unloaded,nav,31.341,0.5000
amr2,unloaded,nav,31.360,0.5000
amr2,unloaded,nav,31.381,0.5000
amr2,unloaded,nav,31.401,0.5000
amr2,unloaded,nav,31.420,0.5000
amr2,unloaded,nav,31.441,0.5000
amr2,unloaded,nav,31.461,0.5000
amr2,unloaded,nav,31.481,0.5000
amr2,unloaded,nav,31.500,0.5000
amr2,unloaded,nav,31.520,0.5000
amr2,unloaded,nav,31.541,0.5000
amr2,unloaded,nav,31.560,0.5000
amr2,unloaded,nav,31.581,0.5000
amr2,unloaded,nav,31.600,0.5000
amr2,unloaded,nav,31.620,0.5000
amr2,unloaded,nav,31.640,0.5000
amr2,unloaded,nav,31.662,0.5000
amr2,unloaded,nav,31.680,0.5000
amr2,unloaded,nav,31.700,0.5000
amr2,unloaded,nav,31.721,0.5000
amr2,unloaded,nav,31.741,0.5000
amr2,unloaded,nav,31.762,0.5000
amr2,unloaded,nav,31.780,0.5000
amr2,unloaded,nav,31.800,0.5000
amr2,unloaded,nav,31.820,0.5000
amr2,unloaded,nav,31.840,0.5000
amr2,unloaded,nav,31.861,0.5000
amr2,unloaded,nav,31.880,0.5000
amr2,unloaded,nav,31.900,0.5000
amr2,unloaded,nav,31.921,0.5000
amr2,unloaded,nav,31.941,0.5000
amr2,unloaded,nav,31.961,0.5000
amr2,unloaded,nav,31.981,0.5000
amr2,unloaded,nav,32.000,0.5000
amr2,unloaded,nav,32.020,0.5000
amr2,unloaded,nav,32.041,0.5000
amr2,unloaded,nav,32.061,0.5000
amr2,unloaded,nav,32.080,0.5000
amr2,unloaded,nav,32.101,0.5000
amr2,unloaded,nav,32.121,0.5000
amr2,unloaded,nav,32.141,0.5000
amr2,unloaded,nav,32.161,0.5000
amr2,unloaded,nav,32.180,0.5000
amr2,unloaded,nav,32.200,0.5000
amr2,unloaded,nav,32.221,0.5000
amr2,unloaded,nav,32.242,0.5000
amr2,unloaded,nav,32.261,0.5000
amr2,unloaded,nav,32.280,0.5000
amr2,unloaded,nav,32.300,0.5000
amr2,unloaded,nav,32.321,0.5000
amr2,unloaded,nav,32.342,0.5000
amr2,unloaded,nav,32.360,0.5000
amr2,unloaded,nav,32.381,0.5000
amr2,unloaded,nav,32.400,0.5000
amr2,unloaded,nav,32.421,0.5000
amr2,unloaded,nav,32.441,0.5000
amr2,unloaded,nav,32.460,0.5000
amr2,unloaded,nav,32.480,0.5000
amr2,unloaded,nav,32.500,0.5000
amr2,unloaded,nav,32.521,0.5000
amr2,unloaded,nav,32.541,0.5000
amr2,unloaded,nav,32.562,0.5000
amr2,unloaded,nav,32.581,0.5000
amr2,unloaded,nav,32.602,0.5000
amr2,unloaded,nav,32.621,0.5000
amr2,unloaded,nav,32.641,0.5000
amr2,unloaded,nav,32.661,0.5000
amr2,unloaded,nav,32.680,0.5000
amr2,unloaded,nav,32.700,0.5000
amr2,unloaded,nav,32.720,0.5000
amr2,unloaded,nav,32.741,0.5000
amr2,unloaded,nav,32.763,0.5000
amr2,unloaded,nav,32.781,0.5000
amr2,unloaded,nav,32.800,0.5000
amr2,unloaded,nav,32.822,0.5000
amr2,unloaded,nav,32.841,0.5000
amr2,unloaded,nav,32.861,0.5000
amr2,unloaded,nav,32.881,0.5000
amr2,unloaded,nav,32.900,0.5000
amr2,unloaded,nav,32.920,0.5000
amr2,unloaded,nav,32.940,0.5000
amr2,unloaded,nav,32.960,0.5000
amr2,unloaded,nav,32.981,0.5000
amr2,unloaded,nav,33.000,0.5000
amr2,unloaded,nav,33.020,0.5000
amr2,unloaded,nav,33.040,0.5000
amr2,unloaded,nav,33.061,0.5000
amr2,unloaded,nav,33.080,0.5000
amr2,unloaded,nav,33.100,0.5000
amr2,unloaded,nav,33.121,0.5000
amr2,unloaded,nav,33.140,0.5000
amr2,unloaded,nav,33.161,0.5000
amr2,unloaded,nav,33.180,0.5000
amr2,unloaded,nav,33.201,0.5000
amr2,unloaded,nav,33.221,0.5000
amr2,unloaded,nav,33.241,0.5000
amr2,unloaded,nav,33.261,0.5000
amr2,unloaded,nav,33.281,0.5000
amr2,unloaded,nav,33.300,0.5000
amr2,unloaded,nav,33.320,0.5000
amr2,unloaded,nav,33.340,0.5000
amr2,unloaded,nav,33.360,0.5000
amr2,unloaded,nav,33.380,0.5000
amr2,unloaded,nav,33.402,0.5000
amr2,unloaded,nav,33.421,0.5000
amr2,unloaded,nav,33.441,0.5000
amr2,unloaded,nav,33.460,0.5000
amr2,unloaded,nav,33.480,0.5000
amr2,unloaded,nav,33.500,0.5000
amr2,unloaded,nav,33.521,0.5000
amr2,unloaded,nav,33.541,0.5000
amr2,unloaded,nav,33.563,0.5000
amr2,unloaded,nav,33.582,0.5000
amr2,unloaded,nav,33.600,0.5000
amr2,unloaded,nav,33.620,0.5000
amr2,unloaded,nav,33.641,0.5000
amr2,unloaded,nav,33.660,0.5000
amr2,unloaded,nav,33.681,0.5000
amr2,unloaded,nav,33.702,0.5000
amr2,unloaded,nav,33.720,0.5000
amr2,unloaded,nav,33.741,0.5000
amr2,unloaded,nav,33.760,0.5000
amr2,unloaded,nav,33.781,0.5000
amr2,unloaded,nav,33.800,0.5000
amr2,unloaded,nav,33.822,0.5000
amr2,unloaded,nav,33.841,0.5000
amr2,unloaded,nav,33.860,0.5000
amr2,unloaded,nav,33.880,0.5000
amr2,unloaded,nav,33.901,0.5000
amr2,unloaded,nav,33.920,0.5000
amr2,unloaded,nav,33.941,0.5000
amr2,unloaded,nav,33.962,0.5000
amr2,unloaded,nav,33.981,0.5000
amr2,unloaded,nav,34.000,0.5000
amr2,unloaded,nav,34.020,0.5000
amr2,unloaded,nav,34.041,0.5000
amr2,unloaded,nav,34.061,0.5000
amr2,unloaded,nav,34.081,0.5000
amr2,unloaded,nav,34.101,0.0000
amr2,unloaded,nav,34.121,0.0000
amr2,unloaded,nav,34.142,0.0000
amr2,unloaded,nav,34.161,0.0000
amr2,unloaded,nav,34.180,0.0000
amr2,unloaded,nav,34.201,0.0000
amr2,unloaded,nav,34.222,0.0000
amr2,unloaded,nav,34.240,0.0000
amr2,unloaded,nav,34.260,0.0000
amr2,unloaded,nav,34.282,0.0000
amr2,unloaded,nav,34.300,0.0000
amr2,unloaded,nav,34.320,0.0000
amr2,unloaded,nav,34.340,0.0000
amr2,unloaded,nav,34.361,0.0000
amr2,unloaded,nav,34.381,0.0000
amr2,unloaded,nav,34.404,0.0000
amr2,unloaded,nav,34.421,0.0000
amr2,unloaded,nav,34.440,0.0000
amr2,unloaded,nav,34.460,0.0000
amr2,unloaded,nav,34.480,0.0000
amr2,unloaded,nav,34.502,0.0000
amr2,unloaded,nav,34.520,0.0000
amr2,unloaded,nav,34.540,0.0000
amr2,unloaded,nav,34.561,0.0000
amr2,unloaded,nav,34.580,0.0000
amr2,unloaded,nav,34.601,0.0000
amr2,unloaded,nav,34.620,0.0000
amr2,unloaded,nav,34.640,0.0000
amr2,unloaded,nav,34.662,0.0000
amr2,unloaded,nav,34.680,0.0000
amr2,unloaded,nav,34.701,0.0000
amr2,unloaded,nav,34.720,0.0000
amr2,unloaded,nav,34.741,0.0000
amr2,unloaded,nav,34.761,0.0000
amr2,unloaded,nav,34.781,0.0000
amr2,unloaded,nav,34.800,0.0000
amr2,unloaded,nav,34.821,0.0000
amr2,unloaded,nav,34.841,0.0000
amr2,unloaded,nav,34.861,0.0000
amr2,unloaded,nav,34.881,0.0000
amr2,unloaded,nav,34.901,0.0000
amr2,unloaded,nav,34.920,0.0000
amr2,unloaded,nav,34.941,0.0000
amr2,unloaded,nav,34.960,0.0000
amr2,unloaded,nav,34.985,0.0000
amr2,unloaded,nav,35.000,0.0000
amr2,unloaded,nav,35.020,0.0000
amr2,unloaded,nav,35.040,0.0000
amr2,unloaded,nav,35.060,0.0000
amr2,unloaded,nav,35.081,0.0000
amr2,unloaded,nav,35.104,0.0000
amr2,unloaded,nav,35.129,0.0000
amr2,unloaded,nav,35.142,0.0000
amr2,unloaded,nav,35.160,0.0000
amr2,unloaded,nav,35.181,0.0000
amr2,unloaded,nav,35.200,0.0000
amr2,unloaded,nav,35.221,0.0000
amr2,unloaded,nav,35.242,0.0000
amr2,unloaded,nav,35.261,0.0000
amr2,unloaded,nav,35.283,0.0000
amr2,unloaded,nav,35.300,0.0000
amr2,unloaded,nav,35.322,0.0000
amr2,unloaded,nav,35.340,0.0000
amr2,unloaded,nav,35.360,0.0000
amr2,unloaded,nav,35.380,0.0000
amr2,unloaded,nav,35.400,0.0000
amr2,unloaded,nav,35.420,0.0000
amr2,unloaded,nav,35.441,0.0000
amr2,unloaded,nav,35.463,0.0000
amr2,unloaded,nav,35.480,0.0000
amr2,unloaded,nav,35.501,0.0000
amr2,unloaded,nav,35.520,0.0000
amr2,unloaded,nav,35.547,0.0000
amr2,unloaded,nav,35.564,0.0000
amr2,unloaded,nav,35.581,0.0000
amr2,unloaded,nav,35.601,0.0000
amr2,unloaded,nav,35.629,0.0000
amr2,unloaded,nav,35.641,0.0000
amr2,unloaded,nav,35.662,0.0000
amr2,unloaded,nav,35.680,0.0000
amr2,unloaded,nav,35.701,0.0000
amr2,unloaded,nav,35.721,0.0000
amr2,unloaded,nav,35.741,0.0000
amr2,unloaded,nav,35.761,0.0000
amr2,unloaded,nav,35.780,0.0000
amr2,unloaded,nav,35.802,0.0000
amr2,unloaded,nav,35.820,0.0000
amr2,unloaded,nav,35.840,0.0000
amr2,unloaded,nav,35.861,0.0000
amr2,unloaded,nav,35.880,0.0000
amr2,unloaded,nav,35.902,0.0000
amr2,unloaded,nav,35.921,0.0000
amr2,unloaded,nav,35.940,0.0000
amr2,unloaded,nav,35.962,0.0000
amr2,unloaded,nav,35.981,0.0000
amr2,unloaded,nav,36.001,0.0000
amr2,unloaded,nav,36.020,0.0000
amr2,unloaded,nav,36.040,0.0000
amr2,unloaded,nav,36.061,0.0000
amr2,unloaded,nav,36.080,0.0000
amr2,unloaded,nav,36.100,0.0000
amr2,unloaded,nav,36.121,0.0000
amr2,unloaded,nav,36.140,0.0000
amr2,unloaded,nav,36.161,0.0000
amr2,unloaded,nav,36.180,0.0000
amr2,unloaded,nav,36.202,0.0000
amr2,unloaded,nav,36.220,0.0000
amr2,unloaded,nav,36.240,0.0000
amr2,unloaded,nav,36.261,0.0000
amr2,unloaded,nav,36.281,0.0000
amr2,unloaded,nav,36.300,0.0000
amr2,unloaded,nav,36.321,0.0000
amr2,unloaded,nav,36.341,0.0000
amr2,unloaded,nav,36.361,0.0000
amr2,unloaded,nav,36.381,0.0000
amr2,unloaded,nav,36.400,0.0000
amr2,unloaded,nav,36.421,0.0000
amr2,unloaded,nav,36.441,0.0000
amr2,unloaded,nav,36.461,0.0000
amr2,unloaded,nav,36.481,0.0000
amr2,unloaded,nav,36.502,0.0000
amr2,unloaded,nav,36.521,0.0000
amr2,unloaded,nav,36.540,0.0000
amr2,unloaded,nav,36.562,0.0000
amr2,unloaded,nav,36.580,0.0000
amr2,unloaded,nav,36.601,0.0000
amr2,unloaded,nav,36.620,0.0000
amr2,unloaded,nav,36.641,0.0000
amr2,unloaded,nav,36.663,0.0000
amr2,unloaded,nav,36.681,0.0000
amr2,unloaded,nav,36.700,0.0000
amr2,unloaded,nav,36.721,0.0000
amr2,unloaded,nav,36.741,0.0000
amr2,unloaded,nav,36.761,0.0000
amr2,unloaded,nav,36.781,0.0000
amr2,unloaded,nav,36.801,0.0000
amr2,unloaded,nav,36.822,0.0000
amr2,unloaded,nav,36.841,0.0000
amr2,unloaded,nav,36.860,0.0000
amr2,unloaded,nav,36.883,0.0000
amr2,unloaded,nav,36.901,0.0000
amr2,unloaded,nav,36.920,0.0000
amr2,unloaded,nav,36.940,0.0000
amr2,unloaded,nav,36.961,0.0000
amr2,unloaded,nav,36.980,0.0000
amr2,unloaded,nav,37.000,0.0000
amr2,unloaded,nav,37.020,0.0000
amr2,unloaded,nav,37.042,0.0000
amr2,unloaded,nav,37.060,0.0000
amr2,unloaded,nav,37.080,0.0000
amr2,unloaded,nav,37.101,0.0000
amr2,unloaded,nav,37.120,0.0000
amr2,unloaded,nav,37.141,0.0000
amr2,unloaded,nav,37.162,0.0000
amr2,unloaded,nav,37.183,0.0000
amr2,unloaded,nav,37.201,0.0000
amr2,unloaded,nav,37.220,0.0000
amr2,unloaded,nav,37.242,0.0000
amr2,unloaded,nav,37.262,0.0000
amr2,unloaded,nav,37.285,0.0000
amr2,unloaded,nav,37.300,0.0000
amr2,unloaded,nav,37.325,0.0000
amr2,unloaded,nav,37.347,0.0000
amr2,unloaded,nav,37.360,0.0000
amr2,unloaded,nav,37.380,0.0000
amr2,unloaded,nav,37.400,0.0000
amr2,unloaded,nav,37.420,0.0000
amr2,unloaded,nav,37.440,0.0000
amr2,unloaded,nav,37.460,0.0000
amr2,unloaded,nav,37.481,0.0000
amr2,unloaded,nav,37.500,0.0000
amr2,unloaded,nav,37.522,0.0000
amr2,unloaded,nav,37.541,0.0000
amr2,unloaded,nav,37.561,0.0000
amr2,unloaded,nav,37.580,0.0000
amr2,unloaded,nav,37.600,0.0000
amr2,unloaded,nav,37.620,0.0000
amr2,unloaded,nav,37.640,0.0000
amr2,unloaded,nav,37.663,0.0000
amr2,unloaded,nav,37.680,0.0000
amr2,unloaded,nav,37.700,0.0000
amr2,unloaded,nav,37.720,0.0000
amr2,unloaded,nav,37.740,0.0000
amr2,unloaded,nav,37.763,0.0000
amr2,unloaded,nav,37.781,0.0000
amr2,unloaded,nav,37.802,0.0000
amr2,unloaded,nav,37.822,0.0000
amr2,unloaded,nav,37.842,0.0000
amr2,unloaded,nav,37.869,0.0000
amr2,unloaded,nav,37.882,0.0000
amr2,unloaded,nav,37.900,0.0000
amr2,unloaded,nav,37.921,0.0000
amr2,unloaded,nav,37.940,0.0000
amr2,unloaded,nav,37.961,0.0000
amr2,unloaded,nav,37.982,0.0000
amr2,unloaded,nav,38.001,0.0000
amr2,unloaded,nav,38.021,0.0000
amr2,unloaded,nav,38.043,0.0000
amr2,unloaded,nav,38.061,0.0000
amr2,unloaded,nav,38.080,0.0000
amr2,unloaded,nav,38.100,0.0000
amr2,unloaded,nav,38.121,0.0000
amr2,unloaded,nav,38.140,0.0000
amr2,unloaded,nav,38.162,0.0000
amr2,unloaded,nav,38.181,0.0000
amr2,unloaded,nav,38.200,0.0000
amr2,unloaded,nav,38.222,0.0000
amr2,unloaded,nav,38.240,0.0000
amr2,unloaded,nav,38.262,0.0000
amr2,unloaded,nav,38.281,0.0000
amr2,unloaded,nav,38.300,0.0000
amr2,unloaded,nav,38.321,0.0000
amr2,unloaded,nav,38.340,0.0000
amr2,unloaded,nav,38.360,0.0000
amr2,unloaded,nav,38.382,0.0000
amr2,unloaded,nav,38.403,0.0000
amr2,unloaded,nav,38.420,0.0000
amr2,unloaded,nav,38.441,0.0000
amr2,unloaded,nav,38.461,0.0000
amr2,unloaded,nav,38.481,0.0000
amr2,unloaded,nav,38.502,0.0000
amr2,unloaded,nav,38.521,0.0000
amr2,unloaded,nav,38.541,0.0000
amr2,unloaded,nav,38.561,0.0000
amr2,unloaded,nav,38.581,0.0000
amr2,unloaded,nav,38.600,0.0000
amr2,unloaded,nav,38.622,0.0000
amr2,unloaded,nav,38.641,0.0000
amr2,unloaded,nav,38.661,0.0000
amr2,unloaded,nav,38.682,0.0000
amr2,unloaded,nav,38.700,0.0000
amr2,unloaded,nav,38.721,0.0000
amr2,unloaded,nav,38.741,0.0000
amr2,unloaded,nav,38.763,0.0000
amr2,unloaded,nav,38.782,0.0000
amr2,unloaded,nav,38.805,0.0000
amr2,unloaded,nav,38.820,0.0000
amr2,unloaded,nav,38.842,0.0000
amr2,unloaded,nav,38.861,0.0000
amr2,unloaded,nav,38.880,0.0000
amr2,unloaded,nav,38.901,0.0000
amr2,unloaded,nav,38.921,0.0000
amr2,unloaded,nav,38.941,0.0000
amr2,unloaded,nav,38.960,0.0000
amr2,unloaded,nav,38.980,0.0000
amr2,unloaded,nav,39.001,0.0000
amr2,unloaded,nav,39.020,0.0000
amr2,unloaded,nav,39.041,0.0000
amr2,unloaded,nav,39.061,0.0000
amr2,unloaded,nav,39.081,0.0000
amr2,unloaded,nav,39.100,0.0000
amr2,unloaded,smoothed,27.107,0.0500
amr2,unloaded,smoothed,27.137,0.1000
amr2,unloaded,smoothed,27.162,0.1500
amr2,unloaded,smoothed,27.193,0.2000
amr2,unloaded,smoothed,27.231,0.2500
amr2,unloaded,smoothed,27.261,0.3000
amr2,unloaded,smoothed,27.290,0.3500
amr2,unloaded,smoothed,27.318,0.4000
amr2,unloaded,smoothed,27.344,0.4500
amr2,unloaded,smoothed,27.372,0.5000
amr2,unloaded,smoothed,27.400,0.5000
amr2,unloaded,smoothed,27.427,0.5000
amr2,unloaded,smoothed,27.456,0.5000
amr2,unloaded,smoothed,27.485,0.5000
amr2,unloaded,smoothed,27.514,0.5000
amr2,unloaded,smoothed,27.541,0.5000
amr2,unloaded,smoothed,27.567,0.5000
amr2,unloaded,smoothed,27.591,0.5000
amr2,unloaded,smoothed,27.615,0.5000
amr2,unloaded,smoothed,27.648,0.5000
amr2,unloaded,smoothed,27.678,0.5000
amr2,unloaded,smoothed,27.703,0.5000
amr2,unloaded,smoothed,27.728,0.5000
amr2,unloaded,smoothed,27.756,0.5000
amr2,unloaded,smoothed,27.783,0.5000
amr2,unloaded,smoothed,27.804,0.5000
amr2,unloaded,smoothed,27.828,0.5000
amr2,unloaded,smoothed,27.852,0.5000
amr2,unloaded,smoothed,27.881,0.5000
amr2,unloaded,smoothed,27.908,0.5000
amr2,unloaded,smoothed,27.932,0.5000
amr2,unloaded,smoothed,27.956,0.5000
amr2,unloaded,smoothed,27.984,0.5000
amr2,unloaded,smoothed,28.012,0.5000
amr2,unloaded,smoothed,28.041,0.5000
amr2,unloaded,smoothed,28.066,0.5000
amr2,unloaded,smoothed,28.098,0.5000
amr2,unloaded,smoothed,28.125,0.5000
amr2,unloaded,smoothed,28.152,0.5000
amr2,unloaded,smoothed,28.181,0.5000
amr2,unloaded,smoothed,28.211,0.5000
amr2,unloaded,smoothed,28.240,0.5000
amr2,unloaded,smoothed,28.268,0.5000
amr2,unloaded,smoothed,28.293,0.5000
amr2,unloaded,smoothed,28.320,0.5000
amr2,unloaded,smoothed,28.346,0.5000
amr2,unloaded,smoothed,28.375,0.5000
amr2,unloaded,smoothed,28.399,0.5000
amr2,unloaded,smoothed,28.421,0.5000
amr2,unloaded,smoothed,28.445,0.5000
amr2,unloaded,smoothed,28.475,0.5000
amr2,unloaded,smoothed,28.505,0.5000
amr2,unloaded,smoothed,28.532,0.5000
amr2,unloaded,smoothed,28.557,0.5000
amr2,unloaded,smoothed,28.587,0.5000
amr2,unloaded,smoothed,28.614,0.5000
amr2,unloaded,smoothed,28.641,0.5000
amr2,unloaded,smoothed,28.668,0.5000
amr2,unloaded,smoothed,28.697,0.5000
amr2,unloaded,smoothed,28.725,0.5000
amr2,unloaded,smoothed,28.753,0.5000
amr2,unloaded,smoothed,28.780,0.5000
amr2,unloaded,smoothed,28.806,0.5000
amr2,unloaded,smoothed,28.840,0.5000
amr2,unloaded,smoothed,28.870,0.5000
amr2,unloaded,smoothed,28.896,0.5000
amr2,unloaded,smoothed,28.922,0.5000
amr2,unloaded,smoothed,28.951,0.5000
amr2,unloaded,smoothed,28.980,0.5000
amr2,unloaded,smoothed,29.011,0.5000
amr2,unloaded,smoothed,29.040,0.5000
amr2,unloaded,smoothed,29.066,0.5000
amr2,unloaded,smoothed,29.096,0.5000
amr2,unloaded,smoothed,29.128,0.5000
amr2,unloaded,smoothed,29.156,0.5000
amr2,unloaded,smoothed,29.185,0.5000
amr2,unloaded,smoothed,29.213,0.5000
amr2,unloaded,smoothed,29.244,0.5000
amr2,unloaded,smoothed,29.276,0.5000
amr2,unloaded,smoothed,29.309,0.5000
amr2,unloaded,smoothed,29.336,0.5000
amr2,unloaded,smoothed,29.368,0.5000
amr2,unloaded,smoothed,29.394,0.5000
amr2,unloaded,smoothed,29.423,0.5000
amr2,unloaded,smoothed,29.449,0.5000
amr2,unloaded,smoothed,29.477,0.5000
amr2,unloaded,smoothed,29.504,0.5000
amr2,unloaded,smoothed,29.536,0.5000
amr2,unloaded,smoothed,29.568,0.5000
amr2,unloaded,smoothed,29.596,0.5000
amr2,unloaded,smoothed,29.620,0.5000
amr2,unloaded,smoothed,29.649,0.5000
amr2,unloaded,smoothed,29.680,0.5000
amr2,unloaded,smoothed,29.706,0.5000
amr2,unloaded,smoothed,29.736,0.5000
amr2,unloaded,smoothed,29.764,0.5000
amr2,unloaded,smoothed,29.794,0.5000
amr2,unloaded,smoothed,29.818,0.5000
amr2,unloaded,smoothed,29.847,0.5000
amr2,unloaded,smoothed,29.881,0.5000
amr2,unloaded,smoothed,29.909,0.5000
amr2,unloaded,smoothed,29.938,0.5000
amr2,unloaded,smoothed,29.962,0.5000
amr2,unloaded,smoothed,29.989,0.5000
amr2,unloaded,smoothed,30.016,0.5000
amr2,unloaded,smoothed,30.040,0.5000
amr2,unloaded,smoothed,30.070,0.5000
amr2,unloaded,smoothed,30.097,0.5000
amr2,unloaded,smoothed,30.125,0.5000
amr2,unloaded,smoothed,30.151,0.5000
amr2,unloaded,smoothed,30.178,0.5000
amr2,unloaded,smoothed,30.208,0.5000
amr2,unloaded,smoothed,30.236,0.5000
amr2,unloaded,smoothed,30.266,0.5000
amr2,unloaded,smoothed,30.293,0.5000
amr2,unloaded,smoothed,30.325,0.5000
amr2,unloaded,smoothed,30.354,0.5000
amr2,unloaded,smoothed,30.382,0.5000
amr2,unloaded,smoothed,30.409,0.5000
amr2,unloaded,smoothed,30.440,0.5000
amr2,unloaded,smoothed,30.469,0.5000
amr2,unloaded,smoothed,30.503,0.5000
amr2,unloaded,smoothed,30.532,0.5000
amr2,unloaded,smoothed,30.560,0.5000
amr2,unloaded,smoothed,30.586,0.5000
amr2,unloaded,smoothed,30.612,0.5000
amr2,unloaded,smoothed,30.638,0.5000
amr2,unloaded,smoothed,30.667,0.5000
amr2,unloaded,smoothed,30.690,0.5000
amr2,unloaded,smoothed,30.716,0.5000
amr2,unloaded,smoothed,30.743,0.5000
amr2,unloaded,smoothed,30.772,0.5000
amr2,unloaded,smoothed,30.801,0.5000
amr2,unloaded,smoothed,30.830,0.5000
amr2,unloaded,smoothed,30.858,0.5000
amr2,unloaded,smoothed,30.888,0.5000
amr2,unloaded,smoothed,30.912,0.5000
amr2,unloaded,smoothed,30.935,0.5000
amr2,unloaded,smoothed,30.952,0.5000
amr2,unloaded,smoothed,30.976,0.5000
amr2,unloaded,smoothed,31.006,0.5000
amr2,unloaded,smoothed,31.029,0.5000
amr2,unloaded,smoothed,31.055,0.5000
amr2,unloaded,smoothed,31.081,0.5000
amr2,unloaded,smoothed,31.105,0.5000
amr2,unloaded,smoothed,31.126,0.5000
amr2,unloaded,smoothed,31.152,0.5000
amr2,unloaded,smoothed,31.177,0.5000
amr2,unloaded,smoothed,31.205,0.5000
amr2,unloaded,smoothed,31.231,0.5000
amr2,unloaded,smoothed,31.255,0.5000
amr2,unloaded,smoothed,31.282,0.5000
amr2,unloaded,smoothed,31.315,0.5000
amr2,unloaded,smoothed,31.344,0.5000
amr2,unloaded,smoothed,31.369,0.5000
amr2,unloaded,smoothed,31.399,0.5000
amr2,unloaded,smoothed,31.427,0.5000
amr2,unloaded,smoothed,31.458,0.5000
amr2,unloaded,smoothed,31.487,0.5000
amr2,unloaded,smoothed,31.514,0.5000
amr2,unloaded,smoothed,31.540,0.5000
amr2,unloaded,smoothed,31.568,0.5000
amr2,unloaded,smoothed,31.596,0.5000
amr2,unloaded,smoothed,31.622,0.5000
amr2,unloaded,smoothed,31.648,0.5000
amr2,unloaded,smoothed,31.673,0.5000
amr2,unloaded,smoothed,31.693,0.5000
amr2,unloaded,smoothed,31.719,0.5000
amr2,unloaded,smoothed,31.743,0.5000
amr2,unloaded,smoothed,31.771,0.5000
amr2,unloaded,smoothed,31.795,0.5000
amr2,unloaded,smoothed,31.821,0.5000
amr2,unloaded,smoothed,31.843,0.5000
amr2,unloaded,smoothed,31.870,0.5000
amr2,unloaded,smoothed,31.895,0.5000
amr2,unloaded,smoothed,31.918,0.5000
amr2,unloaded,smoothed,31.945,0.5000
amr2,unloaded,smoothed,31.974,0.5000
amr2,unloaded,smoothed,32.000,0.5000
amr2,unloaded,smoothed,32.026,0.5000
amr2,unloaded,smoothed,32.053,0.5000
amr2,unloaded,smoothed,32.079,0.5000
amr2,unloaded,smoothed,32.105,0.5000
amr2,unloaded,smoothed,32.134,0.5000
amr2,unloaded,smoothed,32.161,0.5000
amr2,unloaded,smoothed,32.185,0.5000
amr2,unloaded,smoothed,32.205,0.5000
amr2,unloaded,smoothed,32.230,0.5000
amr2,unloaded,smoothed,32.260,0.5000
amr2,unloaded,smoothed,32.286,0.5000
amr2,unloaded,smoothed,32.308,0.5000
amr2,unloaded,smoothed,32.335,0.5000
amr2,unloaded,smoothed,32.366,0.5000
amr2,unloaded,smoothed,32.395,0.5000
amr2,unloaded,smoothed,32.419,0.5000
amr2,unloaded,smoothed,32.445,0.5000
amr2,unloaded,smoothed,32.475,0.5000
amr2,unloaded,smoothed,32.500,0.5000
amr2,unloaded,smoothed,32.528,0.5000
amr2,unloaded,smoothed,32.559,0.5000
amr2,unloaded,smoothed,32.588,0.5000
amr2,unloaded,smoothed,32.615,0.5000
amr2,unloaded,smoothed,32.643,0.5000
amr2,unloaded,smoothed,32.668,0.5000
amr2,unloaded,smoothed,32.697,0.5000
amr2,unloaded,smoothed,32.721,0.5000
amr2,unloaded,smoothed,32.746,0.5000
amr2,unloaded,smoothed,32.773,0.5000
amr2,unloaded,smoothed,32.801,0.5000
amr2,unloaded,smoothed,32.826,0.5000
amr2,unloaded,smoothed,32.856,0.5000
amr2,unloaded,smoothed,32.882,0.5000
amr2,unloaded,smoothed,32.909,0.5000
amr2,unloaded,smoothed,32.937,0.5000
amr2,unloaded,smoothed,32.966,0.5000
amr2,unloaded,smoothed,32.989,0.5000
amr2,unloaded,smoothed,33.015,0.5000
amr2,unloaded,smoothed,33.041,0.5000
amr2,unloaded,smoothed,33.072,0.5000
amr2,unloaded,smoothed,33.102,0.5000
amr2,unloaded,smoothed,33.131,0.5000
amr2,unloaded,smoothed,33.156,0.5000
amr2,unloaded,smoothed,33.185,0.5000
amr2,unloaded,smoothed,33.214,0.5000
amr2,unloaded,smoothed,33.238,0.5000
amr2,unloaded,smoothed,33.262,0.5000
amr2,unloaded,smoothed,33.292,0.5000
amr2,unloaded,smoothed,33.321,0.5000
amr2,unloaded,smoothed,33.346,0.5000
amr2,unloaded,smoothed,33.368,0.5000
amr2,unloaded,smoothed,33.394,0.5000
amr2,unloaded,smoothed,33.421,0.5000
amr2,unloaded,smoothed,33.446,0.5000
amr2,unloaded,smoothed,33.473,0.5000
amr2,unloaded,smoothed,33.497,0.5000
amr2,unloaded,smoothed,33.525,0.5000
amr2,unloaded,smoothed,33.550,0.5000
amr2,unloaded,smoothed,33.576,0.5000
amr2,unloaded,smoothed,33.602,0.5000
amr2,unloaded,smoothed,33.627,0.5000
amr2,unloaded,smoothed,33.654,0.5000
amr2,unloaded,smoothed,33.685,0.5000
amr2,unloaded,smoothed,33.715,0.5000
amr2,unloaded,smoothed,33.748,0.5000
amr2,unloaded,smoothed,33.772,0.5000
amr2,unloaded,smoothed,33.801,0.5000
amr2,unloaded,smoothed,33.825,0.5000
amr2,unloaded,smoothed,33.858,0.5000
amr2,unloaded,smoothed,33.886,0.5000
amr2,unloaded,smoothed,33.915,0.5000
amr2,unloaded,smoothed,33.941,0.5000
amr2,unloaded,smoothed,33.973,0.5000
amr2,unloaded,smoothed,34.000,0.5000
amr2,unloaded,smoothed,34.024,0.5000
amr2,unloaded,smoothed,34.053,0.5000
amr2,unloaded,smoothed,34.083,0.5000
amr2,unloaded,smoothed,34.111,0.4300
amr2,unloaded,smoothed,34.139,0.3600
amr2,unloaded,smoothed,34.170,0.2900
amr2,unloaded,smoothed,34.200,0.2200
amr2,unloaded,smoothed,34.227,0.1500
amr2,unloaded,smoothed,34.252,0.0800
amr2,unloaded,smoothed,34.279,0.0100
amr2,unloaded,smoothed,34.303,0.0000
amr2,unloaded,smoothed,34.326,0.0000
amr2,unloaded,smoothed,34.350,0.0000
amr2,unloaded,smoothed,34.376,0.0000
amr2,unloaded,smoothed,34.410,0.0000
amr2,unloaded,smoothed,34.437,0.0000
amr2,unloaded,smoothed,34.463,0.0000
amr2,unloaded,smoothed,34.489,0.0000
amr2,unloaded,smoothed,34.517,0.0000
amr2,unloaded,smoothed,34.545,0.0000
amr2,unloaded,smoothed,34.569,0.0000
amr2,unloaded,smoothed,34.592,0.0000
amr2,unloaded,smoothed,34.616,0.0000
amr2,unloaded,smoothed,34.642,0.0000
amr2,unloaded,smoothed,34.668,0.0000
amr2,unloaded,smoothed,34.694,0.0000
amr2,unloaded,smoothed,34.720,0.0000
amr2,unloaded,smoothed,34.752,0.0000
amr2,unloaded,smoothed,34.782,0.0000
amr2,unloaded,smoothed,34.809,0.0000
amr2,unloaded,smoothed,34.836,0.0000
amr2,unloaded,smoothed,34.864,0.0000
amr2,unloaded,smoothed,34.888,0.0000
amr2,unloaded,smoothed,34.914,0.0000
amr2,unloaded,smoothed,34.938,0.0000
amr2,unloaded,smoothed,34.964,0.0000
amr2,unloaded,smoothed,34.995,0.0000
amr2,unloaded,smoothed,35.018,0.0000
amr2,unloaded,smoothed,35.045,0.0000
amr2,unloaded,smoothed,35.073,0.0000
amr2,unloaded,smoothed,35.106,0.0000
amr2,unloaded,smoothed,35.145,0.0000
amr2,unloaded,smoothed,35.171,0.0000
amr2,unloaded,smoothed,35.198,0.0000
amr2,unloaded,smoothed,35.224,0.0000
amr2,unloaded,smoothed,35.257,0.0000
amr2,unloaded,smoothed,35.285,0.0000
amr2,unloaded,smoothed,35.320,0.0000
amr2,unloaded,smoothed,35.348,0.0000
amr2,unloaded,smoothed,35.375,0.0000
amr2,unloaded,smoothed,35.404,0.0000
amr2,unloaded,smoothed,35.428,0.0000
amr2,unloaded,smoothed,35.455,0.0000
amr2,unloaded,smoothed,35.481,0.0000
amr2,unloaded,smoothed,35.506,0.0000
amr2,unloaded,smoothed,35.547,0.0000
amr2,unloaded,smoothed,35.584,0.0000
amr2,unloaded,smoothed,35.619,0.0000
amr2,unloaded,smoothed,35.647,0.0000
amr2,unloaded,smoothed,35.673,0.0000
amr2,unloaded,smoothed,35.699,0.0000
amr2,unloaded,smoothed,35.728,0.0000
amr2,unloaded,smoothed,35.755,0.0000
amr2,unloaded,smoothed,35.783,0.0000
amr2,unloaded,smoothed,35.811,0.0000
amr2,unloaded,smoothed,35.838,0.0000
amr2,unloaded,smoothed,35.865,0.0000
amr2,unloaded,smoothed,35.899,0.0000
amr2,unloaded,smoothed,35.925,0.0000
amr2,unloaded,smoothed,35.952,0.0000
amr2,unloaded,smoothed,35.983,0.0000
amr2,unloaded,smoothed,36.006,0.0000
amr2,unloaded,smoothed,36.028,0.0000
amr2,unloaded,smoothed,36.056,0.0000
amr2,unloaded,smoothed,36.083,0.0000
amr2,unloaded,smoothed,36.109,0.0000
amr2,unloaded,smoothed,36.131,0.0000
amr2,unloaded,smoothed,36.152,0.0000
amr2,unloaded,smoothed,36.178,0.0000
amr2,unloaded,smoothed,36.202,0.0000
amr2,unloaded,smoothed,36.232,0.0000
amr2,unloaded,smoothed,36.261,0.0000
amr2,unloaded,smoothed,36.285,0.0000
amr2,unloaded,smoothed,36.312,0.0000
amr2,unloaded,smoothed,36.341,0.0000
amr2,unloaded,smoothed,36.371,0.0000
amr2,unloaded,smoothed,36.399,0.0000
amr2,unloaded,smoothed,36.427,0.0000
amr2,unloaded,smoothed,36.452,0.0000
amr2,unloaded,smoothed,36.480,0.0000
amr2,unloaded,smoothed,36.514,0.0000
amr2,unloaded,smoothed,36.540,0.0000
amr2,unloaded,smoothed,36.567,0.0000
amr2,unloaded,smoothed,36.592,0.0000
amr2,unloaded,smoothed,36.618,0.0000
amr2,unloaded,smoothed,36.650,0.0000
amr2,unloaded,smoothed,36.680,0.0000
amr2,unloaded,smoothed,36.709,0.0000
amr2,unloaded,smoothed,36.736,0.0000
amr2,unloaded,smoothed,36.752,0.0000
amr2,unloaded,smoothed,36.776,0.0000
amr2,unloaded,smoothed,36.802,0.0000
amr2,unloaded,smoothed,36.832,0.0000
amr2,unloaded,smoothed,36.861,0.0000
amr2,unloaded,smoothed,36.894,0.0000
amr2,unloaded,smoothed,36.920,0.0000
amr2,unloaded,smoothed,36.944,0.0000
amr2,unloaded,smoothed,36.971,0.0000
amr2,unloaded,smoothed,36.998,0.0000
amr2,unloaded,smoothed,37.021,0.0000
amr2,unloaded,smoothed,37.050,0.0000
amr2,unloaded,smoothed,37.076,0.0000
amr2,unloaded,smoothed,37.101,0.0000
amr2,unloaded,smoothed,37.129,0.0000
amr2,unloaded,smoothed,37.158,0.0000
amr2,unloaded,smoothed,37.192,0.0000
amr2,unloaded,smoothed,37.219,0.0000
amr2,unloaded,smoothed,37.244,0.0000
amr2,unloaded,smoothed,37.265,0.0000
amr2,unloaded,smoothed,37.293,0.0000
amr2,unloaded,smoothed,37.313,0.0000
amr2,unloaded,smoothed,37.340,0.0000
amr2,unloaded,smoothed,37.372,0.0000
amr2,unloaded,smoothed,37.403,0.0000
amr2,unloaded,smoothed,37.435,0.0000
amr2,unloaded,smoothed,37.462,0.0000
amr2,unloaded,smoothed,37.495,0.0000
amr2,unloaded,smoothed,37.520,0.0000
amr2,unloaded,smoothed,37.549,0.0000
amr2,unloaded,smoothed,37.579,0.0000
amr2,unloaded,smoothed,37.606,0.0000
amr2,unloaded,smoothed,37.631,0.0000
amr2,unloaded,smoothed,37.656,0.0000
amr2,unloaded,smoothed,37.676,0.0000
amr2,unloaded,smoothed,37.701,0.0000
amr2,unloaded,smoothed,37.731,0.0000
amr2,unloaded,smoothed,37.766,0.0000
amr2,unloaded,smoothed,37.796,0.0000
amr2,unloaded,smoothed,37.825,0.0000
amr2,unloaded,smoothed,37.866,0.0000
amr2,unloaded,smoothed,37.898,0.0000
amr2,unloaded,smoothed,37.926,0.0000
amr2,unloaded,smoothed,37.953,0.0000
amr2,unloaded,smoothed,37.983,0.0000
amr2,unloaded,smoothed,38.012,0.0000
amr2,unloaded,smoothed,38.039,0.0000
amr2,unloaded,smoothed,38.070,0.0000
amr2,unloaded,smoothed,38.095,0.0000
amr2,unloaded,smoothed,38.122,0.0000
amr2,unloaded,smoothed,38.152,0.0000
amr2,unloaded,smoothed,38.179,0.0000
amr2,unloaded,smoothed,38.206,0.0000
amr2,unloaded,smoothed,38.231,0.0000
amr2,unloaded,smoothed,38.259,0.0000
amr2,unloaded,smoothed,38.289,0.0000
amr2,unloaded,smoothed,38.314,0.0000
amr2,unloaded,smoothed,38.343,0.0000
amr2,unloaded,smoothed,38.372,0.0000
amr2,unloaded,smoothed,38.400,0.0000
amr2,unloaded,smoothed,38.426,0.0000
amr2,unloaded,smoothed,38.452,0.0000
amr2,unloaded,smoothed,38.484,0.0000
amr2,unloaded,smoothed,38.522,0.0000
amr2,unloaded,smoothed,38.549,0.0000
amr2,unloaded,smoothed,38.578,0.0000
amr2,unloaded,smoothed,38.610,0.0000
amr2,unloaded,smoothed,38.638,0.0000
amr2,unloaded,smoothed,38.668,0.0000
amr2,unloaded,smoothed,38.697,0.0000
amr2,unloaded,smoothed,38.724,0.0000
amr2,unloaded,smoothed,38.756,0.0000
amr2,unloaded,smoothed,38.788,0.0000
amr2,unloaded,smoothed,38.814,0.0000
amr2,unloaded,smoothed,38.842,0.0000
amr2,unloaded,smoothed,38.871,0.0000
amr2,unloaded,smoothed,38.901,0.0000
amr2,unloaded,smoothed,38.930,0.0000
amr2,unloaded,smoothed,38.961,0.0000
amr2,unloaded,smoothed,38.987,0.0000
amr2,unloaded,smoothed,39.014,0.0000
amr2,unloaded,smoothed,39.042,0.0000
amr2,unloaded,smoothed,39.069,0.0000
amr2,unloaded,smoothed,39.097,0.0000
amr2,unloaded,shaped,27.150,0.0063
amr2,unloaded,shaped,27.201,0.0188
amr2,unloaded,shaped,27.252,0.0375
amr2,unloaded,shaped,27.300,0.0625
amr2,unloaded,shaped,27.350,0.0938
amr2,unloaded,shaped,27.401,0.1313
amr2,unloaded,shaped,27.450,0.1750
amr2,unloaded,shaped,27.501,0.2250
amr2,unloaded,shaped,27.550,0.2750
amr2,unloaded,shaped,27.600,0.3250
amr2,unloaded,shaped,27.651,0.3688
amr2,unloaded,shaped,27.700,0.4063
amr2,unloaded,shaped,27.751,0.4375
amr2,unloaded,shaped,27.801,0.4625
amr2,unloaded,shaped,27.850,0.4813
amr2,unloaded,shaped,27.902,0.4938
amr2,unloaded,shaped,27.951,0.5000
amr2,unloaded,shaped,28.003,0.5000
amr2,unloaded,shaped,28.050,0.5000
amr2,unloaded,shaped,28.103,0.5000
amr2,unloaded,shaped,28.151,0.5000
amr2,unloaded,shaped,28.200,0.5000
amr2,unloaded,shaped,28.250,0.5000
amr2,unloaded,shaped,28.300,0.5000
amr2,unloaded,shaped,28.352,0.5000
amr2,unloaded,shaped,28.401,0.5000
amr2,unloaded,shaped,28.453,0.5000
amr2,unloaded,shaped,28.500,0.5000
amr2,unloaded,shaped,28.550,0.5000
amr2,unloaded,shaped,28.600,0.5000
amr2,unloaded,shaped,28.650,0.5000
amr2,unloaded,shaped,28.700,0.5000
amr2,unloaded,shaped,28.751,0.5000
amr2,unloaded,shaped,28.800,0.5000
amr2,unloaded,shaped,28.851,0.5000
amr2,unloaded,shaped,28.900,0.5000
amr2,unloaded,shaped,28.950,0.5000
amr2,unloaded,shaped,29.000,0.5000
amr2,unloaded,shaped,29.051,0.5000
amr2,unloaded,shaped,29.101,0.5000
amr2,unloaded,shaped,29.150,0.5000
amr2,unloaded,shaped,29.201,0.5000
amr2,unloaded,shaped,29.252,0.5000
amr2,unloaded,shaped,29.300,0.5000
amr2,unloaded,shaped,29.350,0.5000
amr2,unloaded,shaped,29.401,0.5000
amr2,unloaded,shaped,29.451,0.5000
amr2,unloaded,shaped,29.501,0.5000
amr2,unloaded,shaped,29.550,0.5000
amr2,unloaded,shaped,29.600,0.5000
amr2,unloaded,shaped,29.652,0.5000
amr2,unloaded,shaped,29.700,0.5000
amr2,unloaded,shaped,29.751,0.5000
amr2,unloaded,shaped,29.800,0.5000
amr2,unloaded,shaped,29.851,0.5000
amr2,unloaded,shaped,29.900,0.5000
amr2,unloaded,shaped,29.951,0.5000
amr2,unloaded,shaped,30.000,0.5000
amr2,unloaded,shaped,30.051,0.5000
amr2,unloaded,shaped,30.100,0.5000
amr2,unloaded,shaped,30.150,0.5000
amr2,unloaded,shaped,30.200,0.5000
amr2,unloaded,shaped,30.251,0.5000
amr2,unloaded,shaped,30.300,0.5000
amr2,unloaded,shaped,30.350,0.5000
amr2,unloaded,shaped,30.400,0.5000
amr2,unloaded,shaped,30.450,0.5000
amr2,unloaded,shaped,30.500,0.5000
amr2,unloaded,shaped,30.552,0.5000
amr2,unloaded,shaped,30.602,0.5000
amr2,unloaded,shaped,30.656,0.5000
amr2,unloaded,shaped,30.701,0.5000
amr2,unloaded,shaped,30.752,0.5000
amr2,unloaded,shaped,30.800,0.5000
amr2,unloaded,shaped,30.851,0.5000
amr2,unloaded,shaped,30.901,0.5000
amr2,unloaded,shaped,30.951,0.5000
amr2,unloaded,shaped,31.000,0.5000
amr2,unloaded,shaped,31.051,0.5000
amr2,unloaded,shaped,31.100,0.5000
amr2,unloaded,shaped,31.152,0.5000
amr2,unloaded,shaped,31.200,0.5000
amr2,unloaded,shaped,31.250,0.5000
amr2,unloaded,shaped,31.300,0.5000
amr2,unloaded,shaped,31.350,0.5000
amr2,unloaded,shaped,31.401,0.5000
amr2,unloaded,shaped,31.451,0.5000
amr2,unloaded,shaped,31.500,0.5000
amr2,unloaded,shaped,31.551,0.5000
amr2,unloaded,shaped,31.600,0.5000
amr2,unloaded,shaped,31.653,0.5000
amr2,unloaded,shaped,31.700,0.5000
amr2,unloaded,shaped,31.751,0.5000
amr2,unloaded,shaped,31.803,0.5000
amr2,unloaded,shaped,31.852,0.5000
amr2,unloaded,shaped,31.900,0.5000
amr2,unloaded,shaped,31.950,0.5000
amr2,unloaded,shaped,32.000,0.5000
amr2,unloaded,shaped,32.052,0.5000
amr2,unloaded,shaped,32.101,0.5000
amr2,unloaded,shaped,32.150,0.5000
amr2,unloaded,shaped,32.200,0.5000
amr2,unloaded,shaped,32.250,0.5000
amr2,unloaded,shaped,32.304,0.5000
amr2,unloaded,shaped,32.350,0.5000
amr2,unloaded,shaped,32.401,0.5000
amr2,unloaded,shaped,32.450,0.5000
amr2,unloaded,shaped,32.500,0.5000
amr2,unloaded,shaped,32.550,0.5000
amr2,unloaded,shaped,32.602,0.5000
amr2,unloaded,shaped,32.650,0.5000
amr2,unloaded,shaped,32.700,0.5000
amr2,unloaded,shaped,32.750,0.5000
amr2,unloaded,shaped,32.801,0.5000
amr2,unloaded,shaped,32.850,0.5000
amr2,unloaded,shaped,32.900,0.5000
amr2,unloaded,shaped,32.950,0.5000
amr2,unloaded,shaped,33.001,0.5000
amr2,unloaded,shaped,33.050,0.5000
amr2,unloaded,shaped,33.100,0.5000
amr2,unloaded,shaped,33.151,0.5000
amr2,unloaded,shaped,33.200,0.5000
amr2,unloaded,shaped,33.250,0.5000
amr2,unloaded,shaped,33.300,0.5000
amr2,unloaded,shaped,33.350,0.5000
amr2,unloaded,shaped,33.404,0.5000
amr2,unloaded,shaped,33.452,0.5000
amr2,unloaded,shaped,33.500,0.5000
amr2,unloaded,shaped,33.551,0.5000
amr2,unloaded,shaped,33.600,0.5000
amr2,unloaded,shaped,33.650,0.5000
amr2,unloaded,shaped,33.700,0.5000
amr2,unloaded,shaped,33.752,0.5000
amr2,unloaded,shaped,33.800,0.5000
amr2,unloaded,shaped,33.850,0.5000
amr2,unloaded,shaped,33.901,0.5000
amr2,unloaded,shaped,33.950,0.5000
amr2,unloaded,shaped,34.000,0.5000
amr2,unloaded,shaped,34.051,0.5000
amr2,unloaded,shaped,34.101,0.5000
amr2,unloaded,shaped,34.150,0.4938
amr2,unloaded,shaped,34.201,0.4813
amr2,unloaded,shaped,34.250,0.4625
amr2,unloaded,shaped,34.301,0.4375
amr2,unloaded,shaped,34.350,0.4063
amr2,unloaded,shaped,34.404,0.3688
amr2,unloaded,shaped,34.450,0.3250
amr2,unloaded,shaped,34.500,0.2750
amr2,unloaded,shaped,34.550,0.2194
amr2,unloaded,shaped,34.601,0.1701
amr2,unloaded,shaped,34.650,0.1270
amr2,unloaded,shaped,34.701,0.0901
amr2,unloaded,shaped,34.750,0.0596
amr2,unloaded,shaped,34.800,0.0352
amr2,unloaded,shaped,34.850,0.0171
amr2,unloaded,shaped,34.901,0.0053
amr2,unloaded,shaped,34.951,0.0000
amr2,unloaded,shaped,35.000,0.0000
amr2,unloaded,shaped,35.050,0.0000
amr2,unloaded,shaped,35.104,0.0000
amr2,unloaded,shaped,35.151,0.0000
amr2,unloaded,shaped,35.200,0.0000
amr2,unloaded,shaped,35.250,0.0000
amr2,unloaded,shaped,35.301,0.0000
amr2,unloaded,shaped,35.351,0.0000
amr2,unloaded,shaped,35.401,0.0000
amr2,unloaded,shaped,35.450,0.0000
amr2,unloaded,shaped,35.503,0.0000
amr2,unloaded,shaped,35.553,0.0000
amr2,unloaded,shaped,35.600,0.0000
amr2,unloaded,shaped,35.651,0.0000
amr2,unloaded,shaped,35.701,0.0000
amr2,unloaded,shaped,35.751,0.0000
amr2,unloaded,shaped,35.802,0.0000
amr2,unloaded,shaped,35.852,0.0000
amr2,unloaded,shaped,35.901,0.0000
amr2,unloaded,shaped,35.951,0.0000
amr2,unloaded,shaped,36.002,0.0000
amr2,unloaded,shaped,36.051,0.0000
amr2,unloaded,shaped,36.101,0.0000
amr2,unloaded,shaped,36.150,0.0000
amr2,unloaded,shaped,36.201,0.0000
amr2,unloaded,shaped,36.250,0.0000
amr2,unloaded,shaped,36.300,0.0000
amr2,unloaded,shaped,36.350,0.0000
amr2,unloaded,shaped,36.401,0.0000
amr2,unloaded,shaped,36.450,0.0000
amr2,unloaded,shaped,36.503,0.0000
amr2,unloaded,shaped,36.550,0.0000
amr2,unloaded,shaped,36.601,0.0000
amr2,unloaded,shaped,36.650,0.0000
amr2,unloaded,shaped,36.700,0.0000
amr2,unloaded,shaped,36.752,0.0000
amr2,unloaded,shaped,36.801,0.0000
amr2,unloaded,shaped,36.852,0.0000
amr2,unloaded,shaped,36.901,0.0000
amr2,unloaded,shaped,36.951,0.0000
amr2,unloaded,shaped,37.000,0.0000
amr2,unloaded,shaped,37.052,0.0000
amr2,unloaded,shaped,37.100,0.0000
amr2,unloaded,shaped,37.150,0.0000
amr2,unloaded,shaped,37.201,0.0000
amr2,unloaded,shaped,37.252,0.0000
amr2,unloaded,shaped,37.301,0.0000
amr2,unloaded,shaped,37.351,0.0000
amr2,unloaded,shaped,37.400,0.0000
amr2,unloaded,shaped,37.450,0.0000
amr2,unloaded,shaped,37.500,0.0000
amr2,unloaded,shaped,37.550,0.0000
amr2,unloaded,shaped,37.600,0.0000
amr2,unloaded,shaped,37.650,0.0000
amr2,unloaded,shaped,37.701,0.0000
amr2,unloaded,shaped,37.751,0.0000
amr2,unloaded,shaped,37.802,0.0000
amr2,unloaded,shaped,37.852,0.0000
amr2,unloaded,shaped,37.902,0.0000
amr2,unloaded,shaped,37.951,0.0000
amr2,unloaded,shaped,38.001,0.0000
amr2,unloaded,shaped,38.050,0.0000
amr2,unloaded,shaped,38.100,0.0000
amr2,unloaded,shaped,38.151,0.0000
amr2,unloaded,shaped,38.201,0.0000
amr2,unloaded,shaped,38.250,0.0000
amr2,unloaded,shaped,38.301,0.0000
amr2,unloaded,shaped,38.351,0.0000
amr2,unloaded,shaped,38.403,0.0000
amr2,unloaded,shaped,38.450,0.0000
amr2,unloaded,shaped,38.502,0.0000
amr2,unloaded,shaped,38.550,0.0000
amr2,unloaded,shaped,38.600,0.0000
amr2,unloaded,shaped,38.652,0.0000
amr2,unloaded,shaped,38.700,0.0000
amr2,unloaded,shaped,38.753,0.0000
amr2,unloaded,shaped,38.803,0.0000
amr2,unloaded,shaped,38.850,0.0000
amr2,unloaded,shaped,38.901,0.0000
amr2,unloaded,shaped,38.950,0.0000
amr2,unloaded,shaped,39.002,0.0000
amr2,unloaded,shaped,39.050,0.0000
amr2,unloaded,shaped,39.100,0.0000
amr2,unloaded,odom,27.100,-0.0000
amr2,unloaded,odom,27.115,-0.0000
amr2,unloaded,odom,27.136,-0.0000
amr2,unloaded,odom,27.156,-0.0000
amr2,unloaded,odom,27.175,-0.0000
amr2,unloaded,odom,27.195,-0.0000
amr2,unloaded,odom,27.215,0.0046
amr2,unloaded,odom,27.234,0.0062
amr2,unloaded,odom,27.255,0.0062
amr2,unloaded,odom,27.275,0.0185
amr2,unloaded,odom,27.296,0.0187
amr2,unloaded,odom,27.317,0.0272
amr2,unloaded,odom,27.335,0.0375
amr2,unloaded,odom,27.355,0.0385
amr2,unloaded,odom,27.375,0.0570
amr2,unloaded,odom,27.396,0.0625
amr2,unloaded,odom,27.416,0.0710
amr2,unloaded,odom,27.435,0.0907
amr2,unloaded,odom,27.456,0.0947
amr2,unloaded,odom,27.476,0.1132
amr2,unloaded,odom,27.495,0.1308
amr2,unloaded,odom,27.515,0.1387
amr2,unloaded,odom,27.536,0.1587
amr2,unloaded,odom,27.555,0.1759
amr2,unloaded,odom,27.575,0.1945
amr2,unloaded,odom,27.596,0.2145
amr2,unloaded,odom,27.616,0.2335
amr2,unloaded,odom,27.635,0.2535
amr2,unloaded,odom,27.656,0.2732
amr2,unloaded,odom,27.675,0.2925
amr2,unloaded,odom,27.696,0.3125
amr2,unloaded,odom,27.716,0.3325
amr2,unloaded,odom,27.736,0.3525
amr2,unloaded,odom,27.756,0.3693
amr2,unloaded,odom,27.776,0.3872
amr2,unloaded,odom,27.796,0.4054
amr2,unloaded,odom,27.816,0.4157
amr2,unloaded,odom,27.836,0.4352
amr2,unloaded,odom,27.855,0.4378
amr2,unloaded,odom,27.875,0.4550
amr2,unloaded,odom,27.896,0.4625
amr2,unloaded,odom,27.916,0.4720
amr2,unloaded,odom,27.936,0.4812
amr2,unloaded,odom,27.956,0.4813
amr2,unloaded,odom,27.975,0.4937
amr2,unloaded,odom,27.996,0.4937
amr2,unloaded,odom,28.015,0.4989
amr2,unloaded,odom,28.036,0.5000
amr2,unloaded,odom,28.056,0.5000
amr2,unloaded,odom,28.076,0.5000
amr2,unloaded,odom,28.096,0.5000
amr2,unloaded,odom,28.116,0.5000
amr2,unloaded,odom,28.136,0.5000
amr2,unloaded,odom,28.156,0.5000
amr2,unloaded,odom,28.176,0.5000
amr2,unloaded,odom,28.195,0.5000
amr2,unloaded,odom,28.215,0.5000
amr2,unloaded,odom,28.236,0.5000
amr2,unloaded,odom,28.256,0.5000
amr2,unloaded,odom,28.275,0.5000
amr2,unloaded,odom,28.295,0.5000
amr2,unloaded,odom,28.315,0.5000
amr2,unloaded,odom,28.336,0.5000
amr2,unloaded,odom,28.356,0.5000
amr2,unloaded,odom,28.376,0.5000
amr2,unloaded,odom,28.396,0.5000
amr2,unloaded,odom,28.415,0.5000
amr2,unloaded,odom,28.435,0.5000
amr2,unloaded,odom,28.455,0.5000
amr2,unloaded,odom,28.476,0.5000
amr2,unloaded,odom,28.495,0.5000
amr2,unloaded,odom,28.516,0.5000
amr2,unloaded,odom,28.535,0.5000
amr2,unloaded,odom,28.556,0.5000
amr2,unloaded,odom,28.575,0.5000
amr2,unloaded,odom,28.595,0.5000
amr2,unloaded,odom,28.616,0.5000
amr2,unloaded,odom,28.636,0.5000
amr2,unloaded,odom,28.655,0.5000
amr2,unloaded,odom,28.675,0.5000
amr2,unloaded,odom,28.696,0.5000
amr2,unloaded,odom,28.716,0.5000
amr2,unloaded,odom,28.735,0.5000
amr2,unloaded,odom,28.755,0.5000
amr2,unloaded,odom,28.775,0.5000
amr2,unloaded,odom,28.797,0.5000
amr2,unloaded,odom,28.815,0.5000
amr2,unloaded,odom,28.836,0.5000
amr2,unloaded,odom,28.855,0.5000
amr2,unloaded,odom,28.877,0.5000
amr2,unloaded,odom,28.896,0.5000
amr2,unloaded,odom,28.916,0.5000
amr2,unloaded,odom,28.935,0.5000
amr2,unloaded,odom,28.956,0.5000
amr2,unloaded,odom,28.975,0.5000
amr2,unloaded,odom,28.996,0.5000
amr2,unloaded,odom,29.015,0.5000
amr2,unloaded,odom,29.036,0.5000
amr2,unloaded,odom,29.056,0.5000
amr2,unloaded,odom,29.075,0.5000
amr2,unloaded,odom,29.096,0.5000
amr2,unloaded,odom,29.117,0.5000
amr2,unloaded,odom,29.136,0.5000
amr2,unloaded,odom,29.156,0.5000
amr2,unloaded,odom,29.176,0.5000
amr2,unloaded,odom,29.196,0.5000
amr2,unloaded,odom,29.216,0.5000
amr2,unloaded,odom,29.235,0.5000
amr2,unloaded,odom,29.255,0.5000
amr2,unloaded,odom,29.276,0.5000
amr2,unloaded,odom,29.296,0.5000
amr2,unloaded,odom,29.315,0.5000
amr2,unloaded,odom,29.336,0.5000
amr2,unloaded,odom,29.356,0.5000
amr2,unloaded,odom,29.375,0.5000
amr2,unloaded,odom,29.396,0.5000
amr2,unloaded,odom,29.417,0.5000
amr2,unloaded,odom,29.436,0.5000
amr2,unloaded,odom,29.456,0.5000
amr2,unloaded,odom,29.475,0.5000
amr2,unloaded,odom,29.495,0.5000
amr2,unloaded,odom,29.516,0.5000
amr2,unloaded,odom,29.536,0.5000
amr2,unloaded,odom,29.557,0.5000
amr2,unloaded,odom,29.577,0.5000
amr2,unloaded,odom,29.596,0.5000
amr2,unloaded,odom,29.616,0.5000
amr2,unloaded,odom,29.635,0.5000
amr2,unloaded,odom,29.656,0.5000
amr2,unloaded,odom,29.677,0.5000
amr2,unloaded,odom,29.697,0.5000
amr2,unloaded,odom,29.716,0.5000
amr2,unloaded,odom,29.735,0.5000
amr2,unloaded,odom,29.756,0.5000
amr2,unloaded,odom,29.776,0.5000
amr2,unloaded,odom,29.795,0.5000
amr2,unloaded,odom,29.815,0.5000
amr2,unloaded,odom,29.835,0.5000
amr2,unloaded,odom,29.856,0.5000
amr2,unloaded,odom,29.876,0.5000
amr2,unloaded,odom,29.895,0.5000
amr2,unloaded,odom,29.916,0.5000
amr2,unloaded,odom,29.935,0.5000
amr2,unloaded,odom,29.955,0.5000
amr2,unloaded,odom,29.976,0.5000
amr2,unloaded,odom,29.995,0.5000
amr2,unloaded,odom,30.016,0.5000
amr2,unloaded,odom,30.037,0.5000
amr2,unloaded,odom,30.056,0.5000
amr2,unloaded,odom,30.075,0.5000
amr2,unloaded,odom,30.096,0.5000
amr2,unloaded,odom,30.116,0.5000
amr2,unloaded,odom,30.136,0.5000
amr2,unloaded,odom,30.156,0.5000
amr2,unloaded,odom,30.175,0.5000
amr2,unloaded,odom,30.196,0.5000
amr2,unloaded,odom,30.216,0.5000
amr2,unloaded,odom,30.236,0.5000
amr2,unloaded,odom,30.255,0.5000
amr2,unloaded,odom,30.276,0.5000
amr2,unloaded,odom,30.296,0.5000
amr2,unloaded,odom,30.316,0.5000
amr2,unloaded,odom,30.336,0.5000
amr2,unloaded,odom,30.355,0.5000
amr2,unloaded,odom,30.375,0.5000
amr2,unloaded,odom,30.396,0.5000
amr2,unloaded,odom,30.416,0.5000
amr2,unloaded,odom,30.435,0.5000
amr2,unloaded,odom,30.458,0.5000
amr2,unloaded,odom,30.476,0.5000
amr2,unloaded,odom,30.494,0.5000
amr2,unloaded,odom,30.515,0.5000
amr2,unloaded,odom,30.536,0.5000
amr2,unloaded,odom,30.556,0.5000
amr2,unloaded,odom,30.575,0.5000
amr2,unloaded,odom,30.595,0.5000
amr2,unloaded,odom,30.615,0.5000
amr2,unloaded,odom,30.637,0.5000
amr2,unloaded,odom,30.656,0.5000
amr2,unloaded,odom,30.675,0.5000
amr2,unloaded,odom,30.696,0.5000
amr2,unloaded,odom,30.716,0.5000
amr2,unloaded,odom,30.736,0.5000
amr2,unloaded,odom,30.755,0.5000
amr2,unloaded,odom,30.775,0.5000
amr2,unloaded,odom,30.796,0.5000
amr2,unloaded,odom,30.816,0.5000
amr2,unloaded,odom,30.835,0.5000
amr2,unloaded,odom,30.855,0.5000
amr2,unloaded,odom,30.878,0.5000
amr2,unloaded,odom,30.897,0.5000
amr2,unloaded,odom,30.917,0.5000
amr2,unloaded,odom,30.935,0.5000
amr2,unloaded,odom,30.955,0.5000
amr2,unloaded,odom,30.976,0.5000
amr2,unloaded,odom,30.996,0.5000
amr2,unloaded,odom,31.016,0.5000
amr2,unloaded,odom,31.036,0.5000
amr2,unloaded,odom,31.055,0.5000
amr2,unloaded,odom,31.076,0.5000
amr2,unloaded,odom,31.095,0.5000
amr2,unloaded,odom,31.115,0.5000
amr2,unloaded,odom,31.135,0.5000
amr2,unloaded,odom,31.156,0.5000
amr2,unloaded,odom,31.176,0.5000
amr2,unloaded,odom,31.195,0.5000
amr2,unloaded,odom,31.215,0.5000
amr2,unloaded,odom,31.236,0.5000
amr2,unloaded,odom,31.255,0.5000
amr2,unloaded,odom,31.276,0.5000
amr2,unloaded,odom,31.295,0.5000
amr2,unloaded,odom,31.315,0.5000
amr2,unloaded,odom,31.335,0.5000
amr2,unloaded,odom,31.355,0.5000
amr2,unloaded,odom,31.375,0.5000
amr2,unloaded,odom,31.396,0.5000
amr2,unloaded,odom,31.416,0.5000
amr2,unloaded,odom,31.436,0.5000
amr2,unloaded,odom,31.457,0.5000
amr2,unloaded,odom,31.476,0.5000
amr2,unloaded,odom,31.496,0.5000
amr2,unloaded,odom,31.516,0.5000
amr2,unloaded,odom,31.535,0.5000
amr2,unloaded,odom,31.555,0.5000
amr2,unloaded,odom,31.575,0.5000
amr2,unloaded,odom,31.596,0.5000
amr2,unloaded,odom,31.615,0.5000
amr2,unloaded,odom,31.635,0.5000
amr2,unloaded,odom,31.656,0.5000
amr2,unloaded,odom,31.676,0.5000
amr2,unloaded,odom,31.695,0.5000
amr2,unloaded,odom,31.715,0.5000
amr2,unloaded,odom,31.736,0.5000
amr2,unloaded,odom,31.755,0.5000
amr2,unloaded,odom,31.776,0.5000
amr2,unloaded,odom,31.796,0.5000
amr2,unloaded,odom,31.815,0.5000
amr2,unloaded,odom,31.836,0.5000
amr2,unloaded,odom,31.856,0.5000
amr2,unloaded,odom,31.876,0.5000
amr2,unloaded,odom,31.896,0.5000
amr2,unloaded,odom,31.915,0.5000
amr2,unloaded,odom,31.936,0.5000
amr2,unloaded,odom,31.957,0.5000
amr2,unloaded,odom,31.977,0.5000
amr2,unloaded,odom,31.995,0.5000
amr2,unloaded,odom,32.018,0.5000
amr2,unloaded,odom,32.035,0.5000
amr2,unloaded,odom,32.056,0.5000
amr2,unloaded,odom,32.075,0.5000
amr2,unloaded,odom,32.096,0.5000
amr2,unloaded,odom,32.116,0.5000
amr2,unloaded,odom,32.136,0.5000
amr2,unloaded,odom,32.155,0.5000
amr2,unloaded,odom,32.176,0.5000
amr2,unloaded,odom,32.195,0.5000
amr2,unloaded,odom,32.214,0.5000
amr2,unloaded,odom,32.236,0.5000
amr2,unloaded,odom,32.256,0.5000
amr2,unloaded,odom,32.276,0.5000
amr2,unloaded,odom,32.295,0.5000
amr2,unloaded,odom,32.315,0.5000
amr2,unloaded,odom,32.336,0.5000
amr2,unloaded,odom,32.355,0.5000
amr2,unloaded,odom,32.376,0.5000
amr2,unloaded,odom,32.396,0.5000
amr2,unloaded,odom,32.416,0.5000
amr2,unloaded,odom,32.435,0.5000
amr2,unloaded,odom,32.456,0.5000
amr2,unloaded,odom,32.476,0.5000
amr2,unloaded,odom,32.496,0.5000
amr2,unloaded,odom,32.516,0.5000
amr2,unloaded,odom,32.535,0.5000
amr2,unloaded,odom,32.556,0.5000
amr2,unloaded,odom,32.575,0.5000
amr2,unloaded,odom,32.597,0.5000
amr2,unloaded,odom,32.615,0.5000
amr2,unloaded,odom,32.636,0.5000
amr2,unloaded,odom,32.655,0.5000
amr2,unloaded,odom,32.676,0.5000
amr2,unloaded,odom,32.696,0.5000
amr2,unloaded,odom,32.716,0.5000
amr2,unloaded,odom,32.735,0.5000
amr2,unloaded,odom,32.756,0.5000
amr2,unloaded,odom,32.776,0.5000
amr2,unloaded,odom,32.795,0.5000
amr2,unloaded,odom,32.816,0.5000
amr2,unloaded,odom,32.836,0.5000
amr2,unloaded,odom,32.856,0.5000
amr2,unloaded,odom,32.876,0.5000
amr2,unloaded,odom,32.896,0.5000
amr2,unloaded,odom,32.916,0.5000
amr2,unloaded,odom,32.935,0.5000
amr2,unloaded,odom,32.956,0.5000
amr2,unloaded,odom,32.975,0.5000
amr2,unloaded,odom,32.996,0.5000
amr2,unloaded,odom,33.016,0.5000
amr2,unloaded,odom,33.035,0.5000
amr2,unloaded,odom,33.056,0.5000
amr2,unloaded,odom,33.075,0.5000
amr2,unloaded,odom,33.095,0.5000
amr2,unloaded,odom,33.116,0.5000
amr2,unloaded,odom,33.135,0.5000
amr2,unloaded,odom,33.155,0.5000
amr2,unloaded,odom,33.177,0.5000
amr2,unloaded,odom,33.196,0.5000
amr2,unloaded,odom,33.216,0.5000
amr2,unloaded,odom,33.235,0.5000
amr2,unloaded,odom,33.256,0.5000
amr2,unloaded,odom,33.276,0.5000
amr2,unloaded,odom,33.296,0.5000
amr2,unloaded,odom,33.316,0.5000
amr2,unloaded,odom,33.335,0.5000
amr2,unloaded,odom,33.355,0.5000
amr2,unloaded,odom,33.376,0.5000
amr2,unloaded,odom,33.395,0.5000
amr2,unloaded,odom,33.415,0.5000
amr2,unloaded,odom,33.435,0.5000
amr2,unloaded,odom,33.457,0.5000
amr2,unloaded,odom,33.475,0.5000
amr2,unloaded,odom,33.496,0.5000
amr2,unloaded,odom,33.516,0.5000
amr2,unloaded,odom,33.536,0.5000
amr2,unloaded,odom,33.557,0.5000
amr2,unloaded,odom,33.576,0.5000
amr2,unloaded,odom,33.596,0.5000
amr2,unloaded,odom,33.615,0.5000
amr2,unloaded,odom,33.636,0.5000
amr2,unloaded,odom,33.655,0.5000
amr2,unloaded,odom,33.676,0.5000
amr2,unloaded,odom,33.697,0.5000
amr2,unloaded,odom,33.715,0.5000
amr2,unloaded,odom,33.736,0.5000
amr2,unloaded,odom,33.756,0.5000
amr2,unloaded,odom,33.776,0.5000
amr2,unloaded,odom,33.796,0.5000
amr2,unloaded,odom,33.816,0.5000
amr2,unloaded,odom,33.835,0.5000
amr2,unloaded,odom,33.856,0.5000
amr2,unloaded,odom,33.875,0.5000
amr2,unloaded,odom,33.895,0.5000
amr2,unloaded,odom,33.916,0.5000
amr2,unloaded,odom,33.936,0.5000
amr2,unloaded,odom,33.957,0.5000
amr2,unloaded,odom,33.976,0.5000
amr2,unloaded,odom,33.995,0.5000
amr2,unloaded,odom,34.015,0.5000
amr2,unloaded,odom,34.035,0.5000
amr2,unloaded,odom,34.056,0.5000
amr2,unloaded,odom,34.076,0.5000
amr2,unloaded,odom,34.096,0.5000
amr2,unloaded,odom,34.115,0.5000
amr2,unloaded,odom,34.136,0.5000
amr2,unloaded,odom,34.156,0.5000
amr2,unloaded,odom,34.176,0.5000
amr2,unloaded,odom,34.197,0.5000
amr2,unloaded,odom,34.216,0.4881
amr2,unloaded,odom,34.237,0.4812
amr2,unloaded,odom,34.255,0.4812
amr2,unloaded,odom,34.276,0.4812
amr2,unloaded,odom,34.296,0.4812
amr2,unloaded,odom,34.315,0.4680
amr2,unloaded,odom,34.336,0.4625
amr2,unloaded,odom,34.356,0.4611
amr2,unloaded,odom,34.375,0.4383
amr2,unloaded,odom,34.396,0.4375
amr2,unloaded,odom,34.415,0.4298
amr2,unloaded,odom,34.435,0.4065
amr2,unloaded,odom,34.455,0.4049
amr2,unloaded,odom,34.476,0.3790
amr2,unloaded,odom,34.496,0.3687
amr2,unloaded,odom,34.515,0.3597
amr2,unloaded,odom,34.535,0.3317
amr2,unloaded,odom,34.555,0.3242
amr2,unloaded,odom,34.576,0.2991
amr2,unloaded,odom,34.595,0.2753
amr2,unloaded,odom,34.616,0.2631
amr2,unloaded,odom,34.635,0.2351
amr2,unloaded,odom,34.655,0.2186
amr2,unloaded,odom,34.676,0.1935
amr2,unloaded,odom,34.695,0.1703
amr2,unloaded,odom,34.716,0.1582
amr2,unloaded,odom,34.734,0.1307
amr2,unloaded,odom,34.756,0.1266
amr2,unloaded,odom,34.776,0.1025
amr2,unloaded,odom,34.796,0.0901
amr2,unloaded,odom,34.815,0.0796
amr2,unloaded,odom,34.836,0.0596
amr2,unloaded,odom,34.857,0.0587
amr2,unloaded,odom,34.875,0.0363
amr2,unloaded,odom,34.895,0.0352
amr2,unloaded,odom,34.914,0.0275
amr2,unloaded,odom,34.935,0.0171
amr2,unloaded,odom,34.956,0.0167
amr2,unloaded,odom,34.976,0.0053
amr2,unloaded,odom,34.997,0.0053
amr2,unloaded,odom,35.015,0.0001
amr2,unloaded,odom,35.035,0.0000
amr2,unloaded,odom,35.056,0.0000
amr2,unloaded,odom,35.076,0.0000
amr2,unloaded,odom,35.095,0.0000
amr2,unloaded,odom,35.121,0.0000
amr2,unloaded,odom,35.135,0.0000
amr2,unloaded,odom,35.155,0.0000
amr2,unloaded,odom,35.175,0.0000
amr2,unloaded,odom,35.195,0.0000
amr2,unloaded,odom,35.215,0.0000
amr2,unloaded,odom,35.236,0.0000
amr2,unloaded,odom,35.256,0.0000
amr2,unloaded,odom,35.276,0.0000
amr2,unloaded,odom,35.296,0.0000
amr2,unloaded,odom,35.316,0.0000
amr2,unloaded,odom,35.336,0.0000
amr2,unloaded,odom,35.355,0.0000
amr2,unloaded,odom,35.375,0.0000
amr2,unloaded,odom,35.398,0.0000
amr2,unloaded,odom,35.416,0.0000
amr2,unloaded,odom,35.436,0.0000
amr2,unloaded,odom,35.456,0.0000
amr2,unloaded,odom,35.477,0.0000
amr2,unloaded,odom,35.494,0.0000
amr2,unloaded,odom,35.515,0.0000
amr2,unloaded,odom,35.537,0.0000
amr2,unloaded,odom,35.557,0.0000
amr2,unloaded,odom,35.576,0.0000
amr2,unloaded,odom,35.596,0.0000
amr2,unloaded,odom,35.619,0.0000
amr2,unloaded,odom,35.635,0.0000
amr2,unloaded,odom,35.655,0.0000
amr2,unloaded,odom,35.675,0.0000
amr2,unloaded,odom,35.695,0.0000
amr2,unloaded,odom,35.716,0.0000
amr2,unloaded,odom,35.735,0.0000
amr2,unloaded,odom,35.755,0.0000
amr2,unloaded,odom,35.776,0.0000
amr2,unloaded,odom,35.795,0.0000
amr2,unloaded,odom,35.815,0.0000
amr2,unloaded,odom,35.836,0.0000
amr2,unloaded,odom,35.855,0.0000
amr2,unloaded,odom,35.875,0.0000
amr2,unloaded,odom,35.896,0.0000
amr2,unloaded,odom,35.915,0.0000
amr2,unloaded,odom,35.933,0.0000
amr2,unloaded,odom,35.955,0.0000
amr2,unloaded,odom,35.976,0.0000
amr2,unloaded,odom,35.995,0.0000
amr2,unloaded,odom,36.016,0.0000
amr2,unloaded,odom,36.036,0.0000
amr2,unloaded,odom,36.055,0.0000
amr2,unloaded,odom,36.075,0.0000
amr2,unloaded,odom,36.095,0.0000
amr2,unloaded,odom,36.116,0.0000
amr2,unloaded,odom,36.136,0.0000
amr2,unloaded,odom,36.155,0.0000
amr2,unloaded,odom,36.176,0.0000
amr2,unloaded,odom,36.196,0.0000
amr2,unloaded,odom,36.217,0.0000
amr2,unloaded,odom,36.235,0.0000
amr2,unloaded,odom,36.255,0.0000
amr2,unloaded,odom,36.275,0.0000
amr2,unloaded,odom,36.296,0.0000
amr2,unloaded,odom,36.315,0.0000
amr2,unloaded,odom,36.336,0.0000
amr2,unloaded,odom,36.356,0.0000
amr2,unloaded,odom,36.375,0.0000
amr2,unloaded,odom,36.395,0.0000
amr2,unloaded,odom,36.415,0.0000
amr2,unloaded,odom,36.436,0.0000
amr2,unloaded,odom,36.457,0.0000
amr2,unloaded,odom,36.475,0.0000
amr2,unloaded,odom,36.496,0.0000
amr2,unloaded,odom,36.515,0.0000
amr2,unloaded,odom,36.536,0.0000
amr2,unloaded,odom,36.556,0.0000
amr2,unloaded,odom,36.575,0.0000
amr2,unloaded,odom,36.596,0.0000
amr2,unloaded,odom,36.615,0.0000
amr2,unloaded,odom,36.636,0.0000
amr2,unloaded,odom,36.656,0.0000
amr2,unloaded,odom,36.676,0.0000
amr2,unloaded,odom,36.696,0.0000
amr2,unloaded,odom,36.715,0.0000
amr2,unloaded,odom,36.736,0.0000
amr2,unloaded,odom,36.756,0.0000
amr2,unloaded,odom,36.775,0.0000
amr2,unloaded,odom,36.795,0.0000
amr2,unloaded,odom,36.815,0.0000
amr2,unloaded,odom,36.836,0.0000
amr2,unloaded,odom,36.856,0.0000
amr2,unloaded,odom,36.875,0.0000
amr2,unloaded,odom,36.896,0.0000
amr2,unloaded,odom,36.917,0.0000
amr2,unloaded,odom,36.935,0.0000
amr2,unloaded,odom,36.956,0.0000
amr2,unloaded,odom,36.976,0.0000
amr2,unloaded,odom,36.996,0.0000
amr2,unloaded,odom,37.015,0.0000
amr2,unloaded,odom,37.036,0.0000
amr2,unloaded,odom,37.056,0.0000
amr2,unloaded,odom,37.076,0.0000
amr2,unloaded,odom,37.097,0.0000
amr2,unloaded,odom,37.116,0.0000
amr2,unloaded,odom,37.135,0.0000
amr2,unloaded,odom,37.156,0.0000
amr2,unloaded,odom,37.175,0.0000
amr2,unloaded,odom,37.196,0.0000
amr2,unloaded,odom,37.215,0.0000
amr2,unloaded,odom,37.235,0.0000
amr2,unloaded,odom,37.255,0.0000
amr2,unloaded,odom,37.280,0.0000
amr2,unloaded,odom,37.296,0.0000
amr2,unloaded,odom,37.315,0.0000
amr2,unloaded,odom,37.336,0.0000
amr2,unloaded,odom,37.355,0.0000
amr2,unloaded,odom,37.376,0.0000
amr2,unloaded,odom,37.395,0.0000
amr2,unloaded,odom,37.415,0.0000
amr2,unloaded,odom,37.437,0.0000
amr2,unloaded,odom,37.455,0.0000
amr2,unloaded,odom,37.476,0.0000
amr2,unloaded,odom,37.495,0.0000
amr2,unloaded,odom,37.515,0.0000
amr2,unloaded,odom,37.536,0.0000
amr2,unloaded,odom,37.556,0.0000
amr2,unloaded,odom,37.576,0.0000
amr2,unloaded,odom,37.596,0.0000
amr2,unloaded,odom,37.616,0.0000
amr2,unloaded,odom,37.635,0.0000
amr2,unloaded,odom,37.655,0.0000
amr2,unloaded,odom,37.675,0.0000
amr2,unloaded,odom,37.696,0.0000
amr2,unloaded,odom,37.716,0.0000
amr2,unloaded,odom,37.735,0.0000
amr2,unloaded,odom,37.756,0.0000
amr2,unloaded,odom,37.776,0.0000
amr2,unloaded,odom,37.795,0.0000
amr2,unloaded,odom,37.817,0.0000
amr2,unloaded,odom,37.835,0.0000
amr2,unloaded,odom,37.853,0.0000
amr2,unloaded,odom,37.876,0.0000
amr2,unloaded,odom,37.896,0.0000
amr2,unloaded,odom,37.916,0.0000
amr2,unloaded,odom,37.934,0.0000
amr2,unloaded,odom,37.955,0.0000
amr2,unloaded,odom,37.975,0.0000
amr2,unloaded,odom,37.997,0.0000
amr2,unloaded,odom,38.015,0.0000
amr2,unloaded,odom,38.036,0.0000
amr2,unloaded,odom,38.056,0.0000
amr2,unloaded,odom,38.075,0.0000
amr2,unloaded,odom,38.095,0.0000
amr2,unloaded,odom,38.116,0.0000
amr2,unloaded,odom,38.135,0.0000
amr2,unloaded,odom,38.157,0.0000
amr2,unloaded,odom,38.176,0.0000
amr2,unloaded,odom,38.196,0.0000
amr2,unloaded,odom,38.215,0.0000
amr2,unloaded,odom,38.235,0.0000
amr2,unloaded,odom,38.256,0.0000
amr2,unloaded,odom,38.276,0.0000
amr2,unloaded,odom,38.295,0.0000
amr2,unloaded,odom,38.316,0.0000
amr2,unloaded,odom,38.335,0.0000
amr2,unloaded,odom,38.355,0.0000
amr2,unloaded,odom,38.375,0.0000
amr2,unloaded,odom,38.396,0.0000
amr2,unloaded,odom,38.416,0.0000
amr2,unloaded,odom,38.435,0.0000
amr2,unloaded,odom,38.455,0.0000
amr2,unloaded,odom,38.476,0.0000
amr2,unloaded,odom,38.495,0.0000
amr2,unloaded,odom,38.514,0.0000
amr2,unloaded,odom,38.535,0.0000
amr2,unloaded,odom,38.555,0.0000
amr2,unloaded,odom,38.575,0.0000
amr2,unloaded,odom,38.595,0.0000
amr2,unloaded,odom,38.616,0.0000
amr2,unloaded,odom,38.635,0.0000
amr2,unloaded,odom,38.656,0.0000
amr2,unloaded,odom,38.676,0.0000
amr2,unloaded,odom,38.697,0.0000
amr2,unloaded,odom,38.715,0.0000
amr2,unloaded,odom,38.736,0.0000
amr2,unloaded,odom,38.756,0.0000
amr2,unloaded,odom,38.777,0.0000
amr2,unloaded,odom,38.796,0.0000
amr2,unloaded,odom,38.816,0.0000
amr2,unloaded,odom,38.836,0.0000
amr2,unloaded,odom,38.857,0.0000
amr2,unloaded,odom,38.876,0.0000
amr2,unloaded,odom,38.897,0.0000
amr2,unloaded,odom,38.915,0.0000
amr2,unloaded,odom,38.935,0.0000
amr2,unloaded,odom,38.955,0.0000
amr2,unloaded,odom,38.976,0.0000
amr2,unloaded,odom,38.996,0.0000
amr2,unloaded,odom,39.016,0.0000
amr2,unloaded,odom,39.037,0.0000
amr2,unloaded,odom,39.055,0.0000
amr2,unloaded,odom,39.076,0.0000
amr2,unloaded,odom,39.095,0.0000
amr2,loaded,nav,39.100,0.0000
amr2,loaded,nav,39.122,0.5000
amr2,loaded,nav,39.141,0.5000
amr2,loaded,nav,39.160,0.5000
amr2,loaded,nav,39.180,0.5000
amr2,loaded,nav,39.201,0.5000
amr2,loaded,nav,39.221,0.5000
amr2,loaded,nav,39.241,0.5000
amr2,loaded,nav,39.262,0.5000
amr2,loaded,nav,39.281,0.5000
amr2,loaded,nav,39.300,0.5000
amr2,loaded,nav,39.322,0.5000
amr2,loaded,nav,39.341,0.5000
amr2,loaded,nav,39.360,0.5000
amr2,loaded,nav,39.385,0.5000
amr2,loaded,nav,39.401,0.5000
amr2,loaded,nav,39.422,0.5000
amr2,loaded,nav,39.442,0.5000
amr2,loaded,nav,39.460,0.5000
amr2,loaded,nav,39.480,0.5000
amr2,loaded,nav,39.500,0.5000
amr2,loaded,nav,39.520,0.5000
amr2,loaded,nav,39.540,0.5000
amr2,loaded,nav,39.560,0.5000
amr2,loaded,nav,39.580,0.5000
amr2,loaded,nav,39.600,0.5000
amr2,loaded,nav,39.621,0.5000
amr2,loaded,nav,39.642,0.5000
amr2,loaded,nav,39.660,0.5000
amr2,loaded,nav,39.681,0.5000
amr2,loaded,nav,39.701,0.5000
amr2,loaded,nav,39.721,0.5000
amr2,loaded,nav,39.740,0.5000
amr2,loaded,nav,39.761,0.5000
amr2,loaded,nav,39.781,0.5000
amr2,loaded,nav,39.800,0.5000
amr2,loaded,nav,39.822,0.5000
amr2,loaded,nav,39.840,0.5000
amr2,loaded,nav,39.861,0.5000
amr2,loaded,nav,39.881,0.5000
amr2,loaded,nav,39.902,0.5000
amr2,loaded,nav,39.922,0.5000
amr2,loaded,nav,39.940,0.5000
amr2,loaded,nav,39.961,0.5000
amr2,loaded,nav,39.980,0.5000
amr2,loaded,nav,40.000,0.5000
amr2,loaded,nav,40.021,0.5000
amr2,loaded,nav,40.041,0.5000
amr2,loaded,nav,40.061,0.5000
amr2,loaded,nav,40.081,0.5000
amr2,loaded,nav,40.101,0.5000
amr2,loaded,nav,40.121,0.5000
amr2,loaded,nav,40.143,0.5000
amr2,loaded,nav,40.162,0.5000
amr2,loaded,nav,40.181,0.5000
amr2,loaded,nav,40.202,0.5000
amr2,loaded,nav,40.220,0.5000
amr2,loaded,nav,40.241,0.5000
amr2,loaded,nav,40.261,0.5000
amr2,loaded,nav,40.281,0.5000
amr2,loaded,nav,40.302,0.5000
amr2,loaded,nav,40.321,0.5000
amr2,loaded,nav,40.340,0.5000
amr2,loaded,nav,40.362,0.5000
amr2,loaded,nav,40.380,0.5000
amr2,loaded,nav,40.404,0.5000
amr2,loaded,nav,40.421,0.5000
amr2,loaded,nav,40.440,0.5000
amr2,loaded,nav,40.463,0.5000
amr2,loaded,nav,40.480,0.5000
amr2,loaded,nav,40.500,0.5000
amr2,loaded,nav,40.521,0.5000
amr2,loaded,nav,40.541,0.5000
amr2,loaded,nav,40.561,0.5000
amr2,loaded,nav,40.587,0.5000
amr2,loaded,nav,40.600,0.5000
amr2,loaded,nav,40.621,0.5000
amr2,loaded,nav,40.640,0.5000
amr2,loaded,nav,40.660,0.5000
amr2,loaded,nav,40.680,0.5000
amr2,loaded,nav,40.700,0.5000
amr2,loaded,nav,40.721,0.5000
amr2,loaded,nav,40.740,0.5000
amr2,loaded,nav,40.761,0.5000
amr2,loaded,nav,40.781,0.5000
amr2,loaded,nav,40.800,0.5000
amr2,loaded,nav,40.820,0.5000
amr2,loaded,nav,40.841,0.5000
amr2,loaded,nav,40.860,0.5000
amr2,loaded,nav,40.882,0.5000
amr2,loaded,nav,40.900,0.5000
amr2,loaded,nav,40.922,0.5000
amr2,loaded,nav,40.940,0.5000
amr2,loaded,nav,40.961,0.5000
amr2,loaded,nav,40.981,0.5000
amr2,loaded,nav,41.001,0.5000
amr2,loaded,nav,41.020,0.5000
amr2,loaded,nav,41.041,0.5000
amr2,loaded,nav,41.060,0.5000
amr2,loaded,nav,41.081,0.5000
amr2,loaded,nav,41.100,0.5000
amr2,loaded,nav,41.121,0.5000
amr2,loaded,nav,41.140,0.5000
amr2,loaded,nav,41.160,0.5000
amr2,loaded,nav,41.182,0.5000
amr2,loaded,nav,41.201,0.5000
amr2,loaded,nav,41.222,0.5000
amr2,loaded,nav,41.240,0.5000
amr2,loaded,nav,41.260,0.5000
amr2,loaded,nav,41.280,0.5000
amr2,loaded,nav,41.301,0.5000
amr2,loaded,nav,41.320,0.5000
amr2,loaded,nav,41.341,0.5000
amr2,loaded,nav,41.361,0.5000
amr2,loaded,nav,41.382,0.5000
amr2,loaded,nav,41.401,0.5000
amr2,loaded,nav,41.422,0.5000
amr2,loaded,nav,41.440,0.5000
amr2,loaded,nav,41.461,0.5000
amr2,loaded,nav,41.481,0.5000
amr2,loaded,nav,41.502,0.5000
amr2,loaded,nav,41.522,0.5000
amr2,loaded,nav,41.541,0.5000
amr2,loaded,nav,41.561,0.5000
amr2,loaded,nav,41.581,0.5000
amr2,loaded,nav,41.600,0.5000
amr2,loaded,nav,41.623,0.5000
amr2,loaded,nav,41.641,0.5000
amr2,loaded,nav,41.661,0.5000
amr2,loaded,nav,41.680,0.5000
amr2,loaded,nav,41.700,0.5000
amr2,loaded,nav,41.721,0.5000
amr2,loaded,nav,41.740,0.5000
amr2,loaded,nav,41.760,0.5000
amr2,loaded,nav,41.781,0.5000
amr2,loaded,nav,41.800,0.5000
amr2,loaded,nav,41.820,0.5000
amr2,loaded,nav,41.842,0.5000
amr2,loaded,nav,41.860,0.5000
amr2,loaded,nav,41.880,0.5000
amr2,loaded,nav,41.900,0.5000
amr2,loaded,nav,41.921,0.5000
amr2,loaded,nav,41.941,0.5000
amr2,loaded,nav,41.960,0.5000
amr2,loaded,nav,41.986,0.5000
amr2,loaded,nav,42.005,0.5000
amr2,loaded,nav,42.022,0.5000
amr2,loaded,nav,42.041,0.5000
amr2,loaded,nav,42.061,0.5000
amr2,loaded,nav,42.081,0.5000
amr2,loaded,nav,42.100,0.5000
amr2,loaded,nav,42.122,0.5000
amr2,loaded,nav,42.140,0.5000
amr2,loaded,nav,42.160,0.5000
amr2,loaded,nav,42.181,0.5000
amr2,loaded,nav,42.202,0.5000
amr2,loaded,nav,42.220,0.5000
amr2,loaded,nav,42.240,0.5000
amr2,loaded,nav,42.261,0.5000
amr2,loaded,nav,42.280,0.5000
amr2,loaded,nav,42.300,0.5000
amr2,loaded,nav,42.320,0.5000
amr2,loaded,nav,42.341,0.5000
amr2,loaded,nav,42.360,0.5000
amr2,loaded,nav,42.380,0.5000
amr2,loaded,nav,42.400,0.5000
amr2,loaded,nav,42.420,0.5000
amr2,loaded,nav,42.441,0.5000
amr2,loaded,nav,42.461,0.5000
amr2,loaded,nav,42.481,0.5000
amr2,loaded,nav,42.500,0.5000
amr2,loaded,nav,42.521,0.5000
amr2,loaded,nav,42.541,0.5000
amr2,loaded,nav,42.560,0.5000
amr2,loaded,nav,42.581,0.5000
amr2,loaded,nav,42.600,0.5000
amr2,loaded,nav,42.620,0.5000
amr2,loaded,nav,42.641,0.5000
amr2,loaded,nav,42.660,0.5000
amr2,loaded,nav,42.680,0.5000
amr2,loaded,nav,42.700,0.5000
amr2,loaded,nav,42.720,0.5000
amr2,loaded,nav,42.740,0.5000
amr2,loaded,nav,42.760,0.5000
amr2,loaded,nav,42.781,0.5000
amr2,loaded,nav,42.800,0.5000
amr2,loaded,nav,42.820,0.5000
amr2,loaded,nav,42.841,0.5000
amr2,loaded,nav,42.860,0.5000
amr2,loaded,nav,42.880,0.5000
amr2,loaded,nav,42.902,0.5000
amr2,loaded,nav,42.921,0.5000
amr2,loaded,nav,42.940,0.5000
amr2,loaded,nav,42.961,0.5000
amr2,loaded,nav,42.981,0.5000
amr2,loaded,nav,43.000,0.5000
amr2,loaded,nav,43.020,0.5000
amr2,loaded,nav,43.042,0.5000
amr2,loaded,nav,43.060,0.5000
amr2,loaded,nav,43.081,0.5000
amr2,loaded,nav,43.101,0.5000
amr2,loaded,nav,43.120,0.5000
amr2,loaded,nav,43.140,0.5000
amr2,loaded,nav,43.160,0.5000
amr2,loaded,nav,43.181,0.5000
amr2,loaded,nav,43.200,0.5000
amr2,loaded,nav,43.220,0.5000
amr2,loaded,nav,43.240,0.5000
amr2,loaded,nav,43.261,0.5000
amr2,loaded,nav,43.280,0.5000
amr2,loaded,nav,43.300,0.5000
amr2,loaded,nav,43.321,0.5000
amr2,loaded,nav,43.342,0.5000
amr2,loaded,nav,43.361,0.5000
amr2,loaded,nav,43.380,0.5000
amr2,loaded,nav,43.400,0.5000
amr2,loaded,nav,43.420,0.5000
amr2,loaded,nav,43.441,0.5000
amr2,loaded,nav,43.460,0.5000
amr2,loaded,nav,43.481,0.5000
amr2,loaded,nav,43.503,0.5000
amr2,loaded,nav,43.521,0.5000
amr2,loaded,nav,43.542,0.5000
amr2,loaded,nav,43.561,0.5000
amr2,loaded,nav,43.580,0.5000
amr2,loaded,nav,43.600,0.5000
amr2,loaded,nav,43.621,0.5000
amr2,loaded,nav,43.640,0.5000
amr2,loaded,nav,43.662,0.5000
amr2,loaded,nav,43.681,0.5000
amr2,loaded,nav,43.700,0.5000
amr2,loaded,nav,43.721,0.5000
amr2,loaded,nav,43.741,0.5000
amr2,loaded,nav,43.761,0.5000
amr2,loaded,nav,43.782,0.5000
amr2,loaded,nav,43.800,0.5000
amr2,loaded,nav,43.820,0.5000
amr2,loaded,nav,43.840,0.5000
amr2,loaded,nav,43.861,0.5000
amr2,loaded,nav,43.880,0.5000
amr2,loaded,nav,43.900,0.5000
amr2,loaded,nav,43.920,0.5000
amr2,loaded,nav,43.940,0.5000
amr2,loaded,nav,43.960,0.5000
amr2,loaded,nav,43.980,0.5000
amr2,loaded,nav,44.000,0.5000
amr2,loaded,nav,44.020,0.5000
amr2,loaded,nav,44.040,0.5000
amr2,loaded,nav,44.060,0.5000
amr2,loaded,nav,44.080,0.5000
amr2,loaded,nav,44.100,0.5000
amr2,loaded,nav,44.121,0.5000
amr2,loaded,nav,44.140,0.5000
amr2,loaded,nav,44.162,0.5000
amr2,loaded,nav,44.181,0.5000
amr2,loaded,nav,44.200,0.5000
amr2,loaded,nav,44.220,0.5000
amr2,loaded,nav,44.241,0.5000
amr2,loaded,nav,44.261,0.5000
amr2,loaded,nav,44.280,0.5000
amr2,loaded,nav,44.300,0.5000
amr2,loaded,nav,44.321,0.5000
amr2,loaded,nav,44.340,0.5000
amr2,loaded,nav,44.361,0.5000
amr2,loaded,nav,44.380,0.5000
amr2,loaded,nav,44.401,0.5000
amr2,loaded,nav,44.421,0.5000
amr2,loaded,nav,44.442,0.5000
amr2,loaded,nav,44.460,0.5000
amr2,loaded,nav,44.485,0.5000
amr2,loaded,nav,44.502,0.5000
amr2,loaded,nav,44.520,0.5000
amr2,loaded,nav,44.542,0.5000
amr2,loaded,nav,44.562,0.5000
amr2,loaded,nav,44.581,0.5000
amr2,loaded,nav,44.600,0.5000
amr2,loaded,nav,44.620,0.5000
amr2,loaded,nav,44.640,0.5000
amr2,loaded,nav,44.660,0.5000
amr2,loaded,nav,44.680,0.5000
amr2,loaded,nav,44.700,0.5000
amr2,loaded,nav,44.721,0.5000
amr2,loaded,nav,44.740,0.5000
amr2,loaded,nav,44.761,0.5000
amr2,loaded,nav,44.780,0.5000
amr2,loaded,nav,44.800,0.5000
amr2,loaded,nav,44.820,0.5000
amr2,loaded,nav,44.840,0.5000
amr2,loaded,nav,44.860,0.5000
amr2,loaded,nav,44.881,0.5000
amr2,loaded,nav,44.900,0.5000
amr2,loaded,nav,44.922,0.5000
amr2,loaded,nav,44.941,0.5000
amr2,loaded,nav,44.961,0.5000
amr2,loaded,nav,44.980,0.5000
amr2,loaded,nav,45.000,0.5000
amr2,loaded,nav,45.020,0.5000
amr2,loaded,nav,45.040,0.5000
amr2,loaded,nav,45.061,0.5000
amr2,loaded,nav,45.080,0.5000
amr2,loaded,nav,45.101,0.5000
amr2,loaded,nav,45.121,0.5000
amr2,loaded,nav,45.140,0.5000
amr2,loaded,nav,45.160,0.5000
amr2,loaded,nav,45.181,0.5000
amr2,loaded,nav,45.201,0.5000
amr2,loaded,nav,45.221,0.5000
amr2,loaded,nav,45.241,0.5000
amr2,loaded,nav,45.260,0.5000
amr2,loaded,nav,45.280,0.5000
amr2,loaded,nav,45.300,0.5000
amr2,loaded,nav,45.321,0.5000
amr2,loaded,nav,45.341,0.5000
amr2,loaded,nav,45.361,0.5000
amr2,loaded,nav,45.380,0.5000
amr2,loaded,nav,45.401,0.5000
amr2,loaded,nav,45.423,0.5000
amr2,loaded,nav,45.441,0.5000
amr2,loaded,nav,45.460,0.5000
amr2,loaded,nav,45.481,0.5000
amr2,loaded,nav,45.501,0.5000
amr2,loaded,nav,45.520,0.5000
amr2,loaded,nav,45.541,0.5000
amr2,loaded,nav,45.560,0.5000
amr2,loaded,nav,45.580,0.5000
amr2,loaded,nav,45.601,0.5000
amr2,loaded,nav,45.620,0.5000
amr2,loaded,nav,45.645,0.5000
amr2,loaded,nav,45.660,0.5000
amr2,loaded,nav,45.681,0.5000
amr2,loaded,nav,45.701,0.5000
amr2,loaded,nav,45.720,0.5000
amr2,loaded,nav,45.741,0.5000
amr2,loaded,nav,45.762,0.5000
amr2,loaded,nav,45.780,0.5000
amr2,loaded,nav,45.801,0.5000
amr2,loaded,nav,45.820,0.5000
amr2,loaded,nav,45.840,0.5000
amr2,loaded,nav,45.860,0.5000
amr2,loaded,nav,45.880,0.5000
amr2,loaded,nav,45.900,0.5000
amr2,loaded,nav,45.920,0.5000
amr2,loaded,nav,45.941,0.5000
amr2,loaded,nav,45.960,0.5000
amr2,loaded,nav,45.981,0.5000
amr2,loaded,nav,46.001,0.5000
amr2,loaded,nav,46.021,0.5000
amr2,loaded,nav,46.042,0.5000
amr2,loaded,nav,46.060,0.5000
amr2,loaded,nav,46.084,0.5000
amr2,loaded,nav,46.100,0.0000
amr2,loaded,nav,46.121,0.0000
amr2,loaded,nav,46.140,0.0000
amr2,loaded,nav,46.161,0.0000
amr2,loaded,nav,46.180,0.0000
amr2,loaded,nav,46.200,0.0000
amr2,loaded,nav,46.221,0.0000
amr2,loaded,nav,46.241,0.0000
amr2,loaded,nav,46.260,0.0000
amr2,loaded,nav,46.281,0.0000
amr2,loaded,nav,46.302,0.0000
amr2,loaded,nav,46.321,0.0000
amr2,loaded,nav,46.340,0.0000
amr2,loaded,nav,46.360,0.0000
amr2,loaded,nav,46.381,0.0000
amr2,loaded,nav,46.401,0.0000
amr2,loaded,nav,46.421,0.0000
amr2,loaded,nav,46.441,0.0000
amr2,loaded,nav,46.460,0.0000
amr2,loaded,nav,46.481,0.0000
amr2,loaded,nav,46.500,0.0000
amr2,loaded,nav,46.520,0.0000
amr2,loaded,nav,46.541,0.0000
amr2,loaded,nav,46.563,0.0000
amr2,loaded,nav,46.580,0.0000
amr2,loaded,nav,46.602,0.0000
amr2,loaded,nav,46.621,0.0000
amr2,loaded,nav,46.641,0.0000
amr2,loaded,nav,46.660,0.0000
amr2,loaded,nav,46.681,0.0000
amr2,loaded,nav,46.703,0.0000
amr2,loaded,nav,46.720,0.0000
amr2,loaded,nav,46.741,0.0000
amr2,loaded,nav,46.760,0.0000
amr2,loaded,nav,46.780,0.0000
amr2,loaded,nav,46.802,0.0000
amr2,loaded,nav,46.820,0.0000
amr2,loaded,nav,46.841,0.0000
amr2,loaded,nav,46.860,0.0000
amr2,loaded,nav,46.881,0.0000
amr2,loaded,nav,46.901,0.0000
amr2,loaded,nav,46.920,0.0000
amr2,loaded,nav,46.941,0.0000
amr2,loaded,nav,46.960,0.0000
amr2,loaded,nav,46.981,0.0000
amr2,loaded,nav,47.002,0.0000
amr2,loaded,nav,47.020,0.0000
amr2,loaded,nav,47.042,0.0000
amr2,loaded,nav,47.060,0.0000
amr2,loaded,nav,47.080,0.0000
amr2,loaded,nav,47.100,0.0000
amr2,loaded,nav,47.120,0.0000
amr2,loaded,nav,47.140,0.0000
amr2,loaded,nav,47.160,0.0000
amr2,loaded,nav,47.180,0.0000
amr2,loaded,nav,47.200,0.0000
amr2,loaded,nav,47.222,0.0000
amr2,loaded,nav,47.240,0.0000
amr2,loaded,nav,47.261,0.0000
amr2,loaded,nav,47.281,0.0000
amr2,loaded,nav,47.301,0.0000
amr2,loaded,nav,47.320,0.0000
amr2,loaded,nav,47.340,0.0000
amr2,loaded,nav,47.362,0.0000
amr2,loaded,nav,47.381,0.0000
amr2,loaded,nav,47.401,0.0000
amr2,loaded,nav,47.421,0.0000
amr2,loaded,nav,47.440,0.0000
amr2,loaded,nav,47.461,0.0000
amr2,loaded,nav,47.481,0.0000
amr2,loaded,nav,47.501,0.0000
amr2,loaded,nav,47.521,0.0000
amr2,loaded,nav,47.542,0.0000
amr2,loaded,nav,47.560,0.0000
amr2,loaded,nav,47.581,0.0000
amr2,loaded,nav,47.600,0.0000
amr2,loaded,nav,47.621,0.0000
amr2,loaded,nav,47.640,0.0000
amr2,loaded,nav,47.660,0.0000
amr2,loaded,nav,47.681,0.0000
amr2,loaded,nav,47.700,0.0000
amr2,loaded,nav,47.720,0.0000
amr2,loaded,nav,47.741,0.0000
amr2,loaded,nav,47.761,0.0000
amr2,loaded,nav,47.782,0.0000
amr2,loaded,nav,47.801,0.0000
amr2,loaded,nav,47.820,0.0000
amr2,loaded,nav,47.841,0.0000
amr2,loaded,nav,47.860,0.0000
amr2,loaded,nav,47.880,0.0000
amr2,loaded,nav,47.902,0.0000
amr2,loaded,nav,47.921,0.0000
amr2,loaded,nav,47.941,0.0000
amr2,loaded,nav,47.961,0.0000
amr2,loaded,nav,47.980,0.0000
amr2,loaded,nav,48.001,0.0000
amr2,loaded,nav,48.020,0.0000
amr2,loaded,nav,48.048,0.0000
amr2,loaded,nav,48.060,0.0000
amr2,loaded,nav,48.081,0.0000
amr2,loaded,nav,48.101,0.0000
amr2,loaded,nav,48.121,0.0000
amr2,loaded,nav,48.140,0.0000
amr2,loaded,nav,48.161,0.0000
amr2,loaded,nav,48.180,0.0000
amr2,loaded,nav,48.200,0.0000
amr2,loaded,nav,48.221,0.0000
amr2,loaded,nav,48.242,0.0000
amr2,loaded,nav,48.260,0.0000
amr2,loaded,nav,48.280,0.0000
amr2,loaded,nav,48.302,0.0000
amr2,loaded,nav,48.320,0.0000
amr2,loaded,nav,48.341,0.0000
amr2,loaded,nav,48.360,0.0000
amr2,loaded,nav,48.382,0.0000
amr2,loaded,nav,48.401,0.0000
amr2,loaded,nav,48.420,0.0000
amr2,loaded,nav,48.440,0.0000
amr2,loaded,nav,48.460,0.0000
amr2,loaded,nav,48.481,0.0000
amr2,loaded,nav,48.501,0.0000
amr2,loaded,nav,48.523,0.0000
amr2,loaded,nav,48.540,0.0000
amr2,loaded,nav,48.561,0.0000
amr2,loaded,nav,48.581,0.0000
amr2,loaded,nav,48.600,0.0000
amr2,loaded,nav,48.622,0.0000
amr2,loaded,nav,48.641,0.0000
amr2,loaded,nav,48.660,0.0000
amr2,loaded,nav,48.680,0.0000
amr2,loaded,nav,48.700,0.0000
amr2,loaded,nav,48.720,0.0000
amr2,loaded,nav,48.741,0.0000
amr2,loaded,nav,48.760,0.0000
amr2,loaded,nav,48.781,0.0000
amr2,loaded,nav,48.800,0.0000
amr2,loaded,nav,48.821,0.0000
amr2,loaded,nav,48.840,0.0000
amr2,loaded,nav,48.861,0.0000
amr2,loaded,nav,48.881,0.0000
amr2,loaded,nav,48.900,0.0000
amr2,loaded,nav,48.921,0.0000
amr2,loaded,nav,48.942,0.0000
amr2,loaded,nav,48.960,0.0000
amr2,loaded,nav,48.980,0.0000
amr2,loaded,nav,49.000,0.0000
amr2,loaded,nav,49.023,0.0000
amr2,loaded,nav,49.040,0.0000
amr2,loaded,nav,49.061,0.0000
amr2,loaded,nav,49.081,0.0000
amr2,loaded,nav,49.102,0.0000
amr2,loaded,nav,49.122,0.0000
amr2,loaded,nav,49.140,0.0000
amr2,loaded,nav,49.161,0.0000
amr2,loaded,nav,49.181,0.0000
amr2,loaded,nav,49.200,0.0000
amr2,loaded,nav,49.220,0.0000
amr2,loaded,nav,49.241,0.0000
amr2,loaded,nav,49.260,0.0000
amr2,loaded,nav,49.280,0.0000
amr2,loaded,nav,49.301,0.0000
amr2,loaded,nav,49.323,0.0000
amr2,loaded,nav,49.341,0.0000
amr2,loaded,nav,49.360,0.0000
amr2,loaded,nav,49.382,0.0000
amr2,loaded,nav,49.400,0.0000
amr2,loaded,nav,49.421,0.0000
amr2,loaded,nav,49.440,0.0000
amr2,loaded,nav,49.463,0.0000
amr2,loaded,nav,49.480,0.0000
amr2,loaded,nav,49.500,0.0000
amr2,loaded,nav,49.521,0.0000
amr2,loaded,nav,49.540,0.0000
amr2,loaded,nav,49.561,0.0000
amr2,loaded,nav,49.581,0.0000
amr2,loaded,nav,49.601,0.0000
amr2,loaded,nav,49.620,0.0000
amr2,loaded,nav,49.644,0.0000
amr2,loaded,nav,49.661,0.0000
amr2,loaded,nav,49.680,0.0000
amr2,loaded,nav,49.701,0.0000
amr2,loaded,nav,49.721,0.0000
amr2,loaded,nav,49.740,0.0000
amr2,loaded,nav,49.761,0.0000
amr2,loaded,nav,49.781,0.0000
amr2,loaded,nav,49.801,0.0000
amr2,loaded,nav,49.823,0.0000
amr2,loaded,nav,49.841,0.0000
amr2,loaded,nav,49.860,0.0000
amr2,loaded,nav,49.880,0.0000
amr2,loaded,nav,49.905,0.0000
amr2,loaded,nav,49.922,0.0000
amr2,loaded,nav,49.940,0.0000
amr2,loaded,nav,49.960,0.0000
amr2,loaded,nav,49.982,0.0000
amr2,loaded,nav,50.001,0.0000
amr2,loaded,nav,50.021,0.0000
amr2,loaded,nav,50.040,0.0000
amr2,loaded,nav,50.062,0.0000
amr2,loaded,nav,50.080,0.0000
amr2,loaded,nav,50.100,0.0000
amr2,loaded,nav,50.123,0.0000
amr2,loaded,nav,50.141,0.0000
amr2,loaded,nav,50.162,0.0000
amr2,loaded,nav,50.181,0.0000
amr2,loaded,nav,50.201,0.0000
amr2,loaded,nav,50.222,0.0000
amr2,loaded,nav,50.241,0.0000
amr2,loaded,nav,50.260,0.0000
amr2,loaded,nav,50.281,0.0000
amr2,loaded,nav,50.302,0.0000
amr2,loaded,nav,50.321,0.0000
amr2,loaded,nav,50.340,0.0000
amr2,loaded,nav,50.360,0.0000
amr2,loaded,nav,50.383,0.0000
amr2,loaded,nav,50.404,0.0000
amr2,loaded,nav,50.420,0.0000
amr2,loaded,nav,50.440,0.0000
amr2,loaded,nav,50.460,0.0000
amr2,loaded,nav,50.480,0.0000
amr2,loaded,nav,50.503,0.0000
amr2,loaded,nav,50.520,0.0000
amr2,loaded,nav,50.541,0.0000
amr2,loaded,nav,50.560,0.0000
amr2,loaded,nav,50.580,0.0000
amr2,loaded,nav,50.601,0.0000
amr2,loaded,nav,50.622,0.0000
amr2,loaded,nav,50.641,0.0000
amr2,loaded,nav,50.661,0.0000
amr2,loaded,nav,50.683,0.0000
amr2,loaded,nav,50.705,0.0000
amr2,loaded,nav,50.720,0.0000
amr2,loaded,nav,50.740,0.0000
amr2,loaded,nav,50.760,0.0000
amr2,loaded,nav,50.780,0.0000
amr2,loaded,nav,50.802,0.0000
amr2,loaded,nav,50.822,0.0000
amr2,loaded,nav,50.841,0.0000
amr2,loaded,nav,50.862,0.0000
amr2,loaded,nav,50.881,0.0000
amr2,loaded,nav,50.902,0.0000
amr2,loaded,nav,50.922,0.0000
amr2,loaded,nav,50.940,0.0000
amr2,loaded,nav,50.963,0.0000
amr2,loaded,nav,50.981,0.0000
amr2,loaded,nav,51.001,0.0000
amr2,loaded,nav,51.020,0.0000
amr2,loaded,nav,51.040,0.0000
amr2,loaded,nav,51.062,0.0000
amr2,loaded,nav,51.080,0.0000
amr2,loaded,smoothed,39.124,0.0500
amr2,loaded,smoothed,39.153,0.1000
amr2,loaded,smoothed,39.182,0.1500
amr2,loaded,smoothed,39.206,0.2000
amr2,loaded,smoothed,39.236,0.2500
amr2,loaded,smoothed,39.272,0.3000
amr2,loaded,smoothed,39.300,0.3500
amr2,loaded,smoothed,39.330,0.4000
amr2,loaded,smoothed,39.362,0.4500
amr2,loaded,smoothed,39.388,0.5000
amr2,loaded,smoothed,39.413,0.5000
amr2,loaded,smoothed,39.448,0.5000
amr2,loaded,smoothed,39.478,0.5000
amr2,loaded,smoothed,39.509,0.5000
amr2,loaded,smoothed,39.536,0.5000
amr2,loaded,smoothed,39.565,0.5000
amr2,loaded,smoothed,39.596,0.5000
amr2,loaded,smoothed,39.622,0.5000
amr2,loaded,smoothed,39.651,0.5000
amr2,loaded,smoothed,39.681,0.5000
amr2,loaded,smoothed,39.708,0.5000
amr2,loaded,smoothed,39.735,0.5000
amr2,loaded,smoothed,39.763,0.5000
amr2,loaded,smoothed,39.791,0.5000
amr2,loaded,smoothed,39.819,0.5000
amr2,loaded,smoothed,39.848,0.5000
amr2,loaded,smoothed,39.874,0.5000
amr2,loaded,smoothed,39.906,0.5000
amr2,loaded,smoothed,39.937,0.5000
amr2,loaded,smoothed,39.964,0.5000
amr2,loaded,smoothed,39.992,0.5000
amr2,loaded,smoothed,40.021,0.5000
amr2,loaded,smoothed,40.048,0.5000
amr2,loaded,smoothed,40.077,0.5000
amr2,loaded,smoothed,40.107,0.5000
amr2,loaded,smoothed,40.134,0.5000
amr2,loaded,smoothed,40.171,0.5000
amr2,loaded,smoothed,40.198,0.5000
amr2,loaded,smoothed,40.227,0.5000
amr2,loaded,smoothed,40.254,0.5000
amr2,loaded,smoothed,40.280,0.5000
amr2,loaded,smoothed,40.310,0.5000
amr2,loaded,smoothed,40.337,0.5000
amr2,loaded,smoothed,40.367,0.5000
amr2,loaded,smoothed,40.398,0.5000
amr2,loaded,smoothed,40.423,0.5000
amr2,loaded,smoothed,40.458,0.5000
amr2,loaded,smoothed,40.489,0.5000
amr2,loaded,smoothed,40.518,0.5000
amr2,loaded,smoothed,40.548,0.5000
amr2,loaded,smoothed,40.578,0.5000
amr2,loaded,smoothed,40.610,0.5000
amr2,loaded,smoothed,40.641,0.5000
amr2,loaded,smoothed,40.670,0.5000
amr2,loaded,smoothed,40.695,0.5000
amr2,loaded,smoothed,40.722,0.5000
amr2,loaded,smoothed,40.751,0.5000
amr2,loaded,smoothed,40.786,0.5000
amr2,loaded,smoothed,40.818,0.5000
amr2,loaded,smoothed,40.849,0.5000
amr2,loaded,smoothed,40.878,0.5000
amr2,loaded,smoothed,40.907,0.5000
amr2,loaded,smoothed,40.938,0.5000
amr2,loaded,smoothed,40.970,0.5000
amr2,loaded,smoothed,41.001,0.5000
amr2,loaded,smoothed,41.031,0.5000
amr2,loaded,smoothed,41.065,0.5000
amr2,loaded,smoothed,41.099,0.5000
amr2,loaded,smoothed,41.132,0.5000
amr2,loaded,smoothed,41.162,0.5000
amr2,loaded,smoothed,41.195,0.5000
amr2,loaded,smoothed,41.226,0.5000
amr2,loaded,smoothed,41.258,0.5000
amr2,loaded,smoothed,41.288,0.5000
amr2,loaded,smoothed,41.311,0.5000
amr2,loaded,smoothed,41.343,0.5000
amr2,loaded,smoothed,41.370,0.5000
amr2,loaded,smoothed,41.398,0.5000
amr2,loaded,smoothed,41.427,0.5000
amr2,loaded,smoothed,41.451,0.5000
amr2,loaded,smoothed,41.483,0.5000
amr2,loaded,smoothed,41.506,0.5000
amr2,loaded,smoothed,41.537,0.5000
amr2,loaded,smoothed,41.568,0.5000
amr2,loaded,smoothed,41.600,0.5000
amr2,loaded,smoothed,41.630,0.5000
amr2,loaded,smoothed,41.660,0.5000
amr2,loaded,smoothed,41.688,0.5000
amr2,loaded,smoothed,41.721,0.5000
amr2,loaded,smoothed,41.749,0.5000
amr2,loaded,smoothed,41.782,0.5000
amr2,loaded,smoothed,41.811,0.5000
amr2,loaded,smoothed,41.838,0.5000
amr2,loaded,smoothed,41.871,0.5000
amr2,loaded,smoothed,41.899,0.5000
amr2,loaded,smoothed,41.930,0.5000
amr2,loaded,smoothed,41.959,0.5000
amr2,loaded,smoothed,41.979,0.5000
amr2,loaded,smoothed,42.009,0.5000
amr2,loaded,smoothed,42.031,0.5000
amr2,loaded,smoothed,42.054,0.5000
amr2,loaded,smoothed,42.083,0.5000
amr2,loaded,smoothed,42.108,0.5000
amr2,loaded,smoothed,42.137,0.5000
amr2,loaded,smoothed,42.167,0.5000
amr2,loaded,smoothed,42.196,0.5000
amr2,loaded,smoothed,42.225,0.5000
amr2,loaded,smoothed,42.257,0.5000
amr2,loaded,smoothed,42.288,0.5000
amr2,loaded,smoothed,42.321,0.5000
amr2,loaded,smoothed,42.353,0.5000
amr2,loaded,smoothed,42.382,0.5000
amr2,loaded,smoothed,42.413,0.5000
amr2,loaded,smoothed,42.445,0.5000
amr2,loaded,smoothed,42.476,0.5000
amr2,loaded,smoothed,42.509,0.5000
amr2,loaded,smoothed,42.542,0.5000
amr2,loaded,smoothed,42.575,0.5000
amr2,loaded,smoothed,42.609,0.5000
amr2,loaded,smoothed,42.641,0.5000
amr2,loaded,smoothed,42.675,0.5000
amr2,loaded,smoothed,42.703,0.5000
amr2,loaded,smoothed,42.734,0.5000
amr2,loaded,smoothed,42.768,0.5000
amr2,loaded,smoothed,42.800,0.5000
amr2,loaded,smoothed,42.826,0.5000
amr2,loaded,smoothed,42.857,0.5000
amr2,loaded,smoothed,42.893,0.5000
amr2,loaded,smoothed,42.926,0.5000
amr2,loaded,smoothed,42.962,0.5000
amr2,loaded,smoothed,42.991,0.5000
amr2,loaded,smoothed,43.021,0.5000
amr2,loaded,smoothed,43.055,0.5000
amr2,loaded,smoothed,43.086,0.5000
amr2,loaded,smoothed,43.119,0.5000
amr2,loaded,smoothed,43.151,0.5000
amr2,loaded,smoothed,43.180,0.5000
amr2,loaded,smoothed,43.213,0.5000
amr2,loaded,smoothed,43.245,0.5000
amr2,loaded,smoothed,43.277,0.5000
amr2,loaded,smoothed,43.310,0.5000
amr2,loaded,smoothed,43.345,0.5000
amr2,loaded,smoothed,43.380,0.5000
amr2,loaded,smoothed,43.411,0.5000
amr2,loaded,smoothed,43.439,0.5000
amr2,loaded,smoothed,43.469,0.5000
amr2,loaded,smoothed,43.500,0.5000
amr2,loaded,smoothed,43.534,0.5000
amr2,loaded,smoothed,43.566,0.5000
amr2,loaded,smoothed,43.597,0.5000
amr2,loaded,smoothed,43.631,0.5000
amr2,loaded,smoothed,43.668,0.5000
amr2,loaded,smoothed,43.700,0.5000
amr2,loaded,smoothed,43.734,0.5000
amr2,loaded,smoothed,43.765,0.5000
amr2,loaded,smoothed,43.795,0.5000
amr2,loaded,smoothed,43.825,0.5000
amr2,loaded,smoothed,43.855,0.5000
amr2,loaded,smoothed,43.893,0.5000
amr2,loaded,smoothed,43.925,0.5000
amr2,loaded,smoothed,43.962,0.5000
amr2,loaded,smoothed,43.996,0.5000
amr2,loaded,smoothed,44.027,0.5000
amr2,loaded,smoothed,44.055,0.5000
amr2,loaded,smoothed,44.085,0.5000
amr2,loaded,smoothed,44.115,0.5000
amr2,loaded,smoothed,44.143,0.5000
amr2,loaded,smoothed,44.176,0.5000
amr2,loaded,smoothed,44.203,0.5000
amr2,loaded,smoothed,44.234,0.5000
amr2,loaded,smoothed,44.262,0.5000
amr2,loaded,smoothed,44.292,0.5000
amr2,loaded,smoothed,44.323,0.5000
amr2,loaded,smoothed,44.352,0.5000
amr2,loaded,smoothed,44.381,0.5000
amr2,loaded,smoothed,44.407,0.5000
amr2,loaded,smoothed,44.438,0.5000
amr2,loaded,smoothed,44.469,0.5000
amr2,loaded,smoothed,44.498,0.5000
amr2,loaded,smoothed,44.515,0.5000
amr2,loaded,smoothed,44.536,0.5000
amr2,loaded,smoothed,44.562,0.5000
amr2,loaded,smoothed,44.585,0.5000
amr2,loaded,smoothed,44.614,0.5000
amr2,loaded,smoothed,44.640,0.5000
amr2,loaded,smoothed,44.667,0.5000
amr2,loaded,smoothed,44.698,0.5000
amr2,loaded,smoothed,44.728,0.5000
amr2,loaded,smoothed,44.757,0.5000
amr2,loaded,smoothed,44.788,0.5000
amr2,loaded,smoothed,44.817,0.5000
amr2,loaded,smoothed,44.844,0.5000
amr2,loaded,smoothed,44.875,0.5000
amr2,loaded,smoothed,44.906,0.5000
amr2,loaded,smoothed,44.938,0.5000
amr2,loaded,smoothed,44.970,0.5000
amr2,loaded,smoothed,45.003,0.5000
amr2,loaded,smoothed,45.035,0.5000
amr2,loaded,smoothed,45.068,0.5000
amr2,loaded,smoothed,45.098,0.5000
amr2,loaded,smoothed,45.128,0.5000
amr2,loaded,smoothed,45.164,0.5000
amr2,loaded,smoothed,45.197,0.5000
amr2,loaded,smoothed,45.227,0.5000
amr2,loaded,smoothed,45.260,0.5000
amr2,loaded,smoothed,45.294,0.5000
amr2,loaded,smoothed,45.328,0.5000
amr2,loaded,smoothed,45.363,0.5000
amr2,loaded,smoothed,45.397,0.5000
amr2,loaded,smoothed,45.429,0.5000
amr2,loaded,smoothed,45.462,0.5000
amr2,loaded,smoothed,45.496,0.5000
amr2,loaded,smoothed,45.530,0.5000
amr2,loaded,smoothed,45.564,0.5000
amr2,loaded,smoothed,45.597,0.5000
amr2,loaded,smoothed,45.624,0.5000
amr2,loaded,smoothed,45.658,0.5000
amr2,loaded,smoothed,45.690,0.5000
amr2,loaded,smoothed,45.720,0.5000
amr2,loaded,smoothed,45.759,0.5000
amr2,loaded,smoothed,45.793,0.5000
amr2,loaded,smoothed,45.825,0.5000
amr2,loaded,smoothed,45.858,0.5000
amr2,loaded,smoothed,45.891,0.5000
amr2,loaded,smoothed,45.927,0.5000
amr2,loaded,smoothed,45.961,0.5000
amr2,loaded,smoothed,45.995,0.5000
amr2,loaded,smoothed,46.030,0.5000
amr2,loaded,smoothed,46.065,0.5000
amr2,loaded,smoothed,46.100,0.5000
amr2,loaded,smoothed,46.133,0.4300
amr2,loaded,smoothed,46.164,0.3600
amr2,loaded,smoothed,46.199,0.2900
amr2,loaded,smoothed,46.230,0.2200
amr2,loaded,smoothed,46.263,0.1500
amr2,loaded,smoothed,46.297,0.0800
amr2,loaded,smoothed,46.326,0.0100
amr2,loaded,smoothed,46.355,0.0000
amr2,loaded,smoothed,46.379,0.0000
amr2,loaded,smoothed,46.408,0.0000
amr2,loaded,smoothed,46.433,0.0000
amr2,loaded,smoothed,46.458,0.0000
amr2,loaded,smoothed,46.487,0.0000
amr2,loaded,smoothed,46.518,0.0000
amr2,loaded,smoothed,46.550,0.0000
amr2,loaded,smoothed,46.575,0.0000
amr2,loaded,smoothed,46.601,0.0000
amr2,loaded,smoothed,46.628,0.0000
amr2,loaded,smoothed,46.655,0.0000
amr2,loaded,smoothed,46.682,0.0000
amr2,loaded,smoothed,46.712,0.0000
amr2,loaded,smoothed,46.738,0.0000
amr2,loaded,smoothed,46.766,0.0000
amr2,loaded,smoothed,46.794,0.0000
amr2,loaded,smoothed,46.823,0.0000
amr2,loaded,smoothed,46.849,0.0000
amr2,loaded,smoothed,46.881,0.0000
amr2,loaded,smoothed,46.912,0.0000
amr2,loaded,smoothed,46.945,0.0000
amr2,loaded,smoothed,46.981,0.0000
amr2,loaded,smoothed,47.011,0.0000
amr2,loaded,smoothed,47.039,0.0000
amr2,loaded,smoothed,47.068,0.0000
amr2,loaded,smoothed,47.098,0.0000
amr2,loaded,smoothed,47.124,0.0000
amr2,loaded,smoothed,47.154,0.0000
amr2,loaded,smoothed,47.185,0.0000
amr2,loaded,smoothed,47.221,0.0000
amr2,loaded,smoothed,47.252,0.0000
amr2,loaded,smoothed,47.281,0.0000
amr2,loaded,smoothed,47.309,0.0000
amr2,loaded,smoothed,47.336,0.0000
amr2,loaded,smoothed,47.368,0.0000
amr2,loaded,smoothed,47.402,0.0000
amr2,loaded,smoothed,47.436,0.0000
amr2,loaded,smoothed,47.463,0.0000
amr2,loaded,smoothed,47.493,0.0000
amr2,loaded,smoothed,47.523,0.0000
amr2,loaded,smoothed,47.554,0.0000
amr2,loaded,smoothed,47.584,0.0000
amr2,loaded,smoothed,47.615,0.0000
amr2,loaded,smoothed,47.647,0.0000
amr2,loaded,smoothed,47.680,0.0000
amr2,loaded,smoothed,47.713,0.0000
amr2,loaded,smoothed,47.746,0.0000
amr2,loaded,smoothed,47.782,0.0000
amr2,loaded,smoothed,47.802,0.0000
amr2,loaded,smoothed,47.826,0.0000
amr2,loaded,smoothed,47.858,0.0000
amr2,loaded,smoothed,47.891,0.0000
amr2,loaded,smoothed,47.925,0.0000
amr2,loaded,smoothed,47.957,0.0000
amr2,loaded,smoothed,47.987,0.0000
amr2,loaded,smoothed,48.011,0.0000
amr2,loaded,smoothed,48.041,0.0000
amr2,loaded,smoothed,48.069,0.0000
amr2,loaded,smoothed,48.093,0.0000
amr2,loaded,smoothed,48.117,0.0000
amr2,loaded,smoothed,48.146,0.0000
amr2,loaded,smoothed,48.174,0.0000
amr2,loaded,smoothed,48.200,0.0000
amr2,loaded,smoothed,48.229,0.0000
amr2,loaded,smoothed,48.253,0.0000
amr2,loaded,smoothed,48.283,0.0000
amr2,loaded,smoothed,48.307,0.0000
amr2,loaded,smoothed,48.335,0.0000
amr2,loaded,smoothed,48.362,0.0000
amr2,loaded,smoothed,48.389,0.0000
amr2,loaded,smoothed,48.417,0.0000
amr2,loaded,smoothed,48.446,0.0000
amr2,loaded,smoothed,48.478,0.0000
amr2,loaded,smoothed,48.509,0.0000
amr2,loaded,smoothed,48.539,0.0000
amr2,loaded,smoothed,48.572,0.0000
amr2,loaded,smoothed,48.596,0.0000
amr2,loaded,smoothed,48.623,0.0000
amr2,loaded,smoothed,48.646,0.0000
amr2,loaded,smoothed,48.672,0.0000
amr2,loaded,smoothed,48.700,0.0000
amr2,loaded,smoothed,48.729,0.0000
amr2,loaded,smoothed,48.760,0.0000
amr2,loaded,smoothed,48.789,0.0000
amr2,loaded,smoothed,48.823,0.0000
amr2,loaded,smoothed,48.852,0.0000
amr2,loaded,smoothed,48.883,0.0000
amr2,loaded,smoothed,48.901,0.0000
amr2,loaded,smoothed,48.918,0.0000
amr2,loaded,smoothed,48.951,0.0000
amr2,loaded,smoothed,48.981,0.0000
amr2,loaded,smoothed,49.009,0.0000
amr2,loaded,smoothed,49.034,0.0000
amr2,loaded,smoothed,49.058,0.0000
amr2,loaded,smoothed,49.086,0.0000
amr2,loaded,smoothed,49.111,0.0000
amr2,loaded,smoothed,49.137,0.0000
amr2,loaded,smoothed,49.170,0.0000
amr2,loaded,smoothed,49.199,0.0000
amr2,loaded,smoothed,49.227,0.0000
amr2,loaded,smoothed,49.253,0.0000
amr2,loaded,smoothed,49.282,0.0000
amr2,loaded,smoothed,49.316,0.0000
amr2,loaded,smoothed,49.351,0.0000
amr2,loaded,smoothed,49.383,0.0000
amr2,loaded,smoothed,49.411,0.0000
amr2,loaded,smoothed,49.438,0.0000
amr2,loaded,smoothed,49.466,0.0000
amr2,loaded,smoothed,49.490,0.0000
amr2,loaded,smoothed,49.519,0.0000
amr2,loaded,smoothed,49.546,0.0000
amr2,loaded,smoothed,49.574,0.0000
amr2,loaded,smoothed,49.606,0.0000
amr2,loaded,smoothed,49.637,0.0000
amr2,loaded,smoothed,49.669,0.0000
amr2,loaded,smoothed,49.686,0.0000
amr2,loaded,smoothed,49.716,0.0000
amr2,loaded,smoothed,49.745,0.0000
amr2,loaded,smoothed,49.771,0.0000
amr2,loaded,smoothed,49.797,0.0000
amr2,loaded,smoothed,49.826,0.0000
amr2,loaded,smoothed,49.852,0.0000
amr2,loaded,smoothed,49.880,0.0000
amr2,loaded,smoothed,49.905,0.0000
amr2,loaded,smoothed,49.931,0.0000
amr2,loaded,smoothed,49.958,0.0000
amr2,loaded,smoothed,49.985,0.0000
amr2,loaded,smoothed,50.016,0.0000
amr2,loaded,smoothed,50.040,0.0000
amr2,loaded,smoothed,50.068,0.0000
amr2,loaded,smoothed,50.096,0.0000
amr2,loaded,smoothed,50.127,0.0000
amr2,loaded,smoothed,50.157,0.0000
amr2,loaded,smoothed,50.181,0.0000
amr2,loaded,smoothed,50.222,0.0000
amr2,loaded,smoothed,50.253,0.0000
amr2,loaded,smoothed,50.284,0.0000
amr2,loaded,smoothed,50.317,0.0000
amr2,loaded,smoothed,50.345,0.0000
amr2,loaded,smoothed,50.373,0.0000
amr2,loaded,smoothed,50.406,0.0000
amr2,loaded,smoothed,50.432,0.0000
amr2,loaded,smoothed,50.460,0.0000
amr2,loaded,smoothed,50.489,0.0000
amr2,loaded,smoothed,50.525,0.0000
amr2,loaded,smoothed,50.561,0.0000
amr2,loaded,smoothed,50.593,0.0000
amr2,loaded,smoothed,50.622,0.0000
amr2,loaded,smoothed,50.657,0.0000
amr2,loaded,smoothed,50.677,0.0000
amr2,loaded,smoothed,50.705,0.0000
amr2,loaded,smoothed,50.735,0.0000
amr2,loaded,smoothed,50.763,0.0000
amr2,loaded,smoothed,50.788,0.0000
amr2,loaded,smoothed,50.814,0.0000
amr2,loaded,smoothed,50.840,0.0000
amr2,loaded,smoothed,50.866,0.0000
amr2,loaded,smoothed,50.890,0.0000
amr2,loaded,smoothed,50.917,0.0000
amr2,loaded,smoothed,50.944,0.0000
amr2,loaded,smoothed,50.971,0.0000
amr2,loaded,smoothed,51.001,0.0000
amr2,loaded,smoothed,51.028,0.0000
amr2,loaded,smoothed,51.058,0.0000
amr2,loaded,smoothed,51.084,0.0000
amr2,loaded,shaped,39.100,0.0000
amr2,loaded,shaped,39.150,0.0049
amr2,loaded,shaped,39.201,0.0147
amr2,loaded,shaped,39.251,0.0293
amr2,loaded,shaped,39.303,0.0489
amr2,loaded,shaped,39.350,0.0734
amr2,loaded,shaped,39.401,0.1027
amr2,loaded,shaped,39.450,0.1370
amr2,loaded,shaped,39.500,0.1761
amr2,loaded,shaped,39.550,0.2152
amr2,loaded,shaped,39.600,0.2543
amr2,loaded,shaped,39.653,0.2935
amr2,loaded,shaped,39.701,0.3326
amr2,loaded,shaped,39.751,0.3707
amr2,loaded,shaped,39.800,0.4039
amr2,loaded,shaped,39.850,0.4322
amr2,loaded,shaped,39.902,0.4556
amr2,loaded,shaped,39.950,0.4742
amr2,loaded,shaped,40.001,0.4878
amr2,loaded,shaped,40.051,0.4966
amr2,loaded,shaped,40.101,0.5000
amr2,loaded,shaped,40.152,0.5000
amr2,loaded,shaped,40.201,0.5000
amr2,loaded,shaped,40.251,0.5000
amr2,loaded,shaped,40.302,0.5000
amr2,loaded,shaped,40.351,0.5000
amr2,loaded,shaped,40.401,0.5000
amr2,loaded,shaped,40.451,0.5000
amr2,loaded,shaped,40.501,0.5000
amr2,loaded,shaped,40.551,0.5000
amr2,loaded,shaped,40.600,0.5000
amr2,loaded,shaped,40.653,0.5000
amr2,loaded,shaped,40.700,0.5000
amr2,loaded,shaped,40.751,0.5000
amr2,loaded,shaped,40.801,0.5000
amr2,loaded,shaped,40.850,0.5000
amr2,loaded,shaped,40.900,0.5000
amr2,loaded,shaped,40.950,0.5000
amr2,loaded,shaped,41.000,0.5000
amr2,loaded,shaped,41.051,0.5000
amr2,loaded,shaped,41.100,0.5000
amr2,loaded,shaped,41.152,0.5000
amr2,loaded,shaped,41.202,0.5000
amr2,loaded,shaped,41.252,0.5000
amr2,loaded,shaped,41.301,0.5000
amr2,loaded,shaped,41.353,0.5000
amr2,loaded,shaped,41.401,0.5000
amr2,loaded,shaped,41.451,0.5000
amr2,loaded,shaped,41.501,0.5000
amr2,loaded,shaped,41.550,0.5000
amr2,loaded,shaped,41.600,0.5000
amr2,loaded,shaped,41.650,0.5000
amr2,loaded,shaped,41.700,0.5000
amr2,loaded,shaped,41.753,0.5000
amr2,loaded,shaped,41.802,0.5000
amr2,loaded,shaped,41.851,0.5000
amr2,loaded,shaped,41.900,0.5000
amr2,loaded,shaped,41.950,0.5000
amr2,loaded,shaped,42.002,0.5000
amr2,loaded,shaped,42.051,0.5000
amr2,loaded,shaped,42.100,0.5000
amr2,loaded,shaped,42.150,0.5000
amr2,loaded,shaped,42.202,0.5000
amr2,loaded,shaped,42.251,0.5000
amr2,loaded,shaped,42.301,0.5000
amr2,loaded,shaped,42.350,0.5000
amr2,loaded,shaped,42.400,0.5000
amr2,loaded,shaped,42.450,0.5000
amr2,loaded,shaped,42.501,0.5000
amr2,loaded,shaped,42.552,0.5000
amr2,loaded,shaped,42.600,0.5000
amr2,loaded,shaped,42.652,0.5000
amr2,loaded,shaped,42.700,0.5000
amr2,loaded,shaped,42.750,0.5000
amr2,loaded,shaped,42.801,0.5000
amr2,loaded,shaped,42.851,0.5000
amr2,loaded,shaped,42.901,0.5000
amr2,loaded,shaped,42.952,0.5000
amr2,loaded,shaped,43.000,0.5000
amr2,loaded,shaped,43.050,0.5000
amr2,loaded,shaped,43.100,0.5000
amr2,loaded,shaped,43.151,0.5000
amr2,loaded,shaped,43.200,0.5000
amr2,loaded,shaped,43.250,0.5000
amr2,loaded,shaped,43.300,0.5000
amr2,loaded,shaped,43.350,0.5000
amr2,loaded,shaped,43.401,0.5000
amr2,loaded,shaped,43.450,0.5000
amr2,loaded,shaped,43.501,0.5000
amr2,loaded,shaped,43.550,0.5000
amr2,loaded,shaped,43.601,0.5000
amr2,loaded,shaped,43.651,0.5000
amr2,loaded,shaped,43.700,0.5000
amr2,loaded,shaped,43.750,0.5000
amr2,loaded,shaped,43.800,0.5000
amr2,loaded,shaped,43.850,0.5000
amr2,loaded,shaped,43.900,0.5000
amr2,loaded,shaped,43.951,0.5000
amr2,loaded,shaped,44.000,0.5000
amr2,loaded,shaped,44.050,0.5000
amr2,loaded,shaped,44.100,0.5000
amr2,loaded,shaped,44.150,0.5000
amr2,loaded,shaped,44.200,0.5000
amr2,loaded,shaped,44.251,0.5000
amr2,loaded,shaped,44.300,0.5000
amr2,loaded,shaped,44.351,0.5000
amr2,loaded,shaped,44.401,0.5000
amr2,loaded,shaped,44.450,0.5000
amr2,loaded,shaped,44.502,0.5000
amr2,loaded,shaped,44.555,0.5000
amr2,loaded,shaped,44.601,0.5000
amr2,loaded,shaped,44.650,0.5000
amr2,loaded,shaped,44.701,0.5000
amr2,loaded,shaped,44.750,0.5000
amr2,loaded,shaped,44.800,0.5000
amr2,loaded,shaped,44.852,0.5000
amr2,loaded,shaped,44.900,0.5000
amr2,loaded,shaped,44.950,0.5000
amr2,loaded,shaped,45.000,0.5000
amr2,loaded,shaped,45.050,0.5000
amr2,loaded,shaped,45.100,0.5000
amr2,loaded,shaped,45.151,0.5000
amr2,loaded,shaped,45.200,0.5000
amr2,loaded,shaped,45.250,0.5000
amr2,loaded,shaped,45.301,0.5000
amr2,loaded,shaped,45.351,0.5000
amr2,loaded,shaped,45.400,0.5000
amr2,loaded,shaped,45.451,0.5000
amr2,loaded,shaped,45.502,0.5000
amr2,loaded,shaped,45.551,0.5000
amr2,loaded,shaped,45.602,0.5000
amr2,loaded,shaped,45.650,0.5000
amr2,loaded,shaped,45.700,0.5000
amr2,loaded,shaped,45.750,0.5000
amr2,loaded,shaped,45.803,0.5000
amr2,loaded,shaped,45.851,0.5000
amr2,loaded,shaped,45.900,0.5000
amr2,loaded,shaped,45.950,0.5000
amr2,loaded,shaped,46.001,0.5000
amr2,loaded,shaped,46.050,0.5000
amr2,loaded,shaped,46.100,0.5000
amr2,loaded,shaped,46.150,0.4951
amr2,loaded,shaped,46.200,0.4853
amr2,loaded,shaped,46.251,0.4707
amr2,loaded,shaped,46.301,0.4511
amr2,loaded,shaped,46.350,0.4266
amr2,loaded,shaped,46.401,0.3973
amr2,loaded,shaped,46.450,0.3630
amr2,loaded,shaped,46.500,0.3239
amr2,loaded,shaped,46.550,0.2799
amr2,loaded,shaped,46.603,0.2310
amr2,loaded,shaped,46.651,0.1858
amr2,loaded,shaped,46.700,0.1456
amr2,loaded,shaped,46.750,0.1102
amr2,loaded,shaped,46.801,0.0797
amr2,loaded,shaped,46.850,0.0541
amr2,loaded,shaped,46.900,0.0334
amr2,loaded,shaped,46.950,0.0176
amr2,loaded,shaped,47.002,0.0067
amr2,loaded,shaped,47.051,0.0007
amr2,loaded,shaped,47.100,0.0000
amr2,loaded,shaped,47.152,0.0000
amr2,loaded,shaped,47.200,0.0000
amr2,loaded,shaped,47.250,0.0000
amr2,loaded,shaped,47.300,0.0000
amr2,loaded,shaped,47.351,0.0000
amr2,loaded,shaped,47.401,0.0000
amr2,loaded,shaped,47.451,0.0000
amr2,loaded,shaped,47.500,0.0000
amr2,loaded,shaped,47.550,0.0000
amr2,loaded,shaped,47.601,0.0000
amr2,loaded,shaped,47.651,0.0000
amr2,loaded,shaped,47.700,0.0000
amr2,loaded,shaped,47.750,0.0000
amr2,loaded,shaped,47.801,0.0000
amr2,loaded,shaped,47.851,0.0000
amr2,loaded,shaped,47.900,0.0000
amr2,loaded,shaped,47.951,0.0000
amr2,loaded,shaped,48.001,0.0000
amr2,loaded,shaped,48.051,0.0000
amr2,loaded,shaped,48.100,0.0000
amr2,loaded,shaped,48.150,0.0000
amr2,loaded,shaped,48.200,0.0000
amr2,loaded,shaped,48.250,0.0000
amr2,loaded,shaped,48.300,0.0000
amr2,loaded,shaped,48.350,0.0000
amr2,loaded,shaped,48.401,0.0000
amr2,loaded,shaped,48.452,0.0000
amr2,loaded,shaped,48.500,0.0000
amr2,loaded,shaped,48.550,0.0000
amr2,loaded,shaped,48.600,0.0000
amr2,loaded,shaped,48.650,0.0000
amr2,loaded,shaped,48.700,0.0000
amr2,loaded,shaped,48.751,0.0000
amr2,loaded,shaped,48.800,0.0000
amr2,loaded,shaped,48.850,0.0000
amr2,loaded,shaped,48.901,0.0000
amr2,loaded,shaped,48.951,0.0000
amr2,loaded,shaped,49.000,0.0000
amr2,loaded,shaped,49.050,0.0000
amr2,loaded,shaped,49.100,0.0000
amr2,loaded,shaped,49.151,0.0000
amr2,loaded,shaped,49.200,0.0000
amr2,loaded,shaped,49.251,0.0000
amr2,loaded,shaped,49.301,0.0000
amr2,loaded,shaped,49.350,0.0000
amr2,loaded,shaped,49.401,0.0000
amr2,loaded,shaped,49.451,0.0000
amr2,loaded,shaped,49.501,0.0000
amr2,loaded,shaped,49.550,0.0000
amr2,loaded,shaped,49.600,0.0000
amr2,loaded,shaped,49.651,0.0000
amr2,loaded,shaped,49.700,0.0000
amr2,loaded,shaped,49.751,0.0000
amr2,loaded,shaped,49.801,0.0000
amr2,loaded,shaped,49.850,0.0000
amr2,loaded,shaped,49.901,0.0000
amr2,loaded,shaped,49.950,0.0000
amr2,loaded,shaped,50.000,0.0000
amr2,loaded,shaped,50.050,0.0000
amr2,loaded,shaped,50.102,0.0000
amr2,loaded,shaped,50.151,0.0000
amr2,loaded,shaped,50.200,0.0000
amr2,loaded,shaped,50.250,0.0000
amr2,loaded,shaped,50.302,0.0000
amr2,loaded,shaped,50.351,0.0000
amr2,loaded,shaped,50.404,0.0000
amr2,loaded,shaped,50.451,0.0000
amr2,loaded,shaped,50.503,0.0000
amr2,loaded,shaped,50.552,0.0000
amr2,loaded,shaped,50.600,0.0000
amr2,loaded,shaped,50.652,0.0000
amr2,loaded,shaped,50.702,0.0000
amr2,loaded,shaped,50.750,0.0000
amr2,loaded,shaped,50.800,0.0000
amr2,loaded,shaped,50.850,0.0000
amr2,loaded,shaped,50.902,0.0000
amr2,loaded,shaped,50.950,0.0000
amr2,loaded,shaped,51.000,0.0000
amr2,loaded,shaped,51.051,0.0000
amr2,loaded,odom,39.116,0.0000
amr2,loaded,odom,39.135,0.0000
amr2,loaded,odom,39.156,0.0000
amr2,loaded,odom,39.175,0.0000
amr2,loaded,odom,39.196,0.0000
amr2,loaded,odom,39.215,0.0048
amr2,loaded,odom,39.236,0.0049
amr2,loaded,odom,39.255,0.0049
amr2,loaded,odom,39.275,0.0204
amr2,loaded,odom,39.296,0.0293
amr2,loaded,odom,39.315,0.0293
amr2,loaded,odom,39.335,0.0293
amr2,loaded,odom,39.356,0.0294
amr2,loaded,odom,39.376,0.0457
amr2,loaded,odom,39.397,0.0489
amr2,loaded,odom,39.416,0.0574
amr2,loaded,odom,39.435,0.0733
amr2,loaded,odom,39.456,0.0744
amr2,loaded,odom,39.476,0.0929
amr2,loaded,odom,39.496,0.1027
amr2,loaded,odom,39.515,0.1112
amr2,loaded,odom,39.535,0.1312
amr2,loaded,odom,39.556,0.1371
amr2,loaded,odom,39.576,0.1535
amr2,loaded,odom,39.596,0.1732
amr2,loaded,odom,39.616,0.1846
amr2,loaded,odom,39.636,0.2046
amr2,loaded,odom,39.656,0.2158
amr2,loaded,odom,39.675,0.2337
amr2,loaded,odom,39.696,0.2528
amr2,loaded,odom,39.715,0.2628
amr2,loaded,odom,39.736,0.2828
amr2,loaded,odom,39.754,0.2945
amr2,loaded,odom,39.776,0.3130
amr2,loaded,odom,39.795,0.3315
amr2,loaded,odom,39.815,0.3391
amr2,loaded,odom,39.835,0.3591
amr2,loaded,odom,39.856,0.3713
amr2,loaded,odom,39.876,0.3892
amr2,loaded,odom,39.896,0.4039
amr2,loaded,odom,39.916,0.4114
amr2,loaded,odom,39.936,0.4305
amr2,loaded,odom,39.955,0.4328
amr2,loaded,odom,39.976,0.4507
amr2,loaded,odom,39.996,0.4556
amr2,loaded,odom,40.016,0.4621
amr2,loaded,odom,40.036,0.4742
amr2,loaded,odom,40.055,0.4743
amr2,loaded,odom,40.076,0.4876
amr2,loaded,odom,40.096,0.4878
amr2,loaded,odom,40.116,0.4952
amr2,loaded,odom,40.135,0.4966
amr2,loaded,odom,40.156,0.4966
amr2,loaded,odom,40.175,0.5000
amr2,loaded,odom,40.197,0.5000
amr2,loaded,odom,40.215,0.5000
amr2,loaded,odom,40.235,0.5000
amr2,loaded,odom,40.256,0.5000
amr2,loaded,odom,40.275,0.5000
amr2,loaded,odom,40.296,0.5000
amr2,loaded,odom,40.316,0.5000
amr2,loaded,odom,40.336,0.5000
amr2,loaded,odom,40.356,0.5000
amr2,loaded,odom,40.376,0.5000
amr2,loaded,odom,40.395,0.5000
amr2,loaded,odom,40.416,0.5000
amr2,loaded,odom,40.434,0.5000
amr2,loaded,odom,40.455,0.5000
amr2,loaded,odom,40.475,0.5000
amr2,loaded,odom,40.497,0.5000
amr2,loaded,odom,40.516,0.5000
amr2,loaded,odom,40.536,0.5000
amr2,loaded,odom,40.556,0.5000
amr2,loaded,odom,40.575,0.5000
amr2,loaded,odom,40.596,0.5000
amr2,loaded,odom,40.617,0.5000
amr2,loaded,odom,40.635,0.5000
amr2,loaded,odom,40.654,0.5000
amr2,loaded,odom,40.675,0.5000
amr2,loaded,odom,40.695,0.5000
amr2,loaded,odom,40.715,0.5000
amr2,loaded,odom,40.736,0.5000
amr2,loaded,odom,40.756,0.5000
amr2,loaded,odom,40.775,0.5000
amr2,loaded,odom,40.795,0.5000
amr2,loaded,odom,40.815,0.5000
amr2,loaded,odom,40.836,0.5000
amr2,loaded,odom,40.857,0.5000
amr2,loaded,odom,40.875,0.5000
amr2,loaded,odom,40.896,0.5000
amr2,loaded,odom,40.916,0.5000
amr2,loaded,odom,40.935,0.5000
amr2,loaded,odom,40.955,0.5000
amr2,loaded,odom,40.975,0.5000
amr2,loaded,odom,40.995,0.5000
amr2,loaded,odom,41.016,0.5000
amr2,loaded,odom,41.035,0.5000
amr2,loaded,odom,41.055,0.5000
amr2,loaded,odom,41.076,0.5000
amr2,loaded,odom,41.096,0.5000
amr2,loaded,odom,41.117,0.5000
amr2,loaded,odom,41.136,0.5000
amr2,loaded,odom,41.155,0.5000
amr2,loaded,odom,41.175,0.5000
amr2,loaded,odom,41.195,0.5000
amr2,loaded,odom,41.216,0.5000
amr2,loaded,odom,41.235,0.5000
amr2,loaded,odom,41.256,0.5000
amr2,loaded,odom,41.276,0.5000
amr2,loaded,odom,41.295,0.5000
amr2,loaded,odom,41.316,0.5000
amr2,loaded,odom,41.336,0.5000
amr2,loaded,odom,41.356,0.5000
amr2,loaded,odom,41.376,0.5000
amr2,loaded,odom,41.395,0.5000
amr2,loaded,odom,41.415,0.5000
amr2,loaded,odom,41.436,0.5000
amr2,loaded,odom,41.457,0.5000
amr2,loaded,odom,41.476,0.5000
amr2,loaded,odom,41.496,0.5000
amr2,loaded,odom,41.516,0.5000
amr2,loaded,odom,41.536,0.5000
amr2,loaded,odom,41.555,0.5000
amr2,loaded,odom,41.575,0.5000
amr2,loaded,odom,41.596,0.5000
amr2,loaded,odom,41.616,0.5000
amr2,loaded,odom,41.635,0.5000
amr2,loaded,odom,41.656,0.5000
amr2,loaded,odom,41.676,0.5000
amr2,loaded,odom,41.696,0.5000
amr2,loaded,odom,41.716,0.5000
amr2,loaded,odom,41.735,0.5000
amr2,loaded,odom,41.755,0.5000
amr2,loaded,odom,41.776,0.5000
amr2,loaded,odom,41.795,0.5000
amr2,loaded,odom,41.816,0.5000
amr2,loaded,odom,41.835,0.5000
amr2,loaded,odom,41.855,0.5000
amr2,loaded,odom,41.875,0.5000
amr2,loaded,odom,41.896,0.5000
amr2,loaded,odom,41.916,0.5000
amr2,loaded,odom,41.937,0.5000
amr2,loaded,odom,41.957,0.5000
amr2,loaded,odom,41.976,0.5000
amr2,loaded,odom,41.998,0.5000
amr2,loaded,odom,42.015,0.5000
amr2,loaded,odom,42.035,0.5000
amr2,loaded,odom,42.056,0.5000
amr2,loaded,odom,42.075,0.5000
amr2,loaded,odom,42.096,0.5000
amr2,loaded,odom,42.116,0.5000
amr2,loaded,odom,42.136,0.5000
amr2,loaded,odom,42.156,0.5000
amr2,loaded,odom,42.176,0.5000
amr2,loaded,odom,42.196,0.5000
amr2,loaded,odom,42.216,0.5000
amr2,loaded,odom,42.236,0.5000
amr2,loaded,odom,42.256,0.5000
amr2,loaded,odom,42.275,0.5000
amr2,loaded,odom,42.296,0.5000
amr2,loaded,odom,42.316,0.5000
amr2,loaded,odom,42.335,0.5000
amr2,loaded,odom,42.356,0.5000
amr2,loaded,odom,42.375,0.5000
amr2,loaded,odom,42.395,0.5000
amr2,loaded,odom,42.415,0.5000
amr2,loaded,odom,42.436,0.5000
amr2,loaded,odom,42.456,0.5000
amr2,loaded,odom,42.476,0.5000
amr2,loaded,odom,42.495,0.5000
amr2,loaded,odom,42.515,0.5000
amr2,loaded,odom,42.536,0.5000
amr2,loaded,odom,42.556,0.5000
amr2,loaded,odom,42.576,0.5000
amr2,loaded,odom,42.595,0.5000
amr2,loaded,odom,42.615,0.5000
amr2,loaded,odom,42.636,0.5000
amr2,loaded,odom,42.656,0.5000
amr2,loaded,odom,42.676,0.5000
amr2,loaded,odom,42.696,0.5000
amr2,loaded,odom,42.716,0.5000
amr2,loaded,odom,42.737,0.5000
amr2,loaded,odom,42.756,0.5000
amr2,loaded,odom,42.776,0.5000
amr2,loaded,odom,42.796,0.5000
amr2,loaded,odom,42.815,0.5000
amr2,loaded,odom,42.835,0.5000
amr2,loaded,odom,42.856,0.5000
amr2,loaded,odom,42.876,0.5000
amr2,loaded,odom,42.895,0.5000
amr2,loaded,odom,42.916,0.5000
amr2,loaded,odom,42.936,0.5000
amr2,loaded,odom,42.955,0.5000
amr2,loaded,odom,42.976,0.5000
amr2,loaded,odom,42.996,0.5000
amr2,loaded,odom,43.015,0.5000
amr2,loaded,odom,43.034,0.5000
amr2,loaded,odom,43.055,0.5000
amr2,loaded,odom,43.075,0.5000
amr2,loaded,odom,43.095,0.5000
amr2,loaded,odom,43.116,0.5000
amr2,loaded,odom,43.136,0.5000
amr2,loaded,odom,43.156,0.5000
amr2,loaded,odom,43.175,0.5000
amr2,loaded,odom,43.195,0.5000
amr2,loaded,odom,43.216,0.5000
amr2,loaded,odom,43.235,0.5000
amr2,loaded,odom,43.255,0.5000
amr2,loaded,odom,43.276,0.5000
amr2,loaded,odom,43.295,0.5000
amr2,loaded,odom,43.316,0.5000
amr2,loaded,odom,43.335,0.5000
amr2,loaded,odom,43.355,0.5000
amr2,loaded,odom,43.375,0.5000
amr2,loaded,odom,43.395,0.5000
amr2,loaded,odom,43.416,0.5000
amr2,loaded,odom,43.436,0.5000
amr2,loaded,odom,43.455,0.5000
amr2,loaded,odom,43.476,0.5000
amr2,loaded,odom,43.496,0.5000
amr2,loaded,odom,43.515,0.5000
amr2,loaded,odom,43.535,0.5000
amr2,loaded,odom,43.556,0.5000
amr2,loaded,odom,43.576,0.5000
amr2,loaded,odom,43.595,0.5000
amr2,loaded,odom,43.616,0.5000
amr2,loaded,odom,43.635,0.5000
amr2,loaded,odom,43.656,0.5000
amr2,loaded,odom,43.676,0.5000
amr2,loaded,odom,43.697,0.5000
amr2,loaded,odom,43.716,0.5000
amr2,loaded,odom,43.736,0.5000
amr2,loaded,odom,43.755,0.5000
amr2,loaded,odom,43.776,0.5000
amr2,loaded,odom,43.796,0.5000
amr2,loaded,odom,43.815,0.5000
amr2,loaded,odom,43.836,0.5000
amr2,loaded,odom,43.855,0.5000
amr2,loaded,odom,43.877,0.5000
amr2,loaded,odom,43.895,0.5000
amr2,loaded,odom,43.915,0.5000
amr2,loaded,odom,43.935,0.5000
amr2,loaded,odom,43.956,0.5000
amr2,loaded,odom,43.976,0.5000
amr2,loaded,odom,43.996,0.5000
amr2,loaded,odom,44.015,0.5000
amr2,loaded,odom,44.036,0.5000
amr2,loaded,odom,44.055,0.5000
amr2,loaded,odom,44.076,0.5000
amr2,loaded,odom,44.095,0.5000
amr2,loaded,odom,44.115,0.5000
amr2,loaded,odom,44.136,0.5000
amr2,loaded,odom,44.155,0.5000
amr2,loaded,odom,44.175,0.5000
amr2,loaded,odom,44.195,0.5000
amr2,loaded,odom,44.216,0.5000
amr2,loaded,odom,44.235,0.5000
amr2,loaded,odom,44.256,0.5000
amr2,loaded,odom,44.276,0.5000
amr2,loaded,odom,44.295,0.5000
amr2,loaded,odom,44.315,0.5000
amr2,loaded,odom,44.335,0.5000
amr2,loaded,odom,44.355,0.5000
amr2,loaded,odom,44.376,0.5000
amr2,loaded,odom,44.396,0.5000
amr2,loaded,odom,44.416,0.5000
amr2,loaded,odom,44.435,0.5000
amr2,loaded,odom,44.456,0.5000
amr2,loaded,odom,44.476,0.5000
amr2,loaded,odom,44.495,0.5000
amr2,loaded,odom,44.516,0.5000
amr2,loaded,odom,44.536,0.5000
amr2,loaded,odom,44.555,0.5000
amr2,loaded,odom,44.575,0.5000
amr2,loaded,odom,44.595,0.5000
amr2,loaded,odom,44.616,0.5000
amr2,loaded,odom,44.636,0.5000
amr2,loaded,odom,44.655,0.5000
amr2,loaded,odom,44.675,0.5000
amr2,loaded,odom,44.697,0.5000
amr2,loaded,odom,44.715,0.5000
amr2,loaded,odom,44.735,0.5000
amr2,loaded,odom,44.755,0.5000
amr2,loaded,odom,44.776,0.5000
amr2,loaded,odom,44.796,0.5000
amr2,loaded,odom,44.815,0.5000
amr2,loaded,odom,44.836,0.5000
amr2,loaded,odom,44.856,0.5000
amr2,loaded,odom,44.875,0.5000
amr2,loaded,odom,44.895,0.5000
amr2,loaded,odom,44.916,0.5000
amr2,loaded,odom,44.935,0.5000
amr2,loaded,odom,44.956,0.5000
amr2,loaded,odom,44.976,0.5000
amr2,loaded,odom,44.996,0.5000
amr2,loaded,odom,45.015,0.5000
amr2,loaded,odom,45.037,0.5000
amr2,loaded,odom,45.056,0.5000
amr2,loaded,odom,45.076,0.5000
amr2,loaded,odom,45.095,0.5000
amr2,loaded,odom,45.116,0.5000
amr2,loaded,odom,45.135,0.5000
amr2,loaded,odom,45.158,0.5000
amr2,loaded,odom,45.175,0.5000
amr2,loaded,odom,45.196,0.5000
amr2,loaded,odom,45.216,0.5000
amr2,loaded,odom,45.235,0.5000
amr2,loaded,odom,45.255,0.5000
amr2,loaded,odom,45.275,0.5000
amr2,loaded,odom,45.295,0.5000
amr2,loaded,odom,45.315,0.5000
amr2,loaded,odom,45.335,0.5000
amr2,loaded,odom,45.356,0.5000
amr2,loaded,odom,45.375,0.5000
amr2,loaded,odom,45.396,0.5000
amr2,loaded,odom,45.416,0.5000
amr2,loaded,odom,45.435,0.5000
amr2,loaded,odom,45.455,0.5000
amr2,loaded,odom,45.476,0.5000
amr2,loaded,odom,45.496,0.5000
amr2,loaded,odom,45.516,0.5000
amr2,loaded,odom,45.536,0.5000
amr2,loaded,odom,45.556,0.5000
amr2,loaded,odom,45.577,0.5000
amr2,loaded,odom,45.595,0.5000
amr2,loaded,odom,45.615,0.5000
amr2,loaded,odom,45.635,0.5000
amr2,loaded,odom,45.655,0.5000
amr2,loaded,odom,45.676,0.5000
amr2,loaded,odom,45.694,0.5000
amr2,loaded,odom,45.715,0.5000
amr2,loaded,odom,45.736,0.5000
amr2,loaded,odom,45.755,0.5000
amr2,loaded,odom,45.776,0.5000
amr2,loaded,odom,45.797,0.5000
amr2,loaded,odom,45.815,0.5000
amr2,loaded,odom,45.836,0.5000
amr2,loaded,odom,45.855,0.5000
amr2,loaded,odom,45.876,0.5000
amr2,loaded,odom,45.895,0.5000
amr2,loaded,odom,45.916,0.5000
amr2,loaded,odom,45.935,0.5000
amr2,loaded,odom,45.956,0.5000
amr2,loaded,odom,45.976,0.5000
amr2,loaded,odom,45.995,0.5000
amr2,loaded,odom,46.015,0.5000
amr2,loaded,odom,46.036,0.5000
amr2,loaded,odom,46.055,0.5000
amr2,loaded,odom,46.076,0.5000
amr2,loaded,odom,46.095,0.5000
amr2,loaded,odom,46.115,0.5000
amr2,loaded,odom,46.136,0.5000
amr2,loaded,odom,46.155,0.5000
amr2,loaded,odom,46.176,0.5000
amr2,loaded,odom,46.195,0.5000
amr2,loaded,odom,46.216,0.4878
amr2,loaded,odom,46.236,0.4853
amr2,loaded,odom,46.256,0.4853
amr2,loaded,odom,46.275,0.4853
amr2,loaded,odom,46.295,0.4853
amr2,loaded,odom,46.316,0.4732
amr2,loaded,odom,46.335,0.4707
amr2,loaded,odom,46.355,0.4702
amr2,loaded,odom,46.376,0.4512
amr2,loaded,odom,46.396,0.4511
amr2,loaded,odom,46.416,0.4392
amr2,loaded,odom,46.437,0.4266
amr2,loaded,odom,46.456,0.4252
amr2,loaded,odom,46.476,0.4002
amr2,loaded,odom,46.495,0.3973
amr2,loaded,odom,46.516,0.3854
amr2,loaded,odom,46.536,0.3631
amr2,loaded,odom,46.555,0.3616
amr2,loaded,odom,46.576,0.3357
amr2,loaded,odom,46.596,0.3239
amr2,loaded,odom,46.618,0.3148
amr2,loaded,odom,46.635,0.2868
amr2,loaded,odom,46.656,0.2798
amr2,loaded,odom,46.676,0.2568
amr2,loaded,odom,46.696,0.2288
amr2,loaded,odom,46.715,0.2008
amr2,loaded,odom,46.737,0.1858
amr2,loaded,odom,46.756,0.1844
amr2,loaded,odom,46.776,0.1585
amr2,loaded,odom,46.795,0.1456
amr2,loaded,odom,46.816,0.1365
amr2,loaded,odom,46.835,0.1112
amr2,loaded,odom,46.855,0.1088
amr2,loaded,odom,46.876,0.0834
amr2,loaded,odom,46.896,0.0797
amr2,loaded,odom,46.916,0.0678
amr2,loaded,odom,46.935,0.0541
amr2,loaded,odom,46.955,0.0537
amr2,loaded,odom,46.975,0.0338
amr2,loaded,odom,46.995,0.0334
amr2,loaded,odom,47.016,0.0230
amr2,loaded,odom,47.036,0.0176
amr2,loaded,odom,47.055,0.0172
amr2,loaded,odom,47.075,0.0067
amr2,loaded,odom,47.096,0.0067
amr2,loaded,odom,47.116,0.0007
amr2,loaded,odom,47.137,0.0007
amr2,loaded,odom,47.154,0.0005
amr2,loaded,odom,47.175,0.0000
amr2,loaded,odom,47.195,0.0000
amr2,loaded,odom,47.216,0.0000
amr2,loaded,odom,47.235,0.0000
amr2,loaded,odom,47.256,0.0000
amr2,loaded,odom,47.276,0.0000
amr2,loaded,odom,47.295,0.0000
amr2,loaded,odom,47.315,0.0000
amr2,loaded,odom,47.335,0.0000
amr2,loaded,odom,47.356,0.0000
amr2,loaded,odom,47.375,0.0000
amr2,loaded,odom,47.396,0.0000
amr2,loaded,odom,47.416,0.0000
amr2,loaded,odom,47.435,0.0000
amr2,loaded,odom,47.456,0.0000
amr2,loaded,odom,47.475,0.0000
amr2,loaded,odom,47.495,0.0000
amr2,loaded,odom,47.516,0.0000
amr2,loaded,odom,47.535,0.0000
amr2,loaded,odom,47.556,0.0000
amr2,loaded,odom,47.575,0.0000
amr2,loaded,odom,47.596,0.0000
amr2,loaded,odom,47.616,0.0000
amr2,loaded,odom,47.636,0.0000
amr2,loaded,odom,47.656,0.0000
amr2,loaded,odom,47.674,0.0000
amr2,loaded,odom,47.696,0.0000
amr2,loaded,odom,47.715,0.0000
amr2,loaded,odom,47.736,0.0000
amr2,loaded,odom,47.755,0.0000
amr2,loaded,odom,47.775,0.0000
amr2,loaded,odom,47.795,0.0000
amr2,loaded,odom,47.816,0.0000
amr2,loaded,odom,47.837,0.0000
amr2,loaded,odom,47.854,0.0000
amr2,loaded,odom,47.875,0.0000
amr2,loaded,odom,47.898,0.0000
amr2,loaded,odom,47.916,0.0000
amr2,loaded,odom,47.936,0.0000
amr2,loaded,odom,47.955,0.0000
amr2,loaded,odom,47.975,0.0000
amr2,loaded,odom,47.995,0.0000
amr2,loaded,odom,48.016,0.0000
amr2,loaded,odom,48.037,0.0000
amr2,loaded,odom,48.057,0.0000
amr2,loaded,odom,48.077,0.0000
amr2,loaded,odom,48.096,0.0000
amr2,loaded,odom,48.116,0.0000
amr2,loaded,odom,48.134,0.0000
amr2,loaded,odom,48.157,0.0000
amr2,loaded,odom,48.175,0.0000
amr2,loaded,odom,48.195,0.0000
amr2,loaded,odom,48.215,0.0000
amr2,loaded,odom,48.235,0.0000
amr2,loaded,odom,48.256,0.0000
amr2,loaded,odom,48.276,0.0000
amr2,loaded,odom,48.296,0.0000
amr2,loaded,odom,48.316,0.0000
amr2,loaded,odom,48.336,0.0000
amr2,loaded,odom,48.357,0.0000
amr2,loaded,odom,48.375,0.0000
amr2,loaded,odom,48.396,0.0000
amr2,loaded,odom,48.416,0.0000
amr2,loaded,odom,48.436,0.0000
amr2,loaded,odom,48.455,0.0000
amr2,loaded,odom,48.476,0.0000
amr2,loaded,odom,48.496,0.0000
amr2,loaded,odom,48.515,0.0000
amr2,loaded,odom,48.536,0.0000
amr2,loaded,odom,48.556,0.0000
amr2,loaded,odom,48.575,0.0000
amr2,loaded,odom,48.596,0.0000
amr2,loaded,odom,48.616,0.0000
amr2,loaded,odom,48.635,0.0000
amr2,loaded,odom,48.655,0.0000
amr2,loaded,odom,48.676,0.0000
amr2,loaded,odom,48.696,0.0000
amr2,loaded,odom,48.715,0.0000
amr2,loaded,odom,48.736,0.0000
amr2,loaded,odom,48.756,0.0000
amr2,loaded,odom,48.775,0.0000
amr2,loaded,odom,48.796,0.0000
amr2,loaded,odom,48.816,0.0000
amr2,loaded,odom,48.835,0.0000
amr2,loaded,odom,48.856,0.0000
amr2,loaded,odom,48.877,0.0000
amr2,loaded,odom,48.895,0.0000
amr2,loaded,odom,48.916,0.0000
amr2,loaded,odom,48.935,0.0000
amr2,loaded,odom,48.955,0.0000
amr2,loaded,odom,48.975,0.0000
amr2,loaded,odom,48.996,0.0000
amr2,loaded,odom,49.016,0.0000
amr2,loaded,odom,49.036,0.0000
amr2,loaded,odom,49.055,0.0000
amr2,loaded,odom,49.075,0.0000
amr2,loaded,odom,49.096,0.0000
amr2,loaded,odom,49.116,0.0000
amr2,loaded,odom,49.135,0.0000
amr2,loaded,odom,49.156,0.0000
amr2,loaded,odom,49.175,0.0000
amr2,loaded,odom,49.195,0.0000
amr2,loaded,odom,49.215,0.0000
amr2,loaded,odom,49.236,0.0000
amr2,loaded,odom,49.255,0.0000
amr2,loaded,odom,49.275,0.0000
amr2,loaded,odom,49.295,0.0000
amr2,loaded,odom,49.316,0.0000
amr2,loaded,odom,49.338,0.0000
amr2,loaded,odom,49.355,0.0000
amr2,loaded,odom,49.376,0.0000
amr2,loaded,odom,49.395,0.0000
amr2,loaded,odom,49.416,0.0000
amr2,loaded,odom,49.435,0.0000
amr2,loaded,odom,49.455,0.0000
amr2,loaded,odom,49.475,0.0000
amr2,loaded,odom,49.495,0.0000
amr2,loaded,odom,49.515,0.0000
amr2,loaded,odom,49.535,0.0000
amr2,loaded,odom,49.557,0.0000
amr2,loaded,odom,49.575,0.0000
amr2,loaded,odom,49.596,0.0000
amr2,loaded,odom,49.616,0.0000
amr2,loaded,odom,49.637,0.0000
amr2,loaded,odom,49.655,0.0000
amr2,loaded,odom,49.675,0.0000
amr2,loaded,odom,49.696,0.0000
amr2,loaded,odom,49.716,0.0000
amr2,loaded,odom,49.735,0.0000
amr2,loaded,odom,49.755,0.0000
amr2,loaded,odom,49.776,0.0000
amr2,loaded,odom,49.795,0.0000
amr2,loaded,odom,49.816,0.0000
amr2,loaded,odom,49.835,0.0000
amr2,loaded,odom,49.856,0.0000
amr2,loaded,odom,49.877,0.0000
amr2,loaded,odom,49.895,0.0000
amr2,loaded,odom,49.916,0.0000
amr2,loaded,odom,49.935,0.0000
amr2,loaded,odom,49.956,0.0000
amr2,loaded,odom,49.976,0.0000
amr2,loaded,odom,49.996,0.0000
amr2,loaded,odom,50.016,0.0000
amr2,loaded,odom,50.035,0.0000
amr2,loaded,odom,50.056,0.0000
amr2,loaded,odom,50.077,0.0000
amr2,loaded,odom,50.096,0.0000
amr2,loaded,odom,50.115,0.0000
amr2,loaded,odom,50.136,0.0000
amr2,loaded,odom,50.155,0.0000
amr2,loaded,odom,50.175,0.0000
amr2,loaded,odom,50.195,0.0000
amr2,loaded,odom,50.217,0.0000
amr2,loaded,odom,50.235,0.0000
amr2,loaded,odom,50.256,0.0000
amr2,loaded,odom,50.275,0.0000
amr2,loaded,odom,50.295,0.0000
amr2,loaded,odom,50.316,0.0000
amr2,loaded,odom,50.335,0.0000
amr2,loaded,odom,50.355,0.0000
amr2,loaded,odom,50.375,0.0000
amr2,loaded,odom,50.396,0.0000
amr2,loaded,odom,50.416,0.0000
amr2,loaded,odom,50.436,0.0000
amr2,loaded,odom,50.455,0.0000
amr2,loaded,odom,50.475,0.0000
amr2,loaded,odom,50.495,0.0000
amr2,loaded,odom,50.516,0.0000
amr2,loaded,odom,50.535,0.0000
amr2,loaded,odom,50.556,0.0000
amr2,loaded,odom,50.576,0.0000
amr2,loaded,odom,50.595,0.0000
amr2,loaded,odom,50.616,0.0000
amr2,loaded,odom,50.636,0.0000
amr2,loaded,odom,50.657,0.0000
amr2,loaded,odom,50.677,0.0000
amr2,loaded,odom,50.696,0.0000
amr2,loaded,odom,50.717,0.0000
amr2,loaded,odom,50.735,0.0000
amr2,loaded,odom,50.759,0.0000
amr2,loaded,odom,50.775,0.0000
amr2,loaded,odom,50.798,0.0000
amr2,loaded,odom,50.817,0.0000
amr2,loaded,odom,50.835,0.0000
amr2,loaded,odom,50.855,0.0000
amr2,loaded,odom,50.876,0.0000
amr2,loaded,odom,50.896,0.0000
amr2,loaded,odom,50.917,0.0000
amr2,loaded,odom,50.935,0.0000
amr2,loaded,odom,50.957,0.0000
amr2,loaded,odom,50.976,0.0000
amr2,loaded,odom,50.997,0.0000
amr2,loaded,odom,51.015,0.0000
amr2,loaded,odom,51.037,0.0000
amr2,loaded,odom,51.058,0.0000
amr2,loaded,odom,51.075,0.0000
amr2,loaded,odom,51.096,0.0000
